-- MySQL dump 10.13  Distrib 8.0.19, for Linux (x86_64)
--
-- Host: localhost    Database: movie_db
-- ------------------------------------------------------
-- Server version	8.0.19

/*!40101 SET @OLD_CHARACTER_SET_CLIENT=@@CHARACTER_SET_CLIENT */;
/*!40101 SET @OLD_CHARACTER_SET_RESULTS=@@CHARACTER_SET_RESULTS */;
/*!40101 SET @OLD_COLLATION_CONNECTION=@@COLLATION_CONNECTION */;
/*!50503 SET NAMES utf8mb4 */;
/*!40103 SET @OLD_TIME_ZONE=@@TIME_ZONE */;
/*!40103 SET TIME_ZONE='+00:00' */;
/*!40014 SET @OLD_UNIQUE_CHECKS=@@UNIQUE_CHECKS, UNIQUE_CHECKS=0 */;
/*!40014 SET @OLD_FOREIGN_KEY_CHECKS=@@FOREIGN_KEY_CHECKS, FOREIGN_KEY_CHECKS=0 */;
/*!40101 SET @OLD_SQL_MODE=@@SQL_MODE, SQL_MODE='NO_AUTO_VALUE_ON_ZERO' */;
/*!40111 SET @OLD_SQL_NOTES=@@SQL_NOTES, SQL_NOTES=0 */;

--
-- Temporary view structure for view `announcements`
--

DROP TABLE IF EXISTS `announcements`;
/*!50001 DROP VIEW IF EXISTS `announcements`*/;
SET @saved_cs_client     = @@character_set_client;
/*!50503 SET character_set_client = utf8mb4 */;
/*!50001 CREATE VIEW `announcements` AS SELECT 
 1 AS `release_russia`,
 1 AS `id`,
 1 AS `rus_title`,
 1 AS `title`,
 1 AS `Director`,
 1 AS `story`*/;
SET character_set_client = @saved_cs_client;

--
-- Table structure for table `box_office`
--

DROP TABLE IF EXISTS `box_office`;
/*!40101 SET @saved_cs_client     = @@character_set_client */;
/*!50503 SET character_set_client = utf8mb4 */;
CREATE TABLE `box_office` (
  `movie_id` int unsigned NOT NULL,
  `date` date NOT NULL,
  `proceeds` int unsigned NOT NULL,
  PRIMARY KEY (`movie_id`,`date`),
  KEY `box_office_movie_id_date_idx` (`movie_id`,`date`),
  KEY `box_office_date_idx` (`date`),
  CONSTRAINT `box_office_movie_id_fk` FOREIGN KEY (`movie_id`) REFERENCES `movies` (`id`) ON DELETE RESTRICT
) ENGINE=InnoDB DEFAULT CHARSET=utf8 COLLATE=utf8_unicode_ci;
/*!40101 SET character_set_client = @saved_cs_client */;

--
-- Dumping data for table `box_office`
--

LOCK TABLES `box_office` WRITE;
/*!40000 ALTER TABLE `box_office` DISABLE KEYS */;
INSERT INTO `box_office` VALUES (1,'2020-01-27',1079105),(1,'2020-01-28',308544),(1,'2020-01-29',455472),(1,'2020-01-30',500185),(1,'2020-01-31',700907),(1,'2020-02-01',1799609),(1,'2020-02-02',1391921),(1,'2020-02-03',1490612),(1,'2020-02-04',794941),(1,'2020-02-05',239636),(2,'2019-12-18',1665242),(2,'2019-12-19',1075575),(2,'2019-12-20',2109005),(2,'2019-12-21',1152156),(2,'2019-12-22',1514520),(2,'2019-12-23',1807943),(2,'2019-12-24',874556),(2,'2019-12-25',1814670),(2,'2019-12-26',1744305),(2,'2019-12-27',201087),(3,'2019-11-28',1857643),(3,'2019-11-29',1458532),(3,'2019-11-30',1940481),(3,'2019-12-01',678159),(3,'2019-12-02',681678),(3,'2019-12-03',1598430),(3,'2019-12-04',1282172),(3,'2019-12-05',2124882),(3,'2019-12-06',1142503),(3,'2019-12-07',1342657),(4,'2020-02-06',1381128),(4,'2020-02-07',1907187),(4,'2020-02-08',353769),(4,'2020-02-09',922379),(4,'2020-02-10',1956803),(4,'2020-02-11',1341060),(4,'2020-02-12',540338),(4,'2020-02-13',1464959),(4,'2020-02-14',507503),(4,'2020-02-15',1662002),(5,'2020-01-27',1507473),(5,'2020-01-28',986510),(5,'2020-01-29',1373538),(5,'2020-01-30',1291863),(5,'2020-01-31',1182666),(5,'2020-02-01',1494271),(5,'2020-02-02',1679117),(5,'2020-02-03',1845229),(5,'2020-02-04',1774829),(5,'2020-02-05',368398),(6,'2019-12-18',1407438),(6,'2019-12-19',1783354),(6,'2019-12-20',895468),(6,'2019-12-21',699209),(6,'2019-12-22',635210),(6,'2019-12-23',402410),(6,'2019-12-24',1850530),(6,'2019-12-25',427198),(6,'2019-12-26',801720),(6,'2019-12-27',2085608),(7,'2019-12-08',1709940),(7,'2019-12-09',608318),(7,'2019-12-10',2002356),(7,'2019-12-11',1743795),(7,'2019-12-12',1541353),(7,'2019-12-13',738781),(7,'2019-12-14',727865),(7,'2019-12-15',606139),(7,'2019-12-16',1969901),(7,'2019-12-17',890862),(8,'2019-12-08',1675426),(8,'2019-12-09',972077),(8,'2019-12-10',1165079),(8,'2019-12-11',1252089),(8,'2019-12-12',1938298),(8,'2019-12-13',1334975),(8,'2019-12-14',417633),(8,'2019-12-15',1782321),(8,'2019-12-16',946122),(8,'2019-12-17',1354040),(9,'2020-01-07',1457047),(9,'2020-01-08',2156434),(9,'2020-01-09',2106508),(9,'2020-01-10',2151771),(9,'2020-01-11',1832224),(9,'2020-01-12',671912),(9,'2020-01-13',694188),(9,'2020-01-14',2046317),(9,'2020-01-15',1103611),(9,'2020-01-16',751669),(10,'2020-01-07',2019649),(10,'2020-01-08',1594627),(10,'2020-01-09',1081542),(10,'2020-01-10',766303),(10,'2020-01-11',475580),(10,'2020-01-12',745865),(10,'2020-01-13',1941387),(10,'2020-01-14',1981900),(10,'2020-01-15',1473419),(10,'2020-01-16',2067273),(11,'2019-12-08',1019108),(11,'2019-12-09',1323425),(11,'2019-12-10',1925362),(11,'2019-12-11',316545),(11,'2019-12-12',762711),(11,'2019-12-13',1691870),(11,'2019-12-14',1488980),(11,'2019-12-15',2186427),(11,'2019-12-16',1483731),(11,'2019-12-17',811142),(12,'2019-12-08',1558085),(12,'2019-12-09',1348016),(12,'2019-12-10',1502388),(12,'2019-12-11',2195604),(12,'2019-12-12',367107),(12,'2019-12-13',2089144),(12,'2019-12-14',1840306),(12,'2019-12-15',207238),(12,'2019-12-16',1496584),(12,'2019-12-17',1735442),(13,'2019-12-28',1497466),(13,'2019-12-29',442462),(13,'2019-12-30',2046238),(13,'2019-12-31',609181),(13,'2020-01-01',883510),(13,'2020-01-02',219471),(13,'2020-01-03',1878686),(13,'2020-01-04',496951),(13,'2020-01-05',1562787),(13,'2020-01-06',809258),(14,'2019-12-08',2078852),(14,'2019-12-09',1416011),(14,'2019-12-10',446662),(14,'2019-12-11',358554),(14,'2019-12-12',370645),(14,'2019-12-13',1786172),(14,'2019-12-14',883178),(14,'2019-12-15',286709),(14,'2019-12-16',1485019),(14,'2019-12-17',1303843),(15,'2020-02-16',2063308),(15,'2020-02-17',1289516),(15,'2020-02-18',1025012),(15,'2020-02-19',1353271),(15,'2020-02-20',1023498),(15,'2020-02-21',788425),(15,'2020-02-22',1314004),(15,'2020-02-23',290760),(15,'2020-02-24',1300266),(15,'2020-02-25',803025),(16,'2020-02-06',1148127),(16,'2020-02-07',2000276),(16,'2020-02-08',960780),(16,'2020-02-09',1530846),(16,'2020-02-10',1555605),(16,'2020-02-11',1962328),(16,'2020-02-12',555537),(16,'2020-02-13',407861),(16,'2020-02-14',300478),(16,'2020-02-15',680245),(17,'2020-01-07',1831644),(17,'2020-01-08',946489),(17,'2020-01-09',1247681),(17,'2020-01-10',806427),(17,'2020-01-11',2176395),(17,'2020-01-12',1127640),(17,'2020-01-13',2167949),(17,'2020-01-14',901499),(17,'2020-01-15',1676093),(17,'2020-01-16',686796),(18,'2019-11-28',567405),(18,'2019-11-29',2023289),(18,'2019-11-30',1430885),(18,'2019-12-01',1441365),(18,'2019-12-02',2090099),(18,'2019-12-03',621974),(18,'2019-12-04',339498),(18,'2019-12-05',789271),(18,'2019-12-06',1116456),(18,'2019-12-07',1426155),(19,'2020-01-17',972575),(19,'2020-01-18',1276160),(19,'2020-01-19',1607179),(19,'2020-01-20',2011561),(19,'2020-01-21',247619),(19,'2020-01-22',1915069),(19,'2020-01-23',885353),(19,'2020-01-24',1025375),(19,'2020-01-25',388027),(19,'2020-01-26',1316085),(20,'2020-02-16',1903363),(20,'2020-02-17',1001972),(20,'2020-02-18',1415421),(20,'2020-02-19',1288423),(20,'2020-02-20',738301),(20,'2020-02-21',604826),(20,'2020-02-22',316267),(20,'2020-02-23',802980),(20,'2020-02-24',1974797),(20,'2020-02-25',1027551),(21,'2020-01-27',1033209),(21,'2020-01-28',411343),(21,'2020-01-29',947547),(21,'2020-01-30',1367715),(21,'2020-01-31',1219285),(21,'2020-02-01',1352081),(21,'2020-02-02',1668404),(21,'2020-02-03',1461645),(21,'2020-02-04',1274043),(21,'2020-02-05',746854),(22,'2020-01-27',1105485),(22,'2020-01-28',689832),(22,'2020-01-29',1274098),(22,'2020-01-30',2163567),(22,'2020-01-31',1552071),(22,'2020-02-01',1080055),(22,'2020-02-02',1397279),(22,'2020-02-03',960047),(22,'2020-02-04',221264),(22,'2020-02-05',1906340),(23,'2019-12-28',358323),(23,'2019-12-29',1359840),(23,'2019-12-30',1560708),(23,'2019-12-31',1090925),(23,'2020-01-01',1882788),(23,'2020-01-02',2002311),(23,'2020-01-03',300486),(23,'2020-01-04',1784760),(23,'2020-01-05',1215435),(23,'2020-01-06',2106162),(24,'2020-02-06',972574),(24,'2020-02-07',763350),(24,'2020-02-08',418703),(24,'2020-02-09',607414),(24,'2020-02-10',1426589),(24,'2020-02-11',1651769),(24,'2020-02-12',1324459),(24,'2020-02-13',672017),(24,'2020-02-14',497000),(24,'2020-02-15',1450598),(25,'2020-02-16',1313134),(25,'2020-02-17',744798),(25,'2020-02-18',708224),(25,'2020-02-19',1776317),(25,'2020-02-20',1815388),(25,'2020-02-21',1588543),(25,'2020-02-22',1940199),(25,'2020-02-23',1202816),(25,'2020-02-24',1408113),(25,'2020-02-25',2090771),(26,'2019-12-08',867571),(26,'2019-12-09',1287306),(26,'2019-12-10',1601855),(26,'2019-12-11',1375659),(26,'2019-12-12',382168),(26,'2019-12-13',1635290),(26,'2019-12-14',1028557),(26,'2019-12-15',548541),(26,'2019-12-16',1400240),(26,'2019-12-17',1946009),(27,'2020-02-16',249281),(27,'2020-02-17',207474),(27,'2020-02-18',1543855),(27,'2020-02-19',1560045),(27,'2020-02-20',777781),(27,'2020-02-21',1307799),(27,'2020-02-22',2154110),(27,'2020-02-23',837822),(27,'2020-02-24',793603),(27,'2020-02-25',311865),(28,'2020-02-26',2150269),(28,'2020-02-27',2065543),(28,'2020-02-28',1792536),(28,'2020-02-29',1006122),(28,'2020-03-01',1307015),(28,'2020-03-02',2182616),(28,'2020-03-03',2017063),(28,'2020-03-04',762908),(28,'2020-03-05',689366),(28,'2020-03-06',647708),(29,'2019-12-28',469279),(29,'2019-12-29',678788),(29,'2019-12-30',2069957),(29,'2019-12-31',1862057),(29,'2020-01-01',1699337),(29,'2020-01-02',1688500),(29,'2020-01-03',1758728),(29,'2020-01-04',2128130),(29,'2020-01-05',343892),(29,'2020-01-06',890551),(30,'2020-02-06',1778698),(30,'2020-02-07',1065217),(30,'2020-02-08',1360832),(30,'2020-02-09',269288),(30,'2020-02-10',361865),(30,'2020-02-11',385203),(30,'2020-02-12',630238),(30,'2020-02-13',2070239),(30,'2020-02-14',327871),(30,'2020-02-15',1332811),(31,'2020-02-16',2069276),(31,'2020-02-17',655581),(31,'2020-02-18',518074),(31,'2020-02-19',1094858),(31,'2020-02-20',816317),(31,'2020-02-21',662039),(31,'2020-02-22',1928236),(31,'2020-02-23',552194),(31,'2020-02-24',1405141),(31,'2020-02-25',916174),(32,'2020-02-06',1947865),(32,'2020-02-07',1633709),(32,'2020-02-08',1910508),(32,'2020-02-09',1356670),(32,'2020-02-10',638844),(32,'2020-02-11',846809),(32,'2020-02-12',2089910),(32,'2020-02-13',951164),(32,'2020-02-14',1482503),(32,'2020-02-15',2120125),(33,'2020-01-07',1739391),(33,'2020-01-08',1601009),(33,'2020-01-09',264193),(33,'2020-01-10',212909),(33,'2020-01-11',1424026),(33,'2020-01-12',870997),(33,'2020-01-13',1672825),(33,'2020-01-14',618459),(33,'2020-01-15',208630),(33,'2020-01-16',1905171),(34,'2020-02-06',1310225),(34,'2020-02-07',1962914),(34,'2020-02-08',753974),(34,'2020-02-09',2171221),(34,'2020-02-10',2129646),(34,'2020-02-11',515602),(34,'2020-02-12',868409),(34,'2020-02-13',354383),(34,'2020-02-14',911184),(34,'2020-02-15',1457912),(35,'2020-01-17',1246926),(35,'2020-01-18',1936208),(35,'2020-01-19',552304),(35,'2020-01-20',1791384),(35,'2020-01-21',728100),(35,'2020-01-22',1017003),(35,'2020-01-23',213551),(35,'2020-01-24',753392),(35,'2020-01-25',1704626),(35,'2020-01-26',1863861),(36,'2020-01-17',519003),(36,'2020-01-18',1122200),(36,'2020-01-19',2116971),(36,'2020-01-20',1283303),(36,'2020-01-21',1743045),(36,'2020-01-22',656775),(36,'2020-01-23',2196892),(36,'2020-01-24',1127309),(36,'2020-01-25',2101924),(36,'2020-01-26',1094734),(37,'2020-02-16',1160374),(37,'2020-02-17',1138504),(37,'2020-02-18',2155978),(37,'2020-02-19',1149620),(37,'2020-02-20',552636),(37,'2020-02-21',1664032),(37,'2020-02-22',675553),(37,'2020-02-23',740374),(37,'2020-02-24',1217259),(37,'2020-02-25',2156532),(38,'2020-01-17',1456599),(38,'2020-01-18',1021179),(38,'2020-01-19',1765680),(38,'2020-01-20',297215),(38,'2020-01-21',351860),(38,'2020-01-22',1433290),(38,'2020-01-23',1099762),(38,'2020-01-24',901594),(38,'2020-01-25',230893),(38,'2020-01-26',430883),(39,'2020-01-27',227801),(39,'2020-01-28',2015131),(39,'2020-01-29',1327852),(39,'2020-01-30',514690),(39,'2020-01-31',1902501),(39,'2020-02-01',1144034),(39,'2020-02-02',1781182),(39,'2020-02-03',215302),(39,'2020-02-04',1084193),(39,'2020-02-05',1091137),(40,'2020-01-07',1605744),(40,'2020-01-08',1093904),(40,'2020-01-09',1666855),(40,'2020-01-10',795498),(40,'2020-01-11',932277),(40,'2020-01-12',1977983),(40,'2020-01-13',567671),(40,'2020-01-14',2083182),(40,'2020-01-15',1317154),(40,'2020-01-16',1858904),(41,'2019-12-28',2183776),(41,'2019-12-29',562837),(41,'2019-12-30',1393670),(41,'2019-12-31',1668452),(41,'2020-01-01',2115926),(41,'2020-01-02',746057),(41,'2020-01-03',2026248),(41,'2020-01-04',339412),(41,'2020-01-05',845496),(41,'2020-01-06',1659157),(42,'2020-01-07',1867061),(42,'2020-01-08',1779143),(42,'2020-01-09',1539962),(42,'2020-01-10',1920130),(42,'2020-01-11',689042),(42,'2020-01-12',546570),(42,'2020-01-13',252464),(42,'2020-01-14',2176212),(42,'2020-01-15',692162),(42,'2020-01-16',1842832),(43,'2019-11-28',242990),(43,'2019-11-29',230455),(43,'2019-11-30',1336615),(43,'2019-12-01',375294),(43,'2019-12-02',2078330),(43,'2019-12-03',1308398),(43,'2019-12-04',2147901),(43,'2019-12-05',1362064),(43,'2019-12-06',700594),(43,'2019-12-07',1831393),(44,'2019-11-28',2108178),(44,'2019-11-29',1923713),(44,'2019-11-30',260025),(44,'2019-12-01',2121608),(44,'2019-12-02',1808457),(44,'2019-12-03',1882401),(44,'2019-12-04',264602),(44,'2019-12-05',1656611),(44,'2019-12-06',288733),(44,'2019-12-07',1014424),(45,'2020-02-26',781684),(45,'2020-02-27',365870),(45,'2020-02-28',1969761),(45,'2020-02-29',496795),(45,'2020-03-01',430868),(45,'2020-03-02',1606280),(45,'2020-03-03',1990614),(45,'2020-03-04',528248),(45,'2020-03-05',1400599),(45,'2020-03-06',763762),(46,'2020-02-06',2053170),(46,'2020-02-07',1298065),(46,'2020-02-08',2083377),(46,'2020-02-09',1510618),(46,'2020-02-10',1207074),(46,'2020-02-11',1423527),(46,'2020-02-12',1345783),(46,'2020-02-13',2124783),(46,'2020-02-14',1598295),(46,'2020-02-15',1846408),(47,'2019-11-28',939730),(47,'2019-11-29',1797484),(47,'2019-11-30',1567014),(47,'2019-12-01',1029519),(47,'2019-12-02',523875),(47,'2019-12-03',1910290),(47,'2019-12-04',360330),(47,'2019-12-05',415667),(47,'2019-12-06',1566728),(47,'2019-12-07',664151),(48,'2020-02-26',1171206),(48,'2020-02-27',206296),(48,'2020-02-28',1030107),(48,'2020-02-29',853401),(48,'2020-03-01',1340227),(48,'2020-03-02',1042472),(48,'2020-03-03',1894238),(48,'2020-03-04',1913474),(48,'2020-03-05',2029795),(48,'2020-03-06',1045031),(49,'2019-12-28',1468234),(49,'2019-12-29',784830),(49,'2019-12-30',2050116),(49,'2019-12-31',1142083),(49,'2020-01-01',1108569),(49,'2020-01-02',1178589),(49,'2020-01-03',870167),(49,'2020-01-04',1495657),(49,'2020-01-05',1169406),(49,'2020-01-06',1709042),(50,'2019-12-18',2088362),(50,'2019-12-19',892946),(50,'2019-12-20',1372510),(50,'2019-12-21',791817),(50,'2019-12-22',975704),(50,'2019-12-23',561664),(50,'2019-12-24',2072476),(50,'2019-12-25',333096),(50,'2019-12-26',1916650),(50,'2019-12-27',810041),(51,'2019-11-28',1678316),(51,'2019-11-29',359243),(51,'2019-11-30',401296),(51,'2019-12-01',1492562),(51,'2019-12-02',2064915),(51,'2019-12-03',973402),(51,'2019-12-04',1866958),(51,'2019-12-05',1767157),(51,'2019-12-06',338221),(51,'2019-12-07',1410732),(52,'2019-12-28',1881393),(52,'2019-12-29',1392681),(52,'2019-12-30',2015058),(52,'2019-12-31',1323404),(52,'2020-01-01',707943),(52,'2020-01-02',392828),(52,'2020-01-03',1287731),(52,'2020-01-04',1810562),(52,'2020-01-05',432051),(52,'2020-01-06',1051256),(53,'2020-01-17',1879892),(53,'2020-01-18',412421),(53,'2020-01-19',1231844),(53,'2020-01-20',691637),(53,'2020-01-21',642921),(53,'2020-01-22',1511999),(53,'2020-01-23',1041346),(53,'2020-01-24',1721009),(53,'2020-01-25',2022207),(53,'2020-01-26',921919),(54,'2020-02-06',923084),(54,'2020-02-07',1261260),(54,'2020-02-08',1335107),(54,'2020-02-09',686506),(54,'2020-02-10',1819356),(54,'2020-02-11',917202),(54,'2020-02-12',618318),(54,'2020-02-13',835079),(54,'2020-02-14',1901212),(54,'2020-02-15',1436084),(55,'2019-12-08',1790621),(55,'2019-12-09',732012),(55,'2019-12-10',1830765),(55,'2019-12-11',1829073),(55,'2019-12-12',334393),(55,'2019-12-13',2050720),(55,'2019-12-14',1720819),(55,'2019-12-15',621685),(55,'2019-12-16',1234954),(55,'2019-12-17',2142033),(56,'2020-01-07',1648894),(56,'2020-01-08',1075524),(56,'2020-01-09',1369460),(56,'2020-01-10',1396383),(56,'2020-01-11',1578042),(56,'2020-01-12',1081246),(56,'2020-01-13',2197167),(56,'2020-01-14',1496869),(56,'2020-01-15',283935),(56,'2020-01-16',555878),(57,'2019-11-28',1602079),(57,'2019-11-29',838716),(57,'2019-11-30',1750536),(57,'2019-12-01',529140),(57,'2019-12-02',2055751),(57,'2019-12-03',1989664),(57,'2019-12-04',1896619),(57,'2019-12-05',444885),(57,'2019-12-06',367620),(57,'2019-12-07',698578),(58,'2020-01-27',1622551),(58,'2020-01-28',1806159),(58,'2020-01-29',616966),(58,'2020-01-30',1882752),(58,'2020-01-31',656292),(58,'2020-02-01',280005),(58,'2020-02-02',514075),(58,'2020-02-03',1996370),(58,'2020-02-04',557174),(58,'2020-02-05',1536668),(59,'2019-12-28',1262692),(59,'2019-12-29',611366),(59,'2019-12-30',863026),(59,'2019-12-31',2006454),(59,'2020-01-01',804633),(59,'2020-01-02',1413397),(59,'2020-01-03',764384),(59,'2020-01-04',1551963),(59,'2020-01-05',768009),(59,'2020-01-06',2048864),(60,'2020-01-27',1289241),(60,'2020-01-28',1777821),(60,'2020-01-29',1875060),(60,'2020-01-30',2185766),(60,'2020-01-31',1718213),(60,'2020-02-01',305056),(60,'2020-02-02',679834),(60,'2020-02-03',861773),(60,'2020-02-04',1035847),(60,'2020-02-05',1922122),(61,'2019-12-08',822396),(61,'2019-12-09',684022),(61,'2019-12-10',541013),(61,'2019-12-11',2105550),(61,'2019-12-12',650047),(61,'2019-12-13',578698),(61,'2019-12-14',1053433),(61,'2019-12-15',1368489),(61,'2019-12-16',1520236),(61,'2019-12-17',1893114),(62,'2020-02-26',1204966),(62,'2020-02-27',1084473),(62,'2020-02-28',479200),(62,'2020-02-29',686768),(62,'2020-03-01',1193167),(62,'2020-03-02',2129163),(62,'2020-03-03',1734009),(62,'2020-03-04',640480),(62,'2020-03-05',2011875),(62,'2020-03-06',1450210),(63,'2019-12-08',599934),(63,'2019-12-09',1269356),(63,'2019-12-10',1160393),(63,'2019-12-11',316316),(63,'2019-12-12',1767048),(63,'2019-12-13',1398333),(63,'2019-12-14',1093570),(63,'2019-12-15',2071503),(63,'2019-12-16',1349322),(63,'2019-12-17',1445058),(64,'2020-02-16',1289086),(64,'2020-02-17',2013368),(64,'2020-02-18',460403),(64,'2020-02-19',1668770),(64,'2020-02-20',713237),(64,'2020-02-21',1478109),(64,'2020-02-22',738636),(64,'2020-02-23',805325),(64,'2020-02-24',502575),(64,'2020-02-25',501087),(65,'2020-02-16',1394041),(65,'2020-02-17',1525776),(65,'2020-02-18',1025667),(65,'2020-02-19',263526),(65,'2020-02-20',2114229),(65,'2020-02-21',2134041),(65,'2020-02-22',1393059),(65,'2020-02-23',1845289),(65,'2020-02-24',1670870),(65,'2020-02-25',1834136),(66,'2020-01-17',1714865),(66,'2020-01-18',1409932),(66,'2020-01-19',2157443),(66,'2020-01-20',1706380),(66,'2020-01-21',1458943),(66,'2020-01-22',1475699),(66,'2020-01-23',1191164),(66,'2020-01-24',835543),(66,'2020-01-25',1518995),(66,'2020-01-26',515828),(67,'2020-01-27',542007),(67,'2020-01-28',2100048),(67,'2020-01-29',1806918),(67,'2020-01-30',1301276),(67,'2020-01-31',758760),(67,'2020-02-01',1610611),(67,'2020-02-02',1872529),(67,'2020-02-03',2019825),(67,'2020-02-04',554306),(67,'2020-02-05',289322),(68,'2019-12-28',1990858),(68,'2019-12-29',209433),(68,'2019-12-30',2120146),(68,'2019-12-31',1791906),(68,'2020-01-01',901952),(68,'2020-01-02',1149035),(68,'2020-01-03',1122891),(68,'2020-01-04',1061490),(68,'2020-01-05',849952),(68,'2020-01-06',503495),(69,'2020-01-17',1938399),(69,'2020-01-18',676102),(69,'2020-01-19',2156068),(69,'2020-01-20',2166938),(69,'2020-01-21',1182471),(69,'2020-01-22',539352),(69,'2020-01-23',1725319),(69,'2020-01-24',1801341),(69,'2020-01-25',397483),(69,'2020-01-26',406931),(70,'2019-12-18',2192189),(70,'2019-12-19',1063052),(70,'2019-12-20',2184514),(70,'2019-12-21',1535644),(70,'2019-12-22',1054666),(70,'2019-12-23',933459),(70,'2019-12-24',1095941),(70,'2019-12-25',1216937),(70,'2019-12-26',1879649),(70,'2019-12-27',1883040),(71,'2019-12-18',766078),(71,'2019-12-19',1645224),(71,'2019-12-20',2169879),(71,'2019-12-21',1594858),(71,'2019-12-22',1882994),(71,'2019-12-23',1084831),(71,'2019-12-24',699478),(71,'2019-12-25',809352),(71,'2019-12-26',1610059),(71,'2019-12-27',2040521),(72,'2020-01-17',982671),(72,'2020-01-18',256957),(72,'2020-01-19',1892818),(72,'2020-01-20',717142),(72,'2020-01-21',526384),(72,'2020-01-22',633215),(72,'2020-01-23',345201),(72,'2020-01-24',697110),(72,'2020-01-25',740381),(72,'2020-01-26',621533),(73,'2019-12-08',1080529),(73,'2019-12-09',266255),(73,'2019-12-10',2033192),(73,'2019-12-11',1728658),(73,'2019-12-12',1422710),(73,'2019-12-13',900840),(73,'2019-12-14',475848),(73,'2019-12-15',1983425),(73,'2019-12-16',350008),(73,'2019-12-17',1096617),(74,'2020-02-16',856480),(74,'2020-02-17',968821),(74,'2020-02-18',444238),(74,'2020-02-19',1540413),(74,'2020-02-20',618409),(74,'2020-02-21',1973718),(74,'2020-02-22',628542),(74,'2020-02-23',1116832),(74,'2020-02-24',1867220),(74,'2020-02-25',950251),(75,'2020-02-26',519383),(75,'2020-02-27',1187936),(75,'2020-02-28',1952089),(75,'2020-02-29',425951),(75,'2020-03-01',215775),(75,'2020-03-02',1882929),(75,'2020-03-03',1912003),(75,'2020-03-04',1892778),(75,'2020-03-05',1371210),(75,'2020-03-06',1657034),(76,'2019-12-18',1924713),(76,'2019-12-19',2177419),(76,'2019-12-20',247232),(76,'2019-12-21',2080460),(76,'2019-12-22',1347531),(76,'2019-12-23',1572036),(76,'2019-12-24',1945237),(76,'2019-12-25',1352114),(76,'2019-12-26',1308520),(76,'2019-12-27',1412394),(77,'2020-01-17',727380),(77,'2020-01-18',1595804),(77,'2020-01-19',356551),(77,'2020-01-20',1748309),(77,'2020-01-21',2014411),(77,'2020-01-22',1536465),(77,'2020-01-23',1166404),(77,'2020-01-24',260587),(77,'2020-01-25',905595),(77,'2020-01-26',2081224),(78,'2020-01-27',1229352),(78,'2020-01-28',785404),(78,'2020-01-29',901274),(78,'2020-01-30',1669688),(78,'2020-01-31',1373956),(78,'2020-02-01',1767925),(78,'2020-02-02',1026829),(78,'2020-02-03',1135944),(78,'2020-02-04',1333293),(78,'2020-02-05',209928),(79,'2020-02-26',1871744),(79,'2020-02-27',457937),(79,'2020-02-28',530229),(79,'2020-02-29',1810986),(79,'2020-03-01',816002),(79,'2020-03-02',1202788),(79,'2020-03-03',456467),(79,'2020-03-04',245214),(79,'2020-03-05',1085151),(79,'2020-03-06',1773802),(80,'2020-02-06',1581875),(80,'2020-02-07',1830792),(80,'2020-02-08',1564551),(80,'2020-02-09',596590),(80,'2020-02-10',990160),(80,'2020-02-11',1626401),(80,'2020-02-12',287093),(80,'2020-02-13',1066677),(80,'2020-02-14',652285),(80,'2020-02-15',781309),(81,'2020-02-26',1383717),(81,'2020-02-27',380672),(81,'2020-02-28',753904),(81,'2020-02-29',689394),(81,'2020-03-01',1482769),(81,'2020-03-02',1091316),(81,'2020-03-03',723345),(81,'2020-03-04',1316180),(81,'2020-03-05',1660252),(81,'2020-03-06',957061),(82,'2019-12-28',1314758),(82,'2019-12-29',1384013),(82,'2019-12-30',1670754),(82,'2019-12-31',1470189),(82,'2020-01-01',1511694),(82,'2020-01-02',1450248),(82,'2020-01-03',1824758),(82,'2020-01-04',1100283),(82,'2020-01-05',1064083),(82,'2020-01-06',335806),(83,'2020-02-06',203234),(83,'2020-02-07',772895),(83,'2020-02-08',1270045),(83,'2020-02-09',1775484),(83,'2020-02-10',1908624),(83,'2020-02-11',878439),(83,'2020-02-12',358838),(83,'2020-02-13',345102),(83,'2020-02-14',228902),(83,'2020-02-15',402195),(84,'2020-02-26',553496),(84,'2020-02-27',948326),(84,'2020-02-28',2033843),(84,'2020-02-29',1567994),(84,'2020-03-01',808132),(84,'2020-03-02',1271855),(84,'2020-03-03',2098028),(84,'2020-03-04',1147870),(84,'2020-03-05',2157475),(84,'2020-03-06',348721),(85,'2020-01-07',764166),(85,'2020-01-08',226411),(85,'2020-01-09',1180285),(85,'2020-01-10',945339),(85,'2020-01-11',1748541),(85,'2020-01-12',517115),(85,'2020-01-13',979755),(85,'2020-01-14',542107),(85,'2020-01-15',1949981),(85,'2020-01-16',759153),(86,'2020-01-07',1013304),(86,'2020-01-08',549538),(86,'2020-01-09',338153),(86,'2020-01-10',904258),(86,'2020-01-11',362635),(86,'2020-01-12',1161024),(86,'2020-01-13',1823313),(86,'2020-01-14',281992),(86,'2020-01-15',579847),(86,'2020-01-16',2191395),(87,'2020-01-27',620186),(87,'2020-01-28',388961),(87,'2020-01-29',1754545),(87,'2020-01-30',825002),(87,'2020-01-31',2114785),(87,'2020-02-01',493450),(87,'2020-02-02',1581581),(87,'2020-02-03',2049393),(87,'2020-02-04',1316317),(87,'2020-02-05',542644),(88,'2019-11-28',1148739),(88,'2019-11-29',540947),(88,'2019-11-30',262513),(88,'2019-12-01',1538276),(88,'2019-12-02',1749795),(88,'2019-12-03',367866),(88,'2019-12-04',2171957),(88,'2019-12-05',572174),(88,'2019-12-06',1637829),(88,'2019-12-07',638662),(89,'2019-12-18',1300721),(89,'2019-12-19',820717),(89,'2019-12-20',817974),(89,'2019-12-21',963788),(89,'2019-12-22',763293),(89,'2019-12-23',774750),(89,'2019-12-24',438064),(89,'2019-12-25',667836),(89,'2019-12-26',575427),(89,'2019-12-27',782737),(90,'2019-12-18',1861123),(90,'2019-12-19',499039),(90,'2019-12-20',227498),(90,'2019-12-21',1185327),(90,'2019-12-22',445491),(90,'2019-12-23',1154726),(90,'2019-12-24',1955355),(90,'2019-12-25',1874064),(90,'2019-12-26',771574),(90,'2019-12-27',375310),(91,'2019-12-28',1643912),(91,'2019-12-29',534668),(91,'2019-12-30',2086225),(91,'2019-12-31',869488),(91,'2020-01-01',731269),(91,'2020-01-02',1523352),(91,'2020-01-03',1029782),(91,'2020-01-04',2142778),(91,'2020-01-05',381179),(91,'2020-01-06',1777303),(92,'2019-12-18',2109889),(92,'2019-12-19',1068468),(92,'2019-12-20',610474),(92,'2019-12-21',270168),(92,'2019-12-22',1483893),(92,'2019-12-23',2149802),(92,'2019-12-24',953109),(92,'2019-12-25',1726309),(92,'2019-12-26',424956),(92,'2019-12-27',1073290),(93,'2019-11-28',1534654),(93,'2019-11-29',902417),(93,'2019-11-30',1848517),(93,'2019-12-01',820620),(93,'2019-12-02',675033),(93,'2019-12-03',1243014),(93,'2019-12-04',1433153),(93,'2019-12-05',748401),(93,'2019-12-06',2140806),(93,'2019-12-07',776387),(94,'2020-01-07',1769775),(94,'2020-01-08',485640),(94,'2020-01-09',889649),(94,'2020-01-10',1478584),(94,'2020-01-11',1034645),(94,'2020-01-12',1452317),(94,'2020-01-13',814192),(94,'2020-01-14',270209),(94,'2020-01-15',1965511),(94,'2020-01-16',892701),(95,'2019-12-18',2005375),(95,'2019-12-19',967914),(95,'2019-12-20',1380230),(95,'2019-12-21',1834365),(95,'2019-12-22',1967482),(95,'2019-12-23',419257),(95,'2019-12-24',1891886),(95,'2019-12-25',711124),(95,'2019-12-26',1846960),(95,'2019-12-27',1592121),(96,'2020-02-26',1546447),(96,'2020-02-27',300583),(96,'2020-02-28',2166352),(96,'2020-02-29',2142994),(96,'2020-03-01',1888079),(96,'2020-03-02',643671),(96,'2020-03-03',1390110),(96,'2020-03-04',377765),(96,'2020-03-05',1951515),(96,'2020-03-06',1003993),(97,'2020-02-26',1673678),(97,'2020-02-27',2080349),(97,'2020-02-28',1934288),(97,'2020-02-29',1165660),(97,'2020-03-01',1317526),(97,'2020-03-02',1171869),(97,'2020-03-03',300011),(97,'2020-03-04',1053862),(97,'2020-03-05',878620),(97,'2020-03-06',2179870),(98,'2020-02-16',1334561),(98,'2020-02-17',2021687),(98,'2020-02-18',1389627),(98,'2020-02-19',821932),(98,'2020-02-20',558706),(98,'2020-02-21',1745196),(98,'2020-02-22',480378),(98,'2020-02-23',870695),(98,'2020-02-24',755291),(98,'2020-02-25',1615661),(99,'2020-01-17',1017320),(99,'2020-01-18',1074694),(99,'2020-01-19',889567),(99,'2020-01-20',2013259),(99,'2020-01-21',971373),(99,'2020-01-22',750600),(99,'2020-01-23',1507518),(99,'2020-01-24',1623283),(99,'2020-01-25',1194249),(99,'2020-01-26',2165924),(100,'2019-11-28',1052436),(100,'2019-11-29',1164582),(100,'2019-11-30',847531),(100,'2019-12-01',332770),(100,'2019-12-02',1169991),(100,'2019-12-03',247854),(100,'2019-12-04',1085778),(100,'2019-12-05',2161813),(100,'2019-12-06',720156),(100,'2019-12-07',1204769);
/*!40000 ALTER TABLE `box_office` ENABLE KEYS */;
UNLOCK TABLES;

--
-- Table structure for table `genres`
--

DROP TABLE IF EXISTS `genres`;
/*!40101 SET @saved_cs_client     = @@character_set_client */;
/*!50503 SET character_set_client = utf8mb4 */;
CREATE TABLE `genres` (
  `id` int unsigned NOT NULL AUTO_INCREMENT,
  `genre` varchar(100) CHARACTER SET utf8 COLLATE utf8_unicode_ci NOT NULL,
  PRIMARY KEY (`id`)
) ENGINE=InnoDB AUTO_INCREMENT=11 DEFAULT CHARSET=utf8 COLLATE=utf8_unicode_ci;
/*!40101 SET character_set_client = @saved_cs_client */;

--
-- Dumping data for table `genres`
--

LOCK TABLES `genres` WRITE;
/*!40000 ALTER TABLE `genres` DISABLE KEYS */;
INSERT INTO `genres` VALUES (1,'Action'),(2,'Horror'),(3,'Thriller'),(4,'Fantasy'),(5,'Family'),(6,'Detective'),(7,'Comedy'),(8,'Adventure'),(9,'Western'),(10,'Drama');
/*!40000 ALTER TABLE `genres` ENABLE KEYS */;
UNLOCK TABLES;

--
-- Table structure for table `jobs`
--

DROP TABLE IF EXISTS `jobs`;
/*!40101 SET @saved_cs_client     = @@character_set_client */;
/*!50503 SET character_set_client = utf8mb4 */;
CREATE TABLE `jobs` (
  `id` int unsigned NOT NULL AUTO_INCREMENT,
  `job` varchar(100) CHARACTER SET utf8 COLLATE utf8_unicode_ci NOT NULL,
  PRIMARY KEY (`id`)
) ENGINE=InnoDB AUTO_INCREMENT=5 DEFAULT CHARSET=utf8 COLLATE=utf8_unicode_ci;
/*!40101 SET character_set_client = @saved_cs_client */;

--
-- Dumping data for table `jobs`
--

LOCK TABLES `jobs` WRITE;
/*!40000 ALTER TABLE `jobs` DISABLE KEYS */;
INSERT INTO `jobs` VALUES (1,'Director'),(2,'Writer'),(3,'Producer'),(4,'Actor');
/*!40000 ALTER TABLE `jobs` ENABLE KEYS */;
UNLOCK TABLES;

--
-- Table structure for table `media_types`
--

DROP TABLE IF EXISTS `media_types`;
/*!40101 SET @saved_cs_client     = @@character_set_client */;
/*!50503 SET character_set_client = utf8mb4 */;
CREATE TABLE `media_types` (
  `id` int unsigned NOT NULL AUTO_INCREMENT,
  `type` varchar(100) CHARACTER SET utf8 COLLATE utf8_unicode_ci NOT NULL,
  PRIMARY KEY (`id`),
  UNIQUE KEY `type` (`type`)
) ENGINE=InnoDB AUTO_INCREMENT=5 DEFAULT CHARSET=utf8 COLLATE=utf8_unicode_ci;
/*!40101 SET character_set_client = @saved_cs_client */;

--
-- Dumping data for table `media_types`
--

LOCK TABLES `media_types` WRITE;
/*!40000 ALTER TABLE `media_types` DISABLE KEYS */;
INSERT INTO `media_types` VALUES (1,'photo'),(2,'poster'),(3,'teaser'),(4,'trailer');
/*!40000 ALTER TABLE `media_types` ENABLE KEYS */;
UNLOCK TABLES;

--
-- Table structure for table `movies`
--

DROP TABLE IF EXISTS `movies`;
/*!40101 SET @saved_cs_client     = @@character_set_client */;
/*!50503 SET character_set_client = utf8mb4 */;
CREATE TABLE `movies` (
  `id` int unsigned NOT NULL AUTO_INCREMENT,
  `poster_id` int unsigned DEFAULT NULL,
  `title` varchar(100) CHARACTER SET utf8 COLLATE utf8_unicode_ci NOT NULL,
  `rus_title` varchar(100) CHARACTER SET utf8 COLLATE utf8_unicode_ci DEFAULT NULL,
  `story` text CHARACTER SET utf8 COLLATE utf8_unicode_ci,
  `budget` int unsigned DEFAULT NULL,
  `release_world` date DEFAULT NULL,
  `release_russia` date DEFAULT NULL,
  `release_dvd` date DEFAULT NULL,
  `rating` float unsigned DEFAULT NULL,
  `rate_count` int unsigned DEFAULT NULL,
  PRIMARY KEY (`id`),
  KEY `movies_poster_id_fk` (`poster_id`),
  KEY `movies_release_russia_idx` (`release_russia`),
  KEY `movies_rate_count_idx` (`rate_count`),
  CONSTRAINT `movies_poster_id_fk` FOREIGN KEY (`poster_id`) REFERENCES `movies_media` (`id`) ON DELETE SET NULL
) ENGINE=InnoDB AUTO_INCREMENT=101 DEFAULT CHARSET=utf8 COLLATE=utf8_unicode_ci;
/*!40101 SET character_set_client = @saved_cs_client */;

--
-- Dumping data for table `movies`
--

LOCK TABLES `movies` WRITE;
/*!40000 ALTER TABLE `movies` DISABLE KEYS */;
INSERT INTO `movies` VALUES (1,279,'earum','alias','OUTSIDE.\' He unfolded the paper as he spoke. \'A cat may look at it!\' This speech caused a remarkable sensation among the distant green leaves. As there seemed to have it explained,\' said the Hatter,.',16000000,'2020-01-21','2020-01-27','2020-05-28',5.25,8),(2,NULL,'laborum','veniam','Alice laughed so much already, that it was only a child!\' The Queen turned angrily away from her as hard as she could, and soon found an opportunity of showing off her knowledge, as there was no.',29000000,'2019-12-12','2019-12-18','2020-03-23',5.5,4),(3,NULL,'assumenda','suscipit','Alice! Come here directly, and get ready to agree to everything that Alice had no very clear notion how delightful it will be When they take us up and said, without even looking round. \'I\'ll fetch.',12000000,'2019-11-22','2019-11-28','2020-06-20',3.25,4),(4,NULL,'qui','aut','I dare say you\'re wondering why I don\'t take this young lady to see if she had accidentally upset the week before. \'Oh, I BEG your pardon!\' cried Alice again, in a natural way. \'I thought you did,\'.',25000000,'2020-01-31','2020-02-06','2020-05-21',6.5,2),(5,NULL,'dolorem','exercitationem','I was going to remark myself.\' \'Have you guessed the riddle yet?\' the Hatter began, in a game of croquet she was now about a whiting before.\' \'I can see you\'re trying to box her own mind (as well as.',31000000,'2020-01-21','2020-01-27','2020-07-28',5,5),(6,90,'dolor','dolor','Alice, timidly; \'some of the Rabbit\'s voice along--\'Catch him, you by the soldiers, who of course was, how to spell \'stupid,\' and that is rather a hard word, I will prosecute YOU.--Come, I\'ll take.',35000000,NULL,'2019-12-18','2020-05-16',5.75,4),(7,NULL,'vel','vel','Silence all round, if you were never even introduced to a farmer, you know, and he called the Queen, pointing to Alice with one of the what?\' said the King, looking round the court was a body to cut.',32000000,NULL,'2019-12-08','2020-03-28',5.5,4),(8,NULL,'voluptatem','voluptatem','The door led right into a pig, and she sat down and saying \"Come up again, dear!\" I shall have some fun now!\' thought Alice. \'I\'m glad they don\'t give birthday presents like that!\' But she went on..',44000000,NULL,'2019-12-08','2020-06-22',3.25,4),(9,245,'ut','ut','Bill,\' thought Alice,) \'Well, I never knew so much about a thousand times as large as himself, and this time she had read several nice little histories about children who had been for some minutes..',28000000,NULL,'2020-01-07','2020-07-28',5.66667,9),(10,NULL,'error','velit','Gryphon: and it was labelled \'ORANGE MARMALADE\', but to open them again, and Alice looked at each other for some while in silence. At last the Caterpillar sternly. \'Explain yourself!\' \'I can\'t help.',20000000,'2020-01-01','2020-01-07','2020-06-08',3.5,4),(11,NULL,'minima','dolorem','King replied. Here the Dormouse crossed the court, she said to the game, the Queen was in the sea!\' cried the Mock Turtle is.\' \'It\'s the stupidest tea-party I ever saw in my size; and as he wore his.',38000000,'2019-12-02','2019-12-08','2020-08-10',5.75,4),(12,114,'aut','dicta','So she set the little door: but, alas! the little door, had vanished completely. Very soon the Rabbit angrily. \'Here! Come and help me out of a globe of goldfish she had looked under it, and then.',34000000,'2019-12-02','2019-12-08','2020-04-30',5.25,4),(13,NULL,'reprehenderit','perferendis','William the Conqueror.\' (For, with all speed back to the croquet-ground. The other guests had taken his watch out of THIS!\' (Sounds of more energetic remedies--\' \'Speak English!\' said the Gryphon:.',17000000,'2019-12-22','2019-12-28','2020-09-04',4.41667,12),(14,226,'nihil','ea','Alice began telling them her adventures from the time she found her way out. \'I shall sit here,\' he said, turning to Alice: he had to fall a long sleep you\'ve had!\' \'Oh, I\'ve had such a pleasant.',1000000,'2019-12-02','2019-12-08','2020-06-17',5.5,4),(15,NULL,'sed','et','Bill\'s place for a minute or two sobs choked his voice. \'Same as if nothing had happened. \'How am I to get through the wood. \'If it had been. But her sister was reading, but it just now.\' \'It\'s the.',43000000,'2020-02-10','2020-02-16','2020-06-14',5.14286,7),(16,NULL,'tenetur','tenetur','Duchess, \'as pigs have to whisper a hint to Time, and round goes the clock in a moment like a candle. I wonder what was on the OUTSIDE.\' He unfolded the paper as he found it so yet,\' said the King..',28000000,NULL,'2020-02-06','2020-05-26',5.42857,7),(17,NULL,'ratione','tempore','Alice alone with the tarts, you know--\' (pointing with his head!\"\' \'How dreadfully savage!\' exclaimed Alice. \'And where HAVE my shoulders got to? And oh, I wish you wouldn\'t mind,\' said Alice:.',45000000,'2020-01-01','2020-01-07','2020-04-21',3.71429,7),(18,96,'quidem','quidem','He was an uncomfortably sharp chin. However, she got up, and there they are!\' said the King triumphantly, pointing to the beginning of the March Hare interrupted, yawning. \'I\'m getting tired of.',28000000,NULL,'2019-11-28','2020-03-10',4.5,2),(19,270,'ratione','sint','And mentioned me to him: She gave me a good opportunity for showing off her head!\' Those whom she sentenced were taken into custody by the way, and the jury consider their verdict,\' the King.',41000000,'2020-01-11','2020-01-17','2020-05-06',4.4,10),(20,53,'a','a','Gryphon, and all must have been ill.\' \'So they were,\' said the Hatter: \'as the things being alive; for instance, there\'s the arch I\'ve got to?\' (Alice had no very clear notion how long ago anything.',28000000,NULL,'2020-02-16','2020-07-19',5.4,5),(21,2,'consequatur','vel','Alice; \'I must be the use of a well?\' \'Take some more of it at last, with a soldier on each side, and opened their eyes and mouths so VERY nearly at the thought that it was too dark to see if she.',17000000,'2020-01-21','2020-01-27','2020-07-14',5,3),(22,175,'ducimus','repudiandae','Let me see: that would be so kind,\' Alice replied, rather shyly, \'I--I hardly know, sir, just at present--at least I know is, something comes at me like that!\' said Alice to herself, (not in a.',28000000,'2020-01-21','2020-01-27','2020-05-19',7.88889,9),(23,263,'facere','dolorem','CHAPTER V. Advice from a Caterpillar The Caterpillar was the first figure,\' said the King, and he went on for some while in silence. Alice was more than that, if you wouldn\'t mind,\' said Alice:.',4000000,'2019-12-22','2019-12-28','2020-05-24',5,6),(24,NULL,'distinctio','officiis','ALICE\'S RIGHT FOOT, ESQ. HEARTHRUG, NEAR THE FENDER, (WITH ALICE\'S LOVE). Oh dear, what nonsense I\'m talking!\' Just then she remembered having seen such a rule at processions; \'and besides, what.',7000000,'2020-01-31','2020-02-06','2020-06-19',5.83333,6),(25,185,'velit','velit','Dodo replied very gravely. \'What else had you to learn?\' \'Well, there was no longer to be ashamed of yourself,\' said Alice, \'I\'ve often seen them so shiny?\' Alice looked all round the court was in.',39000000,NULL,'2020-02-16','2020-07-01',7.33333,3),(26,NULL,'iure','iure','I\'m angry. Therefore I\'m mad.\' \'I call it purring, not growling,\' said Alice. \'Why?\' \'IT DOES THE BOOTS AND SHOES.\' the Gryphon remarked: \'because they lessen from day to such stuff? Be off, or I\'ll.',4000000,'2019-12-02','2019-12-08','2020-06-13',5.6,5),(27,NULL,'error','quasi','There\'s no pleasing them!\' Alice was rather glad there WAS no one else seemed inclined to say a word, but slowly followed her back to the executioner: \'fetch her here.\' And the moral of that.',4000000,'2020-02-10','2020-02-16','2020-11-06',6.25,4),(28,NULL,'iure','laborum','Queen, stamping on the shingle--will you come to the Knave of Hearts, and I could show you our cat Dinah: I think you\'d better finish the story for yourself.\' \'No, please go on!\' Alice said very.',9000000,'2020-02-20','2020-02-26','2020-06-30',7,8),(29,NULL,'sit','dolorem','The Dormouse slowly opened his eyes were getting extremely small for a rabbit! I suppose Dinah\'ll be sending me on messages next!\' And she squeezed herself up closer to Alice\'s side as she picked.',12000000,'2019-12-22','2019-12-28','2020-04-10',3.5,2),(30,NULL,'nobis','odit','I\'m not looking for eggs, as it went. So she began nursing her child again, singing a sort of way to hear the rattle of the day; and this he handed over to herself, \'to be going messages for a long.',16000000,'2020-01-31','2020-02-06','2020-09-27',6,4),(31,NULL,'aspernatur','aspernatur','Alice think it so yet,\' said Alice; not that she began again: \'Ou est ma chatte?\' which was immediately suppressed by the White Rabbit: it was a dead silence. \'It\'s a friend of mine--a Cheshire.',34000000,NULL,'2020-02-16','2020-10-02',6.57143,7),(32,180,'nesciunt','sapiente','Alice, \'Have you seen the Mock Turtle; \'but it doesn\'t mind.\' The table was a most extraordinary noise going on shrinking rapidly: she soon made out that one of the busy farm-yard--while the lowing.',32000000,'2020-01-31','2020-02-06','2020-07-28',4.85714,7),(33,NULL,'provident','odit','Alice with one finger for the baby, the shriek of the legs of the hall: in fact she was now the right word) \'--but I shall only look up in such confusion that she hardly knew what she was playing.',35000000,'2020-01-01','2020-01-07','2020-10-01',6.83333,6),(34,67,'facilis','et','Tortoise, if he thought it would,\' said the Cat. \'I don\'t like them!\' When the procession moved on, three of the creature, but on the table. \'Have some wine,\' the March Hare interrupted in a low,.',21000000,'2020-01-31','2020-02-06','2020-08-18',6,2),(35,182,'consectetur','corrupti','Queen furiously, throwing an inkstand at the righthand bit again, and went by without noticing her. Then followed the Knave \'Turn them over!\' The Knave of Hearts, and I had not attended to this last.',20000000,'2020-01-11','2020-01-17','2020-09-29',6.33333,3),(36,NULL,'consequatur','harum','When the pie was all finished, the Owl, as a cushion, resting their elbows on it, (\'which certainly was not here before,\' said the Hatter: \'it\'s very rude.\' The Hatter looked at them with one.',2000000,'2020-01-11','2020-01-17','2020-09-23',3.8,5),(37,NULL,'architecto','quos','Time!\' \'Perhaps not,\' Alice cautiously replied: \'but I must go by the time she heard was a long and a Long Tale They were indeed a queer-looking party that assembled on the hearth and grinning from.',6000000,'2020-02-10','2020-02-16','2020-09-13',2.33333,3),(38,179,'non','ad','Cheshire Cat, she was trying to touch her. \'Poor little thing!\' said the King: \'however, it may kiss my hand if it had come back and finish your story!\' Alice called after it; and the fall was over..',13000000,'2020-01-11','2020-01-17','2020-08-17',7.4,5),(39,NULL,'ut','quia','I should think you could manage it?) \'And what an ignorant little girl or a worm. The question is, Who in the window?\' \'Sure, it\'s an arm, yer honour!\' \'Digging for apples, yer honour!\' \'Digging for.',6000000,'2020-01-21','2020-01-27','2020-07-10',6.5,4),(40,111,'autem','voluptatibus','Duchess\'s knee, while plates and dishes crashed around it--once more the pig-baby was sneezing and howling alternately without a grin,\' thought Alice; but she heard a voice outside, and stopped to.',3000000,'2020-01-01','2020-01-07','2020-04-11',9.5,2),(41,NULL,'voluptatem','possimus','Alice; \'it\'s laid for a rabbit! I suppose I ought to have him with them,\' the Mock Turtle said: \'no wise fish would go round and swam slowly back to the porpoise, \"Keep back, please: we don\'t want.',44000000,'2019-12-22','2019-12-28','2020-09-05',3.75,4),(42,NULL,'praesentium','eos','Knave of Hearts, carrying the King\'s crown on a little glass box that was linked into hers began to cry again. \'You ought to be a comfort, one way--never to be otherwise.\"\' \'I think I can remember.',42000000,'2020-01-01','2020-01-07','2020-06-19',5.6,5),(43,NULL,'ut','voluptas','Duchess: \'and the moral of that is--\"Birds of a water-well,\' said the Queen. \'I never was so small as this is May it won\'t be raving mad after all! I almost wish I hadn\'t to bring tears into her.',24000000,'2019-11-22','2019-11-28','2020-05-02',6.75,4),(44,242,'quia','provident','Alice replied very readily: \'but that\'s because it stays the same when I get SOMEWHERE,\' Alice added as an explanation. \'Oh, you\'re sure to happen,\' she said to herself, \'Why, they\'re only a pack of.',14000000,'2019-11-22','2019-11-28','2020-06-12',4,3),(45,35,'non','ea','Come on!\' So they began solemnly dancing round and look up and repeat \"\'TIS THE VOICE OF THE SLUGGARD,\"\' said the Eaglet. \'I don\'t much care where--\' said Alice. \'Did you speak?\' \'Not I!\' he.',23000000,'2020-02-20','2020-02-26','2020-11-01',6.66667,3),(46,19,'qui','recusandae','Caterpillar. \'Well, I\'ve tried hedges,\' the Pigeon the opportunity of taking it away. She did not like the name: however, it only grinned a little quicker. \'What a pity it wouldn\'t stay!\' sighed the.',5000000,'2020-01-31','2020-02-06','2020-08-28',4.25,4),(47,93,'odio','voluptatibus','WOULD always get into her eyes--and still as she leant against a buttercup to rest herself, and began picking them up again with a table set out under a tree a few yards off. The Cat seemed to be a.',24000000,'2019-11-22','2019-11-28','2020-05-28',6,4),(48,NULL,'voluptatibus','aut','Then came a little startled by seeing the Cheshire Cat, she was nine feet high, and was beating her violently with its arms folded, frowning like a telescope.\' And so it was labelled \'ORANGE.',15000000,'2020-02-20','2020-02-26','2020-09-22',4.8,5),(49,NULL,'magni','sit','FIT you,\' said the Lory hastily. \'I thought it must be collected at once took up the other, trying every door, she ran off at once: one old Magpie began wrapping itself up very carefully, with one.',40000000,'2019-12-22','2019-12-28','2020-08-13',9,3),(50,160,'est','nobis','Will you, won\'t you, won\'t you, won\'t you, will you join the dance. Would not, could not, would not open any of them. However, on the table. \'Nothing can be clearer than THAT. Then again--\"BEFORE.',39000000,'2019-12-12','2019-12-18','2020-08-22',4.33333,3),(51,122,'quod','officia','Duchess; \'I never thought about it,\' said Five, \'and I\'ll tell you my adventures--beginning from this morning,\' said Alice a good deal until she made her look up in her hands, and she jumped up on.',32000000,'2019-11-22','2019-11-28','2020-03-11',6.375,8),(52,56,'magni','in','I can\'t put it into his plate. Alice did not look at them--\'I wish they\'d get the trial one way of speaking to it,\' she thought, and rightly too, that very few little girls of her sister, who was.',11000000,'2019-12-22','2019-12-28','2020-08-11',6.4,5),(53,NULL,'ab','odit','King, with an air of great relief. \'Call the first minute or two sobs choked his voice. \'Same as if a fish came to the heads of the trial.\' \'Stupid things!\' Alice thought she might as well as she.',25000000,'2020-01-11','2020-01-17','2020-07-29',5.2,5),(54,NULL,'aspernatur','aspernatur','Mock Turtle yawned and shut his eyes.--\'Tell her about the whiting!\' \'Oh, as to size,\' Alice hastily replied; \'only one doesn\'t like changing so often, of course was, how to set them free, Exactly.',15000000,NULL,'2020-02-06','2020-08-21',4,8),(55,285,'maxime','dolor','I believe.\' \'Boots and shoes under the circumstances. There was a real Turtle.\' These words were followed by a very interesting dance to watch,\' said Alice, in a shrill, loud voice, and see that.',33000000,'2019-12-02','2019-12-08','2020-04-23',4.57143,7),(56,85,'delectus','fugiat','ONE respectable person!\' Soon her eye fell upon a Gryphon, lying fast asleep in the house down!\' said the Hatter, \'I cut some more of the Gryphon, and, taking Alice by the time when she caught it,.',14000000,'2020-01-01','2020-01-07','2020-07-08',6.25,4),(57,NULL,'nemo','libero','Alice looked down at her for a minute, while Alice thought to herself as she did not sneeze, were the cook, to see what was going to begin at HIS time of life. The King\'s argument was, that if.',30000000,'2019-11-22','2019-11-28','2020-07-19',5.5,6),(58,181,'labore','tempore','Then she went on: \'But why did they live at the cook took the opportunity of saying to her to carry it further. So she swallowed one of them were animals, and some were birds,) \'I suppose so,\' said.',1000000,'2020-01-21','2020-01-27','2020-07-16',4.25,4),(59,297,'ad','accusamus','And she began very cautiously: \'But I don\'t keep the same side of the words came very queer indeed:-- \'\'Tis the voice of thunder, and people began running about in all directions, tumbling up.',23000000,'2019-12-22','2019-12-28','2020-08-29',5.5,6),(60,144,'quo','sequi','I am very tired of being such a new idea to Alice, that she had to ask help of any that do,\' Alice said nothing: she had looked under it, and found that, as nearly as she did not like to try the.',43000000,'2020-01-21','2020-01-27','2020-10-17',5,5),(61,NULL,'atque','ut','King and the words all coming different, and then dipped suddenly down, so suddenly that Alice said; but was dreadfully puzzled by the whole thing, and longed to change them--\' when she looked up,.',41000000,'2019-12-02','2019-12-08','2020-04-18',3,3),(62,247,'itaque','quia','So you see, so many lessons to learn! No, I\'ve made up my mind about it; and the King said, for about the right house, because the Duchess asked, with another hedgehog, which seemed to follow,.',8000000,'2020-02-20','2020-02-26','2020-07-17',2,3),(63,NULL,'consequatur','reiciendis','Alice! when she turned to the other birds tittered audibly. \'What I was thinking I should like to be a comfort, one way--never to be sure, this generally happens when you have just been picked up.\'.',17000000,'2019-12-02','2019-12-08','2020-07-16',5.4,5),(64,163,'tenetur','veritatis','She went on growing, and very neatly and simply arranged; the only difficulty was, that if something wasn\'t done about it just missed her. Alice caught the flamingo and brought it back, the fight.',13000000,'2020-02-10','2020-02-16','2020-10-05',6.2,5),(65,281,'rerum','voluptatibus','I\'m never sure what I\'m going to dive in among the distant sobs of the trees had a large pool all round the court and got behind him, and said to the table to measure herself by it, and found.',23000000,'2020-02-10','2020-02-16','2020-09-30',6.42857,7),(66,NULL,'ipsum','aliquam','This speech caused a remarkable sensation among the trees, a little house in it about four feet high. \'Whoever lives there,\' thought Alice, \'it\'ll never do to ask: perhaps I shall ever see you.',42000000,'2020-01-11','2020-01-17','2020-07-06',3.8,5),(67,74,'ex','ut','The first thing I\'ve got to?\' (Alice had been all the things between whiles.\' \'Then you keep moving round, I suppose?\' \'Yes,\' said Alice, very loudly and decidedly, and there they are!\' said the.',29000000,'2020-01-21','2020-01-27','2020-10-16',4.8,5),(68,NULL,'et','enim','I ought to be told so. \'It\'s really dreadful,\' she muttered to herself, \'whenever I eat or drink anything; so I\'ll just see what was going off into a large pigeon had flown into her head. Still she.',28000000,'2019-12-22','2019-12-28','2020-06-19',9,1),(69,109,'est','rerum','And argued each case with MINE,\' said the Caterpillar. \'Well, I hardly know--No more, thank ye; I\'m better now--but I\'m a deal too far off to other parts of the pack, she could see it again, but it.',8000000,'2020-01-11','2020-01-17','2020-07-05',8,2),(70,199,'corrupti','corrupti','Alice, rather alarmed at the end.\' \'If you please, sir--\' The Rabbit started violently, dropped the white kid gloves: she took up the fan and gloves, and, as a boon, Was kindly permitted to pocket.',9000000,NULL,'2019-12-18','2020-08-12',5,8),(71,228,'dolores','dolores','Let me think: was I the same height as herself; and when she looked down into its face in some alarm. This time there were any tears. No, there were any tears. No, there were any tears. No, there.',45000000,NULL,'2019-12-18','2020-08-03',NULL,0),(72,NULL,'qui','in','Alice heard it before,\' said the King: \'leave out that she had found the fan and a scroll of parchment in the air. Even the Duchess was sitting next to no toys to play croquet with the birds and.',45000000,'2020-01-11','2020-01-17','2020-06-30',5.75,4),(73,132,'quibusdam','quibusdam','Prizes!\' Alice had never heard before, \'Sure then I\'m here! Digging for apples, indeed!\' said the Hatter: \'but you could only see her. She is such a long hookah, and taking not the right size again;.',23000000,NULL,'2019-12-08','2020-07-21',5.6,10),(74,17,'est','eveniet','Her listeners were perfectly quiet till she was out of the court, she said this, she came upon a low curtain she had been anxiously looking across the garden, called out to sea!\" But the insolence.',26000000,'2020-02-10','2020-02-16','2020-08-20',5,4),(75,201,'est','odit','Her first idea was that she did not seem to put his mouth close to her feet, for it to be almost out of sight: then it watched the White Rabbit cried out, \'Silence in the last concert!\' on which the.',39000000,'2020-02-20','2020-02-26','2020-08-08',5.75,4),(76,75,'voluptas','cupiditate','How puzzling all these changes are! I\'m never sure what I\'m going to dive in among the bright eager eyes were getting extremely small for a minute or two to think that will be the best of.',30000000,'2019-12-12','2019-12-18','2020-06-08',6.5,4),(77,NULL,'alias','et','It means much the most confusing thing I know. Silence all round, if you were me?\' \'Well, perhaps your feelings may be different,\' said Alice; \'I must be getting somewhere near the door, and.',45000000,'2020-01-11','2020-01-17','2020-04-30',6.5,10),(78,NULL,'distinctio','suscipit','He only does it to his ear. Alice considered a little scream of laughter. \'Oh, hush!\' the Rabbit coming to look at it!\' This speech caused a remarkable sensation among the branches, and every now.',7000000,'2020-01-21','2020-01-27','2020-04-28',5.5,4),(79,130,'eaque','enim','Hatter. \'You might just as I was a dead silence instantly, and neither of the trial.\' \'Stupid things!\' Alice thought to herself. (Alice had been for some time after the others. \'Are their heads down.',11000000,'2020-02-20','2020-02-26','2020-10-19',5.5,6),(80,NULL,'est','amet','March Hare, who had meanwhile been examining the roses. \'Off with their heads down and cried. \'Come, there\'s no use their putting their heads down and cried. \'Come, there\'s half my plan done now!.',7000000,'2020-01-31','2020-02-06','2020-05-12',5.83333,6),(81,184,'sunt','sunt','Run home this moment, I tell you!\' But she waited patiently. \'Once,\' said the Dormouse; \'VERY ill.\' Alice tried to fancy what the name of the sea.\' \'I couldn\'t afford to learn it.\' said the Queen,.',5000000,NULL,'2020-02-26','2020-10-06',7.75,4),(82,197,'saepe','minima','And so she felt a little glass table. \'Now, I\'ll manage better this time,\' she said, \'for her hair goes in such a thing as \"I get what I was a good character, But said I didn\'t!\' interrupted Alice..',45000000,'2019-12-22','2019-12-28','2020-07-11',2,2),(83,237,'earum','earum','Rabbit came near her, about four feet high. \'I wish the creatures order one about, and make out that part.\' \'Well, at any rate, there\'s no name signed at the Caterpillar\'s making such a new idea to.',20000000,NULL,'2020-02-06','2020-09-14',4.66667,6),(84,287,'aut','minus','WOULD put their heads down! I am to see the Queen. \'Their heads are gone, if it had fallen into a tree. By the use of repeating all that green stuff be?\' said Alice. \'Call it what you like,\' said.',8000000,'2020-02-20','2020-02-26','2020-11-02',9.33333,3),(85,39,'cumque','expedita','Mock Turtle sighed deeply, and drew the back of one flapper across his eyes. He looked at them with the glass table as before, \'It\'s all his fancy, that: he hasn\'t got no business there, at any.',41000000,'2020-01-01','2020-01-07','2020-05-20',6,6),(86,222,'temporibus','cumque','Alice. One of the March Hare and his friends shared their never-ending meal, and the Queen\'s hedgehog just now, only it ran away when it saw mine coming!\' \'How do you call him Tortoise--\' \'Why did.',26000000,'2020-01-01','2020-01-07','2020-07-18',5.25,4),(87,NULL,'natus','ea','Alice\'s shoulder, and it said nothing. \'Perhaps it doesn\'t matter which way I ought to have finished,\' said the Queen. \'Their heads are gone, if it please your Majesty,\' said Two, in a great hurry..',45000000,'2020-01-21','2020-01-27','2020-05-18',5,5),(88,116,'magnam','magnam','Alice\'s first thought was that she knew that it felt quite relieved to see it quite plainly through the neighbouring pool--she could hear the name of the Lizard\'s slate-pencil, and the m--\' But.',38000000,'2019-11-22','2019-11-28','2020-08-07',7,2),(89,140,'qui','tempore','And the moral of that is, but I can\'t quite follow it as far as they would call after her: the last words out loud, and the party were placed along the passage into the garden, and marked, with one.',41000000,'2019-12-12','2019-12-18','2020-04-16',4.6,5),(90,298,'quam','rerum','He moved on as he found it advisable--\"\' \'Found WHAT?\' said the Caterpillar. This was such a noise inside, no one listening, this time, and was going on, as she remembered having seen in her haste,.',9000000,'2019-12-12','2019-12-18','2020-04-07',3.8,5),(91,NULL,'qui','perferendis','Mock Turtle. \'No, no! The adventures first,\' said the Mock Turtle, \'Drive on, old fellow! Don\'t be all day to such stuff? Be off, or I\'ll kick you down stairs!\' \'That is not said right,\' said the.',8000000,'2019-12-22','2019-12-28','2020-04-12',5.6,5),(92,66,'quod','veritatis','No, I\'ve made up my mind about it; and while she was out of that is, but I shall have to fly; and the moment he was obliged to say it any longer than that,\' said the Mock Turtle said: \'advance.',16000000,'2019-12-12','2019-12-18','2020-04-01',3.71429,7),(93,21,'et','aliquid','Alice cautiously replied, not feeling at all what had become of me? They\'re dreadfully fond of beheading people here; the great wonder is, that there\'s any one of the house till she was trying to.',32000000,'2019-11-22','2019-11-28','2020-03-27',6,5),(94,156,'iusto','repellendus','THE.',16000000,'2020-01-01','2020-01-07','2020-07-21',5.85714,7),(95,NULL,'dolor','dolor','Alice; \'only, as it\'s asleep, I suppose you\'ll be telling me next that you never to lose YOUR temper!\' \'Hold your tongue!\' added the Dormouse, and repeated her question. \'Why did they live at the.',4000000,NULL,'2019-12-18','2020-06-06',6.66667,9),(96,240,'tempora','exercitationem','There was no \'One, two, three, and away,\' but they began solemnly dancing round and round goes the clock in a trembling voice to its children, \'Come away, my dears! It\'s high time you were down here.',35000000,'2020-02-20','2020-02-26','2020-08-19',4.16667,6),(97,52,'illum','illum','Alice, feeling very glad she had accidentally upset the week before. \'Oh, I BEG your pardon!\' said the cook. The King turned pale, and shut his eyes.--\'Tell her about the same thing with you,\' said.',44000000,NULL,'2020-02-26','2020-05-31',5.4,5),(98,64,'minima','eius','I only knew how to speak good English); \'now I\'m opening out like the right words,\' said poor Alice, \'when one wasn\'t always growing larger and smaller, and being ordered about in the other. In the.',2000000,'2020-02-10','2020-02-16','2020-09-25',5.8,5),(99,241,'saepe','eos','I\'ve got to the end: then stop.\' These were the verses to himself: \'\"WE KNOW IT TO BE TRUE--\" that\'s the jury, in a helpless sort of thing never happened, and now here I am to see if there are,.',13000000,'2020-01-11','2020-01-17','2020-07-27',4.55556,9),(100,117,'dolorum','dolorum','Mouse, frowning, but very glad to find that her shoulders were nowhere to be two people! Why, there\'s hardly enough of it altogether; but after a few minutes it seemed quite dull and stupid for life.',2000000,NULL,'2019-11-28','2020-06-22',7.25,4);
/*!40000 ALTER TABLE `movies` ENABLE KEYS */;
UNLOCK TABLES;

--
-- Temporary view structure for view `movies_box_offices`
--

DROP TABLE IF EXISTS `movies_box_offices`;
/*!50001 DROP VIEW IF EXISTS `movies_box_offices`*/;
SET @saved_cs_client     = @@character_set_client;
/*!50503 SET character_set_client = utf8mb4 */;
/*!50001 CREATE VIEW `movies_box_offices` AS SELECT 
 1 AS `id`,
 1 AS `rus_title`,
 1 AS `title`,
 1 AS `date`,
 1 AS `proceeds`*/;
SET character_set_client = @saved_cs_client;

--
-- Table structure for table `movies_genres`
--

DROP TABLE IF EXISTS `movies_genres`;
/*!40101 SET @saved_cs_client     = @@character_set_client */;
/*!50503 SET character_set_client = utf8mb4 */;
CREATE TABLE `movies_genres` (
  `movie_id` int unsigned NOT NULL,
  `genre_id` int unsigned NOT NULL,
  PRIMARY KEY (`movie_id`,`genre_id`),
  KEY `movies_genres_genree_id_fk` (`genre_id`),
  KEY `movies_genres_movie_id_idx` (`movie_id`),
  CONSTRAINT `movies_genres_genree_id_fk` FOREIGN KEY (`genre_id`) REFERENCES `genres` (`id`) ON DELETE RESTRICT,
  CONSTRAINT `movies_genres_movie_id_fk` FOREIGN KEY (`movie_id`) REFERENCES `movies` (`id`) ON DELETE CASCADE
) ENGINE=InnoDB DEFAULT CHARSET=utf8 COLLATE=utf8_unicode_ci;
/*!40101 SET character_set_client = @saved_cs_client */;

--
-- Dumping data for table `movies_genres`
--

LOCK TABLES `movies_genres` WRITE;
/*!40000 ALTER TABLE `movies_genres` DISABLE KEYS */;
INSERT INTO `movies_genres` VALUES (1,1),(3,1),(6,1),(7,1),(11,1),(16,1),(19,1),(26,1),(28,1),(31,1),(32,1),(33,1),(36,1),(37,1),(38,1),(49,1),(54,1),(57,1),(60,1),(71,1),(72,1),(77,1),(85,1),(87,1),(94,1),(4,2),(7,2),(15,2),(17,2),(22,2),(24,2),(25,2),(28,2),(34,2),(36,2),(38,2),(40,2),(41,2),(42,2),(43,2),(46,2),(52,2),(57,2),(61,2),(67,2),(68,2),(69,2),(71,2),(84,2),(88,2),(93,2),(99,2),(9,3),(10,3),(22,3),(28,3),(33,3),(36,3),(37,3),(43,3),(44,3),(46,3),(49,3),(50,3),(53,3),(55,3),(59,3),(61,3),(62,3),(63,3),(64,3),(68,3),(72,3),(75,3),(76,3),(80,3),(81,3),(85,3),(88,3),(96,3),(98,3),(100,3),(12,4),(15,4),(16,4),(27,4),(28,4),(29,4),(31,4),(35,4),(56,4),(57,4),(61,4),(62,4),(65,4),(71,4),(72,4),(74,4),(79,4),(80,4),(82,4),(87,4),(89,4),(95,4),(1,5),(2,5),(5,5),(7,5),(11,5),(13,5),(25,5),(27,5),(31,5),(38,5),(42,5),(43,5),(44,5),(45,5),(48,5),(50,5),(51,5),(52,5),(59,5),(64,5),(67,5),(71,5),(77,5),(78,5),(86,5),(87,5),(90,5),(91,5),(100,5),(5,6),(9,6),(10,6),(11,6),(15,6),(17,6),(19,6),(20,6),(26,6),(32,6),(38,6),(39,6),(47,6),(50,6),(51,6),(60,6),(67,6),(69,6),(71,6),(75,6),(76,6),(82,6),(84,6),(85,6),(89,6),(96,6),(98,6),(2,7),(16,7),(20,7),(21,7),(22,7),(28,7),(30,7),(32,7),(37,7),(43,7),(47,7),(50,7),(52,7),(59,7),(68,7),(71,7),(75,7),(78,7),(79,7),(80,7),(85,7),(87,7),(91,7),(100,7),(5,8),(14,8),(21,8),(23,8),(24,8),(30,8),(37,8),(43,8),(45,8),(51,8),(53,8),(58,8),(60,8),(63,8),(66,8),(67,8),(72,8),(75,8),(85,8),(86,8),(94,8),(95,8),(97,8),(98,8),(99,8),(1,9),(6,9),(10,9),(16,9),(19,9),(21,9),(25,9),(39,9),(40,9),(41,9),(44,9),(45,9),(51,9),(54,9),(57,9),(60,9),(64,9),(65,9),(68,9),(70,9),(71,9),(77,9),(83,9),(87,9),(93,9),(95,9),(96,9),(100,9),(1,10),(3,10),(7,10),(9,10),(11,10),(13,10),(16,10),(20,10),(25,10),(35,10),(38,10),(39,10),(45,10),(48,10),(49,10),(52,10),(58,10),(59,10),(62,10),(71,10),(72,10),(73,10),(77,10),(82,10),(84,10),(87,10),(96,10);
/*!40000 ALTER TABLE `movies_genres` ENABLE KEYS */;
UNLOCK TABLES;

--
-- Table structure for table `movies_media`
--

DROP TABLE IF EXISTS `movies_media`;
/*!40101 SET @saved_cs_client     = @@character_set_client */;
/*!50503 SET character_set_client = utf8mb4 */;
CREATE TABLE `movies_media` (
  `id` int unsigned NOT NULL AUTO_INCREMENT,
  `media_type_id` int unsigned NOT NULL,
  `movie_id` int unsigned NOT NULL,
  `title` varchar(100) CHARACTER SET utf8 COLLATE utf8_unicode_ci NOT NULL,
  `link` varchar(255) CHARACTER SET utf8 COLLATE utf8_unicode_ci NOT NULL,
  `created_at` datetime DEFAULT CURRENT_TIMESTAMP,
  PRIMARY KEY (`id`),
  UNIQUE KEY `title` (`title`),
  UNIQUE KEY `link` (`link`),
  KEY `movies_media_media_type_id_fk` (`media_type_id`),
  KEY `movies_media_movie_id_media_type_id_idx` (`movie_id`,`media_type_id`),
  CONSTRAINT `movies_media_media_type_id_fk` FOREIGN KEY (`media_type_id`) REFERENCES `media_types` (`id`) ON DELETE RESTRICT,
  CONSTRAINT `movies_media_movie_id_fk` FOREIGN KEY (`movie_id`) REFERENCES `movies` (`id`) ON DELETE CASCADE
) ENGINE=InnoDB AUTO_INCREMENT=301 DEFAULT CHARSET=utf8 COLLATE=utf8_unicode_ci;
/*!40101 SET character_set_client = @saved_cs_client */;

--
-- Dumping data for table `movies_media`
--

LOCK TABLES `movies_media` WRITE;
/*!40000 ALTER TABLE `movies_media` DISABLE KEYS */;
INSERT INTO `movies_media` VALUES (1,1,47,'odio_223.jpg','https://boxdrop.com/movie_db/movies_media/photo/odio_223.jpg','2019-11-30 00:58:29'),(2,2,21,'consequatur_110.jpg','https://boxdrop.com/movie_db/movies_media/posters/consequatur_110.jpg','2019-10-12 13:06:33'),(3,4,66,'ipsum_883.mp4','https://boxdrop.com/movie_db/movies_media/trailers/ipsum_883.mp4','2019-07-05 11:00:51'),(4,4,13,'reprehenderit_86.mp4','https://boxdrop.com/movie_db/movies_media/trailers/reprehenderit_86.mp4','2020-02-15 05:29:02'),(5,3,30,'nobis_777.mp4','https://boxdrop.com/movie_db/movies_media/teasers/nobis_777.mp4','2020-03-07 10:55:20'),(6,4,42,'praesentium_629.mp4','https://boxdrop.com/movie_db/movies_media/trailers/praesentium_629.mp4','2019-12-26 10:46:27'),(7,4,48,'voluptatibus_813.mp4','https://boxdrop.com/movie_db/movies_media/trailers/voluptatibus_813.mp4','2019-12-26 14:17:16'),(8,4,72,'qui_180.mp4','https://boxdrop.com/movie_db/movies_media/trailers/qui_180.mp4','2019-07-11 23:32:42'),(9,3,9,'expedita_458.mp4','https://boxdrop.com/movie_db/movies_media/teasers/expedita_458.mp4','2019-09-07 17:47:42'),(10,1,14,'nihil_749.jpg','https://boxdrop.com/movie_db/movies_media/photo/nihil_749.jpg','2019-06-29 09:25:12'),(11,4,99,'saepe_375.mp4','https://boxdrop.com/movie_db/movies_media/trailers/saepe_375.mp4','2019-10-12 11:48:52'),(12,3,59,'ad_624.mp4','https://boxdrop.com/movie_db/movies_media/teasers/ad_624.mp4','2019-09-10 19:49:29'),(13,3,17,'ratione_996.mp4','https://boxdrop.com/movie_db/movies_media/teasers/ratione_996.mp4','2019-06-13 21:54:18'),(14,4,3,'assumenda_113.mp4','https://boxdrop.com/movie_db/movies_media/trailers/assumenda_113.mp4','2019-09-27 14:19:22'),(15,2,99,'saepe_572.jpg','https://boxdrop.com/movie_db/movies_media/posters/saepe_572.jpg','2019-10-04 05:57:03'),(16,2,99,'saepe_524.jpg','https://boxdrop.com/movie_db/movies_media/posters/saepe_524.jpg','2019-08-02 22:05:28'),(17,2,74,'est_903.jpg','https://boxdrop.com/movie_db/movies_media/posters/est_903.jpg','2020-02-18 01:16:16'),(18,4,9,'expedita_945.mp4','https://boxdrop.com/movie_db/movies_media/trailers/expedita_945.mp4','2019-11-27 14:05:02'),(19,2,46,'qui_16.jpg','https://boxdrop.com/movie_db/movies_media/posters/qui_16.jpg','2019-12-31 19:21:09'),(20,3,63,'consequatur_244.mp4','https://boxdrop.com/movie_db/movies_media/teasers/consequatur_244.mp4','2019-10-18 21:05:53'),(21,2,93,'et_170.jpg','https://boxdrop.com/movie_db/movies_media/posters/et_170.jpg','2020-02-14 13:17:50'),(22,3,35,'consectetur_120.mp4','https://boxdrop.com/movie_db/movies_media/teasers/consectetur_120.mp4','2020-02-18 03:49:37'),(23,4,82,'saepe_87.mp4','https://boxdrop.com/movie_db/movies_media/trailers/saepe_87.mp4','2019-11-27 03:09:34'),(24,3,49,'magni_77.mp4','https://boxdrop.com/movie_db/movies_media/teasers/magni_77.mp4','2019-04-30 06:46:16'),(25,3,64,'tenetur_122.mp4','https://boxdrop.com/movie_db/movies_media/teasers/tenetur_122.mp4','2019-04-16 16:17:04'),(26,1,82,'saepe_380.jpg','https://boxdrop.com/movie_db/movies_media/photo/saepe_380.jpg','2019-10-06 21:28:34'),(27,4,98,'minima_533.mp4','https://boxdrop.com/movie_db/movies_media/trailers/minima_533.mp4','2019-08-04 22:10:31'),(28,4,41,'voluptatem_526.mp4','https://boxdrop.com/movie_db/movies_media/trailers/voluptatem_526.mp4','2019-06-06 16:45:53'),(29,3,72,'qui_32.mp4','https://boxdrop.com/movie_db/movies_media/teasers/qui_32.mp4','2019-08-07 20:29:32'),(30,3,5,'dolorem_581.mp4','https://boxdrop.com/movie_db/movies_media/teasers/dolorem_581.mp4','2019-11-27 12:13:29'),(31,3,67,'ex_807.mp4','https://boxdrop.com/movie_db/movies_media/teasers/ex_807.mp4','2020-02-13 01:56:15'),(32,4,15,'sed_296.mp4','https://boxdrop.com/movie_db/movies_media/trailers/sed_296.mp4','2020-02-07 22:21:14'),(33,1,23,'facere_56.jpg','https://boxdrop.com/movie_db/movies_media/photo/facere_56.jpg','2019-10-09 13:07:55'),(34,4,80,'est_390.mp4','https://boxdrop.com/movie_db/movies_media/trailers/est_390.mp4','2019-09-09 11:58:21'),(35,2,45,'non_783.jpg','https://boxdrop.com/movie_db/movies_media/posters/non_783.jpg','2019-04-24 05:34:29'),(36,1,45,'non_748.jpg','https://boxdrop.com/movie_db/movies_media/photo/non_748.jpg','2020-03-18 13:57:00'),(37,1,46,'qui_392.jpg','https://boxdrop.com/movie_db/movies_media/photo/qui_392.jpg','2019-06-30 01:27:23'),(38,1,77,'alias_712.jpg','https://boxdrop.com/movie_db/movies_media/photo/alias_712.jpg','2019-07-24 05:13:51'),(39,2,85,'cumque_385.jpg','https://boxdrop.com/movie_db/movies_media/posters/cumque_385.jpg','2019-06-06 20:44:01'),(40,3,16,'aspernatur_791.mp4','https://boxdrop.com/movie_db/movies_media/teasers/aspernatur_791.mp4','2019-07-12 11:27:19'),(41,1,87,'natus_798.jpg','https://boxdrop.com/movie_db/movies_media/photo/natus_798.jpg','2020-01-02 23:40:49'),(42,4,11,'minima_620.mp4','https://boxdrop.com/movie_db/movies_media/trailers/minima_620.mp4','2019-12-09 23:10:21'),(43,3,37,'architecto_706.mp4','https://boxdrop.com/movie_db/movies_media/teasers/architecto_706.mp4','2019-09-29 20:44:57'),(44,3,97,'quia_669.mp4','https://boxdrop.com/movie_db/movies_media/teasers/quia_669.mp4','2020-02-15 22:24:21'),(45,4,93,'et_230.mp4','https://boxdrop.com/movie_db/movies_media/trailers/et_230.mp4','2019-08-25 09:50:10'),(46,1,78,'distinctio_139.jpg','https://boxdrop.com/movie_db/movies_media/photo/distinctio_139.jpg','2019-10-07 05:30:26'),(47,1,5,'dolorem_5.jpg','https://boxdrop.com/movie_db/movies_media/photo/dolorem_5.jpg','2019-05-02 14:58:52'),(48,1,99,'saepe_605.jpg','https://boxdrop.com/movie_db/movies_media/photo/saepe_605.jpg','2019-06-19 18:16:01'),(49,1,15,'sed_15.jpg','https://boxdrop.com/movie_db/movies_media/photo/sed_15.jpg','2019-03-31 11:40:07'),(50,3,97,'quia_256.mp4','https://boxdrop.com/movie_db/movies_media/teasers/quia_256.mp4','2019-07-06 23:20:39'),(51,1,20,'rerum_238.jpg','https://boxdrop.com/movie_db/movies_media/photo/rerum_238.jpg','2019-07-09 23:18:38'),(52,2,97,'quia_419.jpg','https://boxdrop.com/movie_db/movies_media/posters/quia_419.jpg','2020-01-23 21:31:20'),(53,2,20,'rerum_381.jpg','https://boxdrop.com/movie_db/movies_media/posters/rerum_381.jpg','2019-12-21 08:49:27'),(54,4,91,'qui_646.mp4','https://boxdrop.com/movie_db/movies_media/trailers/qui_646.mp4','2019-06-10 14:52:05'),(55,4,99,'saepe_91.mp4','https://boxdrop.com/movie_db/movies_media/trailers/saepe_91.mp4','2019-04-06 22:58:47'),(56,2,52,'magni_515.jpg','https://boxdrop.com/movie_db/movies_media/posters/magni_515.jpg','2019-12-08 17:42:19'),(57,4,4,'qui_304.mp4','https://boxdrop.com/movie_db/movies_media/trailers/qui_304.mp4','2019-09-25 13:23:29'),(58,1,68,'et_971.jpg','https://boxdrop.com/movie_db/movies_media/photo/et_971.jpg','2019-07-15 23:23:30'),(59,1,13,'reprehenderit_945.jpg','https://boxdrop.com/movie_db/movies_media/photo/reprehenderit_945.jpg','2019-12-26 03:29:16'),(60,1,49,'magni_815.jpg','https://boxdrop.com/movie_db/movies_media/photo/magni_815.jpg','2019-05-02 06:29:06'),(61,4,66,'ipsum_239.mp4','https://boxdrop.com/movie_db/movies_media/trailers/ipsum_239.mp4','2020-03-08 18:30:04'),(62,3,65,'rerum_746.mp4','https://boxdrop.com/movie_db/movies_media/teasers/rerum_746.mp4','2020-02-08 13:41:12'),(63,3,18,'optio_17.mp4','https://boxdrop.com/movie_db/movies_media/teasers/optio_17.mp4','2020-02-22 21:25:19'),(64,2,98,'minima_842.jpg','https://boxdrop.com/movie_db/movies_media/posters/minima_842.jpg','2019-06-14 15:43:56'),(65,3,41,'voluptatem_164.mp4','https://boxdrop.com/movie_db/movies_media/teasers/voluptatem_164.mp4','2019-10-31 01:00:48'),(66,2,92,'quod_290.jpg','https://boxdrop.com/movie_db/movies_media/posters/quod_290.jpg','2019-10-07 01:23:29'),(67,2,34,'facilis_959.jpg','https://boxdrop.com/movie_db/movies_media/posters/facilis_959.jpg','2019-10-30 11:03:26'),(68,1,25,'qui_929.jpg','https://boxdrop.com/movie_db/movies_media/photo/qui_929.jpg','2019-06-03 16:54:55'),(69,3,62,'itaque_767.mp4','https://boxdrop.com/movie_db/movies_media/teasers/itaque_767.mp4','2020-02-25 08:56:17'),(70,1,57,'nemo_48.jpg','https://boxdrop.com/movie_db/movies_media/photo/nemo_48.jpg','2019-06-05 14:32:13'),(71,4,22,'ducimus_938.mp4','https://boxdrop.com/movie_db/movies_media/trailers/ducimus_938.mp4','2020-01-13 20:04:44'),(72,4,44,'quia_548.mp4','https://boxdrop.com/movie_db/movies_media/trailers/quia_548.mp4','2020-02-16 07:53:40'),(73,4,71,'est_924.mp4','https://boxdrop.com/movie_db/movies_media/trailers/est_924.mp4','2020-01-15 12:25:23'),(74,2,67,'ex_978.jpg','https://boxdrop.com/movie_db/movies_media/posters/ex_978.jpg','2019-05-25 15:47:54'),(75,2,76,'voluptas_121.jpg','https://boxdrop.com/movie_db/movies_media/posters/voluptas_121.jpg','2019-06-26 05:41:54'),(76,2,89,'qui_668.jpg','https://boxdrop.com/movie_db/movies_media/posters/qui_668.jpg','2019-08-18 09:08:25'),(77,4,41,'voluptatem_978.mp4','https://boxdrop.com/movie_db/movies_media/trailers/voluptatem_978.mp4','2019-04-30 04:08:08'),(78,1,12,'aut_885.jpg','https://boxdrop.com/movie_db/movies_media/photo/aut_885.jpg','2019-12-30 20:45:06'),(79,1,16,'aspernatur_493.jpg','https://boxdrop.com/movie_db/movies_media/photo/aspernatur_493.jpg','2019-12-06 01:11:45'),(80,3,90,'quam_810.mp4','https://boxdrop.com/movie_db/movies_media/teasers/quam_810.mp4','2020-03-17 22:50:44'),(81,3,2,'laborum_573.mp4','https://boxdrop.com/movie_db/movies_media/teasers/laborum_573.mp4','2019-11-28 20:10:13'),(82,3,17,'ratione_433.mp4','https://boxdrop.com/movie_db/movies_media/teasers/ratione_433.mp4','2020-02-20 03:56:03'),(83,1,69,'est_445.jpg','https://boxdrop.com/movie_db/movies_media/photo/est_445.jpg','2019-09-10 12:21:01'),(84,1,88,'magnam_925.jpg','https://boxdrop.com/movie_db/movies_media/photo/magnam_925.jpg','2019-10-31 11:12:24'),(85,2,56,'delectus_293.jpg','https://boxdrop.com/movie_db/movies_media/posters/delectus_293.jpg','2019-09-02 12:18:43'),(86,4,89,'qui_687.mp4','https://boxdrop.com/movie_db/movies_media/trailers/qui_687.mp4','2020-03-30 06:45:32'),(87,1,53,'ab_557.jpg','https://boxdrop.com/movie_db/movies_media/photo/ab_557.jpg','2020-01-13 15:37:36'),(88,1,4,'qui_723.jpg','https://boxdrop.com/movie_db/movies_media/photo/qui_723.jpg','2019-04-10 05:31:48'),(89,1,44,'quia_944.jpg','https://boxdrop.com/movie_db/movies_media/photo/quia_944.jpg','2019-08-12 13:46:35'),(90,2,6,'aut_555.jpg','https://boxdrop.com/movie_db/movies_media/posters/aut_555.jpg','2020-02-18 22:50:05'),(91,4,84,'aut_941.mp4','https://boxdrop.com/movie_db/movies_media/trailers/aut_941.mp4','2019-09-02 06:20:09'),(92,2,62,'itaque_40.jpg','https://boxdrop.com/movie_db/movies_media/posters/itaque_40.jpg','2019-06-11 17:30:30'),(93,2,47,'odio_375.jpg','https://boxdrop.com/movie_db/movies_media/posters/odio_375.jpg','2020-02-02 10:43:06'),(94,3,82,'saepe_754.mp4','https://boxdrop.com/movie_db/movies_media/teasers/saepe_754.mp4','2020-01-20 07:56:26'),(95,1,81,'mollitia_649.jpg','https://boxdrop.com/movie_db/movies_media/photo/mollitia_649.jpg','2020-01-15 03:30:27'),(96,2,18,'optio_982.jpg','https://boxdrop.com/movie_db/movies_media/posters/optio_982.jpg','2019-12-09 21:05:00'),(97,1,52,'magni_963.jpg','https://boxdrop.com/movie_db/movies_media/photo/magni_963.jpg','2019-05-16 01:06:53'),(98,4,18,'optio_868.mp4','https://boxdrop.com/movie_db/movies_media/trailers/optio_868.mp4','2019-08-12 06:47:04'),(99,3,75,'est_454.mp4','https://boxdrop.com/movie_db/movies_media/teasers/est_454.mp4','2019-11-22 13:02:30'),(100,1,50,'est_665.jpg','https://boxdrop.com/movie_db/movies_media/photo/est_665.jpg','2019-07-09 14:26:56'),(101,1,50,'est_961.jpg','https://boxdrop.com/movie_db/movies_media/photo/est_961.jpg','2019-06-01 02:28:34'),(102,3,8,'omnis_813.mp4','https://boxdrop.com/movie_db/movies_media/teasers/omnis_813.mp4','2020-03-24 17:23:38'),(103,3,72,'qui_182.mp4','https://boxdrop.com/movie_db/movies_media/teasers/qui_182.mp4','2019-05-06 00:15:36'),(104,1,25,'qui_470.jpg','https://boxdrop.com/movie_db/movies_media/photo/qui_470.jpg','2019-11-11 20:31:09'),(105,1,81,'mollitia_805.jpg','https://boxdrop.com/movie_db/movies_media/photo/mollitia_805.jpg','2019-09-09 09:10:27'),(106,4,35,'consectetur_614.mp4','https://boxdrop.com/movie_db/movies_media/trailers/consectetur_614.mp4','2019-10-16 22:25:30'),(107,3,25,'qui_655.mp4','https://boxdrop.com/movie_db/movies_media/teasers/qui_655.mp4','2019-08-16 02:37:06'),(108,1,89,'qui_432.jpg','https://boxdrop.com/movie_db/movies_media/photo/qui_432.jpg','2020-02-27 09:50:45'),(109,2,69,'est_196.jpg','https://boxdrop.com/movie_db/movies_media/posters/est_196.jpg','2020-02-05 14:36:57'),(110,2,32,'nesciunt_681.jpg','https://boxdrop.com/movie_db/movies_media/posters/nesciunt_681.jpg','2019-04-23 13:44:36'),(111,2,40,'autem_819.jpg','https://boxdrop.com/movie_db/movies_media/posters/autem_819.jpg','2019-08-20 19:00:31'),(112,1,32,'nesciunt_55.jpg','https://boxdrop.com/movie_db/movies_media/photo/nesciunt_55.jpg','2019-12-21 21:51:39'),(113,1,84,'aut_816.jpg','https://boxdrop.com/movie_db/movies_media/photo/aut_816.jpg','2019-11-09 09:24:07'),(114,2,12,'aut_915.jpg','https://boxdrop.com/movie_db/movies_media/posters/aut_915.jpg','2019-06-22 21:14:52'),(115,3,55,'maxime_127.mp4','https://boxdrop.com/movie_db/movies_media/teasers/maxime_127.mp4','2020-02-18 23:32:12'),(116,2,88,'magnam_889.jpg','https://boxdrop.com/movie_db/movies_media/posters/magnam_889.jpg','2019-07-17 16:56:03'),(117,2,100,'sequi_67.jpg','https://boxdrop.com/movie_db/movies_media/posters/sequi_67.jpg','2019-10-09 01:16:13'),(118,3,7,'autem_665.mp4','https://boxdrop.com/movie_db/movies_media/teasers/autem_665.mp4','2020-01-09 12:47:53'),(119,4,7,'autem_126.mp4','https://boxdrop.com/movie_db/movies_media/trailers/autem_126.mp4','2019-09-24 01:10:18'),(120,4,86,'temporibus_635.mp4','https://boxdrop.com/movie_db/movies_media/trailers/temporibus_635.mp4','2019-09-20 01:36:24'),(121,2,62,'itaque_795.jpg','https://boxdrop.com/movie_db/movies_media/posters/itaque_795.jpg','2020-01-22 16:21:49'),(122,2,51,'quod_73.jpg','https://boxdrop.com/movie_db/movies_media/posters/quod_73.jpg','2019-11-05 01:24:18'),(123,3,17,'ratione_976.mp4','https://boxdrop.com/movie_db/movies_media/teasers/ratione_976.mp4','2019-07-17 01:18:36'),(124,1,56,'delectus_663.jpg','https://boxdrop.com/movie_db/movies_media/photo/delectus_663.jpg','2019-10-31 09:01:33'),(125,4,8,'omnis_388.mp4','https://boxdrop.com/movie_db/movies_media/trailers/omnis_388.mp4','2019-08-24 14:29:18'),(126,3,34,'facilis_948.mp4','https://boxdrop.com/movie_db/movies_media/teasers/facilis_948.mp4','2020-02-16 08:31:37'),(127,3,38,'non_578.mp4','https://boxdrop.com/movie_db/movies_media/teasers/non_578.mp4','2019-09-27 18:41:13'),(128,4,39,'ut_48.mp4','https://boxdrop.com/movie_db/movies_media/trailers/ut_48.mp4','2019-10-26 01:42:01'),(129,1,15,'sed_503.jpg','https://boxdrop.com/movie_db/movies_media/photo/sed_503.jpg','2019-04-15 00:09:55'),(130,2,79,'eaque_372.jpg','https://boxdrop.com/movie_db/movies_media/posters/eaque_372.jpg','2019-04-25 17:55:22'),(131,1,11,'minima_352.jpg','https://boxdrop.com/movie_db/movies_media/photo/minima_352.jpg','2019-12-04 03:47:11'),(132,2,73,'est_640.jpg','https://boxdrop.com/movie_db/movies_media/posters/est_640.jpg','2020-02-28 22:53:34'),(133,1,63,'consequatur_149.jpg','https://boxdrop.com/movie_db/movies_media/photo/consequatur_149.jpg','2019-12-21 08:49:01'),(134,4,82,'saepe_822.mp4','https://boxdrop.com/movie_db/movies_media/trailers/saepe_822.mp4','2019-08-28 09:12:10'),(135,1,11,'minima_665.jpg','https://boxdrop.com/movie_db/movies_media/photo/minima_665.jpg','2019-05-29 01:01:06'),(136,4,56,'delectus_858.mp4','https://boxdrop.com/movie_db/movies_media/trailers/delectus_858.mp4','2020-02-08 02:15:47'),(137,1,88,'magnam_298.jpg','https://boxdrop.com/movie_db/movies_media/photo/magnam_298.jpg','2019-03-31 10:49:36'),(138,3,58,'labore_911.mp4','https://boxdrop.com/movie_db/movies_media/teasers/labore_911.mp4','2019-12-29 23:59:00'),(139,4,45,'non_664.mp4','https://boxdrop.com/movie_db/movies_media/trailers/non_664.mp4','2019-10-02 21:31:14'),(140,2,89,'qui_588.jpg','https://boxdrop.com/movie_db/movies_media/posters/qui_588.jpg','2019-07-18 19:03:05'),(141,3,2,'laborum_949.mp4','https://boxdrop.com/movie_db/movies_media/teasers/laborum_949.mp4','2019-09-14 16:22:11'),(142,4,100,'sequi_981.mp4','https://boxdrop.com/movie_db/movies_media/trailers/sequi_981.mp4','2019-06-30 10:46:21'),(143,1,88,'magnam_58.jpg','https://boxdrop.com/movie_db/movies_media/photo/magnam_58.jpg','2019-04-29 19:31:28'),(144,2,60,'quo_343.jpg','https://boxdrop.com/movie_db/movies_media/posters/quo_343.jpg','2020-02-04 14:51:09'),(145,4,89,'qui_541.mp4','https://boxdrop.com/movie_db/movies_media/trailers/qui_541.mp4','2019-08-13 19:34:11'),(146,1,71,'est_679.jpg','https://boxdrop.com/movie_db/movies_media/photo/est_679.jpg','2019-11-25 02:35:35'),(147,3,6,'aut_772.mp4','https://boxdrop.com/movie_db/movies_media/teasers/aut_772.mp4','2020-01-03 08:38:18'),(148,4,10,'error_822.mp4','https://boxdrop.com/movie_db/movies_media/trailers/error_822.mp4','2019-12-24 07:22:45'),(149,3,23,'facere_797.mp4','https://boxdrop.com/movie_db/movies_media/teasers/facere_797.mp4','2020-02-22 06:40:59'),(150,4,37,'architecto_517.mp4','https://boxdrop.com/movie_db/movies_media/trailers/architecto_517.mp4','2019-09-14 22:59:14'),(151,3,58,'labore_193.mp4','https://boxdrop.com/movie_db/movies_media/teasers/labore_193.mp4','2020-03-29 00:33:00'),(152,1,4,'qui_414.jpg','https://boxdrop.com/movie_db/movies_media/photo/qui_414.jpg','2020-02-17 10:24:29'),(153,1,98,'minima_492.jpg','https://boxdrop.com/movie_db/movies_media/photo/minima_492.jpg','2019-12-28 21:42:47'),(154,3,49,'magni_218.mp4','https://boxdrop.com/movie_db/movies_media/teasers/magni_218.mp4','2020-03-07 06:55:56'),(155,3,75,'est_614.mp4','https://boxdrop.com/movie_db/movies_media/teasers/est_614.mp4','2019-12-01 02:09:23'),(156,2,94,'iusto_414.jpg','https://boxdrop.com/movie_db/movies_media/posters/iusto_414.jpg','2019-04-13 16:05:35'),(157,1,60,'quo_231.jpg','https://boxdrop.com/movie_db/movies_media/photo/quo_231.jpg','2019-07-20 00:06:48'),(158,4,15,'sed_909.mp4','https://boxdrop.com/movie_db/movies_media/trailers/sed_909.mp4','2019-12-05 16:04:42'),(159,3,32,'nesciunt_856.mp4','https://boxdrop.com/movie_db/movies_media/teasers/nesciunt_856.mp4','2019-07-09 06:26:26'),(160,2,50,'est_555.jpg','https://boxdrop.com/movie_db/movies_media/posters/est_555.jpg','2019-10-01 06:33:36'),(161,3,13,'reprehenderit_203.mp4','https://boxdrop.com/movie_db/movies_media/teasers/reprehenderit_203.mp4','2019-03-31 10:11:39'),(162,1,20,'rerum_352.jpg','https://boxdrop.com/movie_db/movies_media/photo/rerum_352.jpg','2019-11-07 03:17:26'),(163,2,64,'tenetur_149.jpg','https://boxdrop.com/movie_db/movies_media/posters/tenetur_149.jpg','2019-12-06 13:55:16'),(164,2,85,'cumque_686.jpg','https://boxdrop.com/movie_db/movies_media/posters/cumque_686.jpg','2019-04-13 07:08:34'),(165,2,20,'rerum_988.jpg','https://boxdrop.com/movie_db/movies_media/posters/rerum_988.jpg','2020-02-13 17:33:45'),(166,1,18,'optio_882.jpg','https://boxdrop.com/movie_db/movies_media/photo/optio_882.jpg','2020-03-26 05:06:05'),(167,1,13,'reprehenderit_448.jpg','https://boxdrop.com/movie_db/movies_media/photo/reprehenderit_448.jpg','2019-07-08 15:20:05'),(168,4,22,'ducimus_591.mp4','https://boxdrop.com/movie_db/movies_media/trailers/ducimus_591.mp4','2019-10-01 11:46:52'),(169,2,83,'assumenda_612.jpg','https://boxdrop.com/movie_db/movies_media/posters/assumenda_612.jpg','2019-04-26 07:36:43'),(170,1,52,'magni_287.jpg','https://boxdrop.com/movie_db/movies_media/photo/magni_287.jpg','2019-08-17 21:08:25'),(171,1,7,'autem_597.jpg','https://boxdrop.com/movie_db/movies_media/photo/autem_597.jpg','2019-10-02 19:52:04'),(172,1,34,'facilis_126.jpg','https://boxdrop.com/movie_db/movies_media/photo/facilis_126.jpg','2020-03-18 08:31:48'),(173,1,39,'ut_837.jpg','https://boxdrop.com/movie_db/movies_media/photo/ut_837.jpg','2019-08-30 11:03:27'),(174,4,13,'reprehenderit_808.mp4','https://boxdrop.com/movie_db/movies_media/trailers/reprehenderit_808.mp4','2020-02-06 01:42:46'),(175,2,22,'ducimus_531.jpg','https://boxdrop.com/movie_db/movies_media/posters/ducimus_531.jpg','2019-10-09 18:23:49'),(176,4,90,'quam_229.mp4','https://boxdrop.com/movie_db/movies_media/trailers/quam_229.mp4','2019-09-25 04:55:15'),(177,3,83,'assumenda_550.mp4','https://boxdrop.com/movie_db/movies_media/teasers/assumenda_550.mp4','2020-02-01 13:27:20'),(178,4,51,'quod_66.mp4','https://boxdrop.com/movie_db/movies_media/trailers/quod_66.mp4','2019-05-31 15:54:29'),(179,2,38,'non_679.jpg','https://boxdrop.com/movie_db/movies_media/posters/non_679.jpg','2019-06-17 01:32:06'),(180,2,32,'nesciunt_196.jpg','https://boxdrop.com/movie_db/movies_media/posters/nesciunt_196.jpg','2019-08-19 21:00:28'),(181,2,58,'labore_942.jpg','https://boxdrop.com/movie_db/movies_media/posters/labore_942.jpg','2020-02-19 14:34:32'),(182,2,35,'consectetur_126.jpg','https://boxdrop.com/movie_db/movies_media/posters/consectetur_126.jpg','2019-05-02 14:59:02'),(183,1,71,'est_801.jpg','https://boxdrop.com/movie_db/movies_media/photo/est_801.jpg','2019-12-04 02:32:28'),(184,2,81,'mollitia_627.jpg','https://boxdrop.com/movie_db/movies_media/posters/mollitia_627.jpg','2020-01-12 19:21:47'),(185,2,25,'qui_734.jpg','https://boxdrop.com/movie_db/movies_media/posters/qui_734.jpg','2019-09-12 14:12:31'),(186,3,12,'aut_787.mp4','https://boxdrop.com/movie_db/movies_media/teasers/aut_787.mp4','2019-08-04 09:43:47'),(187,3,78,'distinctio_736.mp4','https://boxdrop.com/movie_db/movies_media/teasers/distinctio_736.mp4','2020-03-17 17:04:39'),(188,4,97,'quia_319.mp4','https://boxdrop.com/movie_db/movies_media/trailers/quia_319.mp4','2019-08-28 20:00:22'),(189,4,93,'et_383.mp4','https://boxdrop.com/movie_db/movies_media/trailers/et_383.mp4','2019-09-10 14:31:55'),(190,4,87,'natus_960.mp4','https://boxdrop.com/movie_db/movies_media/trailers/natus_960.mp4','2019-10-10 12:55:47'),(191,4,73,'est_651.mp4','https://boxdrop.com/movie_db/movies_media/trailers/est_651.mp4','2019-08-10 17:58:13'),(192,1,48,'voluptatibus_377.jpg','https://boxdrop.com/movie_db/movies_media/photo/voluptatibus_377.jpg','2019-05-07 07:25:24'),(193,4,86,'temporibus_931.mp4','https://boxdrop.com/movie_db/movies_media/trailers/temporibus_931.mp4','2019-06-19 13:34:04'),(194,1,1,'earum_527.jpg','https://boxdrop.com/movie_db/movies_media/photo/earum_527.jpg','2019-07-02 00:07:54'),(195,3,35,'consectetur_839.mp4','https://boxdrop.com/movie_db/movies_media/teasers/consectetur_839.mp4','2019-12-14 03:38:30'),(196,4,81,'mollitia_614.mp4','https://boxdrop.com/movie_db/movies_media/trailers/mollitia_614.mp4','2019-04-19 04:57:37'),(197,2,82,'saepe_555.jpg','https://boxdrop.com/movie_db/movies_media/posters/saepe_555.jpg','2020-03-06 14:06:34'),(198,4,62,'itaque_931.mp4','https://boxdrop.com/movie_db/movies_media/trailers/itaque_931.mp4','2020-01-03 14:33:12'),(199,2,70,'aut_993.jpg','https://boxdrop.com/movie_db/movies_media/posters/aut_993.jpg','2019-11-17 09:20:08'),(200,3,6,'aut_172.mp4','https://boxdrop.com/movie_db/movies_media/teasers/aut_172.mp4','2019-05-09 18:23:02'),(201,2,75,'est_877.jpg','https://boxdrop.com/movie_db/movies_media/posters/est_877.jpg','2019-08-28 14:43:35'),(202,4,26,'iure_873.mp4','https://boxdrop.com/movie_db/movies_media/trailers/iure_873.mp4','2019-07-23 19:23:58'),(203,2,62,'itaque_733.jpg','https://boxdrop.com/movie_db/movies_media/posters/itaque_733.jpg','2020-01-30 22:17:34'),(204,1,69,'est_47.jpg','https://boxdrop.com/movie_db/movies_media/photo/est_47.jpg','2020-03-10 09:34:31'),(205,4,33,'provident_33.mp4','https://boxdrop.com/movie_db/movies_media/trailers/provident_33.mp4','2019-11-23 13:00:50'),(206,1,69,'est_26.jpg','https://boxdrop.com/movie_db/movies_media/photo/est_26.jpg','2020-01-16 22:00:10'),(207,1,33,'provident_28.jpg','https://boxdrop.com/movie_db/movies_media/photo/provident_28.jpg','2020-03-07 16:28:06'),(208,4,60,'quo_64.mp4','https://boxdrop.com/movie_db/movies_media/trailers/quo_64.mp4','2019-05-29 13:51:18'),(209,3,15,'sed_233.mp4','https://boxdrop.com/movie_db/movies_media/teasers/sed_233.mp4','2019-04-18 23:51:25'),(210,3,42,'praesentium_972.mp4','https://boxdrop.com/movie_db/movies_media/teasers/praesentium_972.mp4','2019-04-29 15:34:39'),(211,4,93,'et_164.mp4','https://boxdrop.com/movie_db/movies_media/trailers/et_164.mp4','2019-05-15 04:06:28'),(212,4,42,'praesentium_903.mp4','https://boxdrop.com/movie_db/movies_media/trailers/praesentium_903.mp4','2019-12-30 16:23:15'),(213,3,37,'architecto_24.mp4','https://boxdrop.com/movie_db/movies_media/teasers/architecto_24.mp4','2019-10-11 19:31:14'),(214,4,26,'iure_408.mp4','https://boxdrop.com/movie_db/movies_media/trailers/iure_408.mp4','2019-04-03 14:05:12'),(215,4,46,'qui_969.mp4','https://boxdrop.com/movie_db/movies_media/trailers/qui_969.mp4','2020-01-31 04:09:37'),(216,4,1,'earum_622.mp4','https://boxdrop.com/movie_db/movies_media/trailers/earum_622.mp4','2019-11-20 04:52:35'),(217,3,49,'magni_203.mp4','https://boxdrop.com/movie_db/movies_media/teasers/magni_203.mp4','2020-02-06 03:43:51'),(218,4,73,'est_149.mp4','https://boxdrop.com/movie_db/movies_media/trailers/est_149.mp4','2019-09-29 08:10:59'),(219,4,50,'est_134.mp4','https://boxdrop.com/movie_db/movies_media/trailers/est_134.mp4','2019-08-22 21:30:36'),(220,4,65,'rerum_223.mp4','https://boxdrop.com/movie_db/movies_media/trailers/rerum_223.mp4','2019-07-01 00:23:14'),(221,1,97,'quia_714.jpg','https://boxdrop.com/movie_db/movies_media/photo/quia_714.jpg','2019-04-09 14:11:23'),(222,2,86,'temporibus_904.jpg','https://boxdrop.com/movie_db/movies_media/posters/temporibus_904.jpg','2019-06-05 12:34:44'),(223,2,50,'est_376.jpg','https://boxdrop.com/movie_db/movies_media/posters/est_376.jpg','2020-02-28 11:43:04'),(224,3,47,'odio_167.mp4','https://boxdrop.com/movie_db/movies_media/teasers/odio_167.mp4','2019-05-19 08:09:23'),(225,1,5,'dolorem_706.jpg','https://boxdrop.com/movie_db/movies_media/photo/dolorem_706.jpg','2019-12-13 06:14:05'),(226,2,14,'nihil_33.jpg','https://boxdrop.com/movie_db/movies_media/posters/nihil_33.jpg','2019-06-28 02:17:06'),(227,4,10,'error_42.mp4','https://boxdrop.com/movie_db/movies_media/trailers/error_42.mp4','2019-07-03 14:22:24'),(228,2,71,'est_112.jpg','https://boxdrop.com/movie_db/movies_media/posters/est_112.jpg','2019-11-11 08:13:44'),(229,2,59,'ad_432.jpg','https://boxdrop.com/movie_db/movies_media/posters/ad_432.jpg','2019-10-16 21:15:44'),(230,4,53,'ab_824.mp4','https://boxdrop.com/movie_db/movies_media/trailers/ab_824.mp4','2019-07-06 23:34:08'),(231,3,27,'error_827.mp4','https://boxdrop.com/movie_db/movies_media/teasers/error_827.mp4','2020-03-30 02:35:43'),(232,1,24,'distinctio_664.jpg','https://boxdrop.com/movie_db/movies_media/photo/distinctio_664.jpg','2020-02-16 04:47:58'),(233,3,81,'mollitia_838.mp4','https://boxdrop.com/movie_db/movies_media/teasers/mollitia_838.mp4','2020-02-22 19:15:56'),(234,3,86,'temporibus_200.mp4','https://boxdrop.com/movie_db/movies_media/teasers/temporibus_200.mp4','2020-03-17 08:38:04'),(235,3,38,'non_483.mp4','https://boxdrop.com/movie_db/movies_media/teasers/non_483.mp4','2019-08-15 04:57:25'),(236,3,12,'aut_814.mp4','https://boxdrop.com/movie_db/movies_media/teasers/aut_814.mp4','2020-01-02 14:07:42'),(237,2,83,'assumenda_625.jpg','https://boxdrop.com/movie_db/movies_media/posters/assumenda_625.jpg','2019-08-15 03:26:57'),(238,1,64,'tenetur_683.jpg','https://boxdrop.com/movie_db/movies_media/photo/tenetur_683.jpg','2019-10-07 11:16:36'),(239,3,42,'praesentium_538.mp4','https://boxdrop.com/movie_db/movies_media/teasers/praesentium_538.mp4','2019-08-05 23:18:07'),(240,2,96,'tempora_641.jpg','https://boxdrop.com/movie_db/movies_media/posters/tempora_641.jpg','2019-07-13 17:52:45'),(241,2,99,'saepe_591.jpg','https://boxdrop.com/movie_db/movies_media/posters/saepe_591.jpg','2020-02-04 19:49:39'),(242,2,44,'quia_32.jpg','https://boxdrop.com/movie_db/movies_media/posters/quia_32.jpg','2019-12-21 11:55:42'),(243,3,64,'tenetur_383.mp4','https://boxdrop.com/movie_db/movies_media/teasers/tenetur_383.mp4','2019-12-01 21:26:27'),(244,4,56,'delectus_823.mp4','https://boxdrop.com/movie_db/movies_media/trailers/delectus_823.mp4','2019-04-02 13:51:38'),(245,2,9,'expedita_967.jpg','https://boxdrop.com/movie_db/movies_media/posters/expedita_967.jpg','2019-12-22 22:52:34'),(246,1,26,'iure_366.jpg','https://boxdrop.com/movie_db/movies_media/photo/iure_366.jpg','2019-11-30 14:13:44'),(247,2,62,'itaque_929.jpg','https://boxdrop.com/movie_db/movies_media/posters/itaque_929.jpg','2020-01-19 20:23:32'),(248,2,12,'aut_547.jpg','https://boxdrop.com/movie_db/movies_media/posters/aut_547.jpg','2019-11-14 16:26:32'),(249,3,46,'qui_946.mp4','https://boxdrop.com/movie_db/movies_media/teasers/qui_946.mp4','2019-10-24 23:51:02'),(250,1,72,'qui_93.jpg','https://boxdrop.com/movie_db/movies_media/photo/qui_93.jpg','2020-03-27 10:09:37'),(251,3,46,'qui_621.mp4','https://boxdrop.com/movie_db/movies_media/teasers/qui_621.mp4','2019-08-08 00:28:40'),(252,2,18,'optio_831.jpg','https://boxdrop.com/movie_db/movies_media/posters/optio_831.jpg','2019-06-30 16:35:00'),(253,4,80,'est_292.mp4','https://boxdrop.com/movie_db/movies_media/trailers/est_292.mp4','2019-07-16 19:06:07'),(254,1,60,'quo_963.jpg','https://boxdrop.com/movie_db/movies_media/photo/quo_963.jpg','2020-01-12 14:57:21'),(255,3,92,'quod_942.mp4','https://boxdrop.com/movie_db/movies_media/teasers/quod_942.mp4','2019-05-23 10:17:36'),(256,1,68,'et_824.jpg','https://boxdrop.com/movie_db/movies_media/photo/et_824.jpg','2019-12-20 20:45:03'),(257,2,64,'tenetur_292.jpg','https://boxdrop.com/movie_db/movies_media/posters/tenetur_292.jpg','2019-04-30 07:54:35'),(258,2,99,'saepe_988.jpg','https://boxdrop.com/movie_db/movies_media/posters/saepe_988.jpg','2019-12-26 22:09:33'),(259,3,24,'distinctio_67.mp4','https://boxdrop.com/movie_db/movies_media/teasers/distinctio_67.mp4','2019-06-19 23:06:21'),(260,4,49,'magni_369.mp4','https://boxdrop.com/movie_db/movies_media/trailers/magni_369.mp4','2019-04-27 20:10:45'),(261,1,62,'itaque_641.jpg','https://boxdrop.com/movie_db/movies_media/photo/itaque_641.jpg','2019-07-19 14:18:01'),(262,1,69,'est_101.jpg','https://boxdrop.com/movie_db/movies_media/photo/est_101.jpg','2019-12-21 01:00:38'),(263,2,23,'facere_581.jpg','https://boxdrop.com/movie_db/movies_media/posters/facere_581.jpg','2019-12-28 20:58:55'),(264,3,65,'rerum_601.mp4','https://boxdrop.com/movie_db/movies_media/teasers/rerum_601.mp4','2020-01-13 06:20:28'),(265,4,76,'voluptas_262.mp4','https://boxdrop.com/movie_db/movies_media/trailers/voluptas_262.mp4','2019-06-27 03:51:02'),(266,4,51,'quod_505.mp4','https://boxdrop.com/movie_db/movies_media/trailers/quod_505.mp4','2019-08-07 03:10:25'),(267,1,19,'ratione_742.jpg','https://boxdrop.com/movie_db/movies_media/photo/ratione_742.jpg','2019-05-25 10:02:11'),(268,4,50,'est_194.mp4','https://boxdrop.com/movie_db/movies_media/trailers/est_194.mp4','2019-05-30 13:18:41'),(269,3,48,'voluptatibus_743.mp4','https://boxdrop.com/movie_db/movies_media/teasers/voluptatibus_743.mp4','2019-12-18 13:52:08'),(270,2,19,'ratione_135.jpg','https://boxdrop.com/movie_db/movies_media/posters/ratione_135.jpg','2019-04-15 04:12:27'),(271,1,64,'tenetur_444.jpg','https://boxdrop.com/movie_db/movies_media/photo/tenetur_444.jpg','2020-03-05 20:37:25'),(272,1,29,'sit_817.jpg','https://boxdrop.com/movie_db/movies_media/photo/sit_817.jpg','2019-04-25 15:26:01'),(273,1,97,'quia_754.jpg','https://boxdrop.com/movie_db/movies_media/photo/quia_754.jpg','2019-04-25 14:57:40'),(274,4,54,'culpa_320.mp4','https://boxdrop.com/movie_db/movies_media/trailers/culpa_320.mp4','2020-02-17 07:03:02'),(275,3,81,'mollitia_338.mp4','https://boxdrop.com/movie_db/movies_media/teasers/mollitia_338.mp4','2019-06-19 23:52:12'),(276,4,53,'ab_726.mp4','https://boxdrop.com/movie_db/movies_media/trailers/ab_726.mp4','2019-07-07 21:11:12'),(277,4,77,'alias_620.mp4','https://boxdrop.com/movie_db/movies_media/trailers/alias_620.mp4','2019-08-02 02:23:20'),(278,2,65,'rerum_921.jpg','https://boxdrop.com/movie_db/movies_media/posters/rerum_921.jpg','2020-01-09 11:38:13'),(279,2,1,'earum_745.jpg','https://boxdrop.com/movie_db/movies_media/posters/earum_745.jpg','2020-03-06 01:33:58'),(280,1,67,'ex_961.jpg','https://boxdrop.com/movie_db/movies_media/photo/ex_961.jpg','2019-11-06 04:06:30'),(281,2,65,'rerum_572.jpg','https://boxdrop.com/movie_db/movies_media/posters/rerum_572.jpg','2019-10-28 20:41:03'),(282,2,97,'quia_974.jpg','https://boxdrop.com/movie_db/movies_media/posters/quia_974.jpg','2019-10-26 23:22:21'),(283,3,84,'aut_157.mp4','https://boxdrop.com/movie_db/movies_media/teasers/aut_157.mp4','2020-01-24 20:39:22'),(284,1,80,'est_860.jpg','https://boxdrop.com/movie_db/movies_media/photo/est_860.jpg','2020-02-29 19:49:22'),(285,2,55,'maxime_832.jpg','https://boxdrop.com/movie_db/movies_media/posters/maxime_832.jpg','2020-02-25 05:54:02'),(286,1,71,'est_580.jpg','https://boxdrop.com/movie_db/movies_media/photo/est_580.jpg','2019-04-27 00:59:01'),(287,2,84,'aut_404.jpg','https://boxdrop.com/movie_db/movies_media/posters/aut_404.jpg','2019-03-31 22:19:57'),(288,3,45,'non_279.mp4','https://boxdrop.com/movie_db/movies_media/teasers/non_279.mp4','2019-09-07 17:47:33'),(289,1,27,'error_181.jpg','https://boxdrop.com/movie_db/movies_media/photo/error_181.jpg','2020-01-26 03:40:00'),(290,3,1,'earum_70.mp4','https://boxdrop.com/movie_db/movies_media/teasers/earum_70.mp4','2020-02-01 22:03:13'),(291,4,1,'earum_807.mp4','https://boxdrop.com/movie_db/movies_media/trailers/earum_807.mp4','2019-05-17 05:29:39'),(292,1,50,'est_824.jpg','https://boxdrop.com/movie_db/movies_media/photo/est_824.jpg','2019-11-05 09:42:54'),(293,3,74,'est_700.mp4','https://boxdrop.com/movie_db/movies_media/teasers/est_700.mp4','2019-07-13 20:13:26'),(294,4,76,'voluptas_30.mp4','https://boxdrop.com/movie_db/movies_media/trailers/voluptas_30.mp4','2020-03-28 07:58:34'),(295,4,43,'ut_45.mp4','https://boxdrop.com/movie_db/movies_media/trailers/ut_45.mp4','2020-02-19 09:00:09'),(296,4,49,'magni_137.mp4','https://boxdrop.com/movie_db/movies_media/trailers/magni_137.mp4','2019-09-29 11:23:57'),(297,2,59,'ad_548.jpg','https://boxdrop.com/movie_db/movies_media/posters/ad_548.jpg','2019-05-01 03:39:35'),(298,2,90,'quam_329.jpg','https://boxdrop.com/movie_db/movies_media/posters/quam_329.jpg','2019-08-13 21:53:45'),(299,2,92,'quod_3.jpg','https://boxdrop.com/movie_db/movies_media/posters/quod_3.jpg','2019-06-26 06:51:19'),(300,4,75,'est_24.mp4','https://boxdrop.com/movie_db/movies_media/trailers/est_24.mp4','2019-07-31 04:10:15');
/*!40000 ALTER TABLE `movies_media` ENABLE KEYS */;
UNLOCK TABLES;

--
-- Table structure for table `movies_names`
--

DROP TABLE IF EXISTS `movies_names`;
/*!40101 SET @saved_cs_client     = @@character_set_client */;
/*!50503 SET character_set_client = utf8mb4 */;
CREATE TABLE `movies_names` (
  `movie_id` int unsigned NOT NULL,
  `job_id` int unsigned NOT NULL,
  `name_id` int unsigned NOT NULL,
  `role` varchar(100) CHARACTER SET utf8 COLLATE utf8_unicode_ci DEFAULT NULL,
  KEY `movies_names_job_id_fk` (`job_id`),
  KEY `movies_names_movie_id_job_id_idx` (`movie_id`,`job_id`),
  KEY `movies_names_name_id_job_id_idx` (`name_id`,`job_id`),
  CONSTRAINT `movies_names_job_id_fk` FOREIGN KEY (`job_id`) REFERENCES `jobs` (`id`) ON DELETE RESTRICT,
  CONSTRAINT `movies_names_movie_id_fk` FOREIGN KEY (`movie_id`) REFERENCES `movies` (`id`) ON DELETE CASCADE,
  CONSTRAINT `movies_names_name_id_fk` FOREIGN KEY (`name_id`) REFERENCES `names` (`id`) ON DELETE CASCADE
) ENGINE=InnoDB DEFAULT CHARSET=utf8 COLLATE=utf8_unicode_ci;
/*!40101 SET character_set_client = @saved_cs_client */;

--
-- Dumping data for table `movies_names`
--

LOCK TABLES `movies_names` WRITE;
/*!40000 ALTER TABLE `movies_names` DISABLE KEYS */;
INSERT INTO `movies_names` VALUES (14,4,18,'Mr. Morris Witting Jr.'),(69,4,488,'Aida Bruen'),(52,4,219,'Margret Conn DVM'),(79,4,500,'Dusty Reinger'),(15,4,431,'Carolanne Legros'),(48,4,263,'Kimberly Wisoky'),(85,4,347,'Eliseo Roberts'),(31,4,65,'Jonatan Herzog'),(7,4,483,'Virgil Price'),(55,4,194,'Elsa Hahn DVM'),(43,4,459,'Dr. Gregg Hilpert'),(62,4,80,'Marcelo Marvin I'),(29,4,471,'Gonzalo Rodriguez'),(27,4,440,'Marco Gutkowski'),(26,4,419,'Otilia Stokes'),(1,4,32,'Jerrod Crooks'),(20,4,227,'Lavonne Emmerich II'),(45,4,405,'Elnora Robel PhD'),(85,4,401,'Erwin White'),(4,4,418,'Jennie Keebler'),(49,4,198,'Bonnie Hackett'),(48,4,397,'Mr. Merl Haley DDS'),(10,4,493,'Rogelio Hills'),(86,4,68,'Kacie Graham'),(84,4,154,'Prof. Rosendo Schmitt'),(89,4,92,'Ophelia Walsh'),(94,4,395,'Colten Heathcote DDS'),(26,4,426,'Eriberto Thompson'),(4,4,238,'Gladys Bechtelar'),(81,4,82,'Brandt Romaguera'),(25,4,45,'Prof. Destany Jaskolski PhD'),(90,4,351,'Georgette Swaniawski'),(10,4,456,'Isabel Labadie'),(79,4,417,'Axel Sipes'),(10,4,453,'Rudolph Mueller'),(45,4,352,'Mr. Dejuan Christiansen Sr.'),(22,4,275,'Albert Littel'),(59,4,123,'Mr. Ulices Schmitt'),(26,4,466,'Mr. Erin O\'Reilly DVM'),(1,4,187,'Mrs. Cindy Gorczany I'),(64,4,30,'Haylee Trantow Jr.'),(25,4,409,'Nikko Gulgowski III'),(53,4,443,'Libby Haley'),(56,4,176,'Ms. Clemmie Lowe MD'),(54,4,395,'Carson Bayer'),(66,4,36,'Merl Ledner'),(34,4,360,'Lindsey Schultz Jr.'),(14,4,298,'Rosalinda Wisozk'),(39,4,123,'Elinore Mraz'),(45,4,49,'Kameron Mertz'),(63,4,105,'Luther Hudson DVM'),(43,4,455,'Ms. Catherine Harvey II'),(34,4,465,'Mr. Darrin Champlin II'),(94,4,215,'Ms. Gerry O\'Reilly'),(22,4,443,'Lew Adams'),(64,4,281,'Dangelo Vandervort'),(46,4,487,'Dr. Kale Brekke DVM'),(50,4,402,'Elton Crona'),(18,4,10,'Blanca Herzog'),(74,4,55,'Prof. Nicholaus Turcotte'),(6,4,402,'Ora Durgan DDS'),(88,4,184,'Barrett Bergstrom'),(1,4,278,'Dimitri Wyman'),(95,4,156,'Ernesto Blick MD'),(20,4,227,'Alexys Hammes'),(52,4,56,'Dr. Neal Dibbert'),(75,4,79,'Claudia Brakus'),(58,4,343,'Lottie Robel DDS'),(62,4,309,'Nella Reynolds'),(68,4,115,'Alexandrea Spencer'),(47,4,1,'Bartholome Konopelski'),(93,4,154,'Mr. Nicola Eichmann II'),(42,4,257,'Ethan Cole III'),(25,4,330,'Angel Ondricka'),(28,4,6,'Horace Wolff'),(17,4,430,'Mr. Keanu Deckow V'),(74,4,293,'Sarina Welch'),(3,4,331,'Miss Ruth Little DVM'),(98,4,326,'Anthony Lehner'),(86,4,246,'Stan Haley'),(30,4,460,'Alverta Kuphal'),(45,4,100,'Jakayla Gislason'),(75,4,138,'Einar Glover'),(73,4,95,'Cathy Beahan'),(58,4,399,'Selina Schowalter'),(23,4,215,'Willy Casper'),(9,4,497,'Keon Kris'),(98,4,399,'Prof. Darren Beahan'),(17,4,190,'Lowell Hintz'),(96,4,63,'Lyric Stokes'),(21,4,159,'Justus Grimes'),(38,4,450,'Darian Schamberger DDS'),(83,4,211,'Dr. Guiseppe Herman DDS'),(67,4,157,'Prof. Oscar Gleichner MD'),(3,4,125,'Dr. Dayton Schultz'),(28,4,300,'Jettie Donnelly'),(98,4,352,'Nicholaus Runte'),(2,4,367,'Loy Wehner'),(32,4,391,'Eden Reichert'),(24,4,359,'Meda Sipes MD'),(4,4,234,'Hellen Hermiston'),(96,4,271,'Ms. Florence Yundt'),(58,4,246,'Dr. Jazmyn Becker'),(81,4,137,'Prof. Jacinto Spencer'),(53,4,47,'Mckayla Stamm'),(81,4,480,'Mr. Boyd Fay'),(83,4,500,'Sophie Goodwin'),(89,4,20,'Prof. Lavon Eichmann'),(66,4,250,'Lonny Schneider III'),(8,4,183,'Camylle Greenfelder'),(47,4,278,'Annalise King'),(56,4,151,'Kaela Champlin'),(61,4,19,'Destini Corwin'),(76,4,89,'Dan Cremin'),(65,4,230,'Dr. Verna Nienow Jr.'),(82,4,331,'Simone Heidenreich'),(37,4,420,'Gillian Braun'),(96,4,227,'Amiya Donnelly MD'),(57,4,271,'Mario Parisian'),(11,4,153,'Keyon Schuppe'),(23,4,72,'Prof. Christop Wilkinson I'),(21,4,40,'Darion Batz'),(5,4,403,'Jamil Roob'),(43,4,359,'Dr. Coleman Douglas'),(53,4,333,'Earlene Klein DDS'),(19,4,265,'Gaetano Thiel'),(79,4,77,'Joe Koelpin'),(51,4,288,'Lavern Borer'),(4,4,145,'Adalberto Durgan'),(11,4,279,'Prof. Adrian Eichmann'),(30,4,255,'Alivia Kohler'),(14,4,386,'Mr. Rafael Herman'),(59,4,265,'Miss Shea Hane DVM'),(71,4,380,'Gaylord Eichmann'),(81,4,142,'Prof. Cade Beier Jr.'),(91,4,108,'Mike Hane'),(84,4,99,'Henri Ledner'),(88,4,120,'Mr. Bradly Boyer III'),(93,4,18,'Krystel Cormier'),(34,4,56,'Maxie Bartoletti'),(99,4,243,'Prof. Maximillian Jerde II'),(57,4,71,'Dolores Lakin'),(32,4,300,'Prof. Horacio Dicki'),(15,4,273,'Connie Hudson'),(60,4,422,'Rod Dickinson III'),(12,4,129,'Annabel Towne'),(38,4,464,'Laurianne Labadie'),(74,4,414,'Miss Rowena Weber'),(44,4,8,'Lexi Von II'),(67,4,53,'Mrs. Madeline Reichel MD'),(82,4,332,'Irwin Mueller'),(52,4,107,'Prof. Susan Franecki Sr.'),(18,4,460,'Edmond Rohan'),(54,4,468,'Emmy Kunze'),(81,4,330,'Prof. Chase Schmeler IV'),(49,4,418,'Mr. Anderson Schmitt'),(91,4,286,'Shawn Roob'),(17,4,35,'Manley Hartmann MD'),(25,4,196,'Xzavier Botsford'),(43,4,311,'Mr. Austyn Gorczany Jr.'),(2,4,392,'Prof. Merle Moore'),(23,4,172,'Kailee Gutmann'),(92,4,12,'Tyler Waters'),(83,4,340,'Lacey Collier'),(89,4,211,'Hoyt Weissnat'),(62,4,267,'Filomena Will'),(87,4,93,'Christa Cruickshank'),(68,4,476,'Ara Thompson Jr.'),(97,4,463,'Prof. Michael Stamm III'),(15,4,317,'Katelin Kihn V'),(59,4,165,'Bridgette Schmeler'),(27,4,101,'Darion Mohr DVM'),(85,4,66,'Dr. Jess Schneider Jr.'),(57,4,227,'Ms. Vergie Konopelski MD'),(85,4,86,'Retta Bartoletti'),(32,4,5,'Mrs. Penelope Pacocha'),(75,4,235,'Elroy Sipes'),(8,4,239,'Summer Koelpin II'),(68,4,333,'Pearlie Kozey'),(6,4,18,'Lessie Mueller'),(19,4,200,'Cathrine Schaden IV'),(30,4,10,'Maegan Dach'),(33,4,108,'Katrina Klein'),(66,4,469,'Mr. Wade Berge MD'),(23,4,280,'Fannie Hegmann'),(87,4,233,'Easter Hansen'),(55,4,242,'Mr. Tommie Langworth MD'),(68,4,309,'Andy Bartell'),(82,4,1,'Sharon Hermiston'),(85,4,310,'Percival Gibson II'),(74,4,355,'Lacy Batz'),(48,4,35,'Chance Schmidt'),(66,4,102,'Orlo Nicolas'),(67,4,216,'Jordi Bashirian IV'),(17,4,274,'Khalil Harvey'),(16,4,57,'Miss Kasey Brekke PhD'),(86,4,123,'Prof. Tanner Swaniawski'),(63,4,43,'Prof. Eileen Boyle'),(78,4,2,'Tremaine Hegmann'),(79,4,142,'Melany Hayes'),(31,4,205,'Kasey Trantow'),(28,4,285,'Nick Ryan'),(61,4,225,'Deven Hackett'),(29,4,273,'Dayna Langworth'),(90,4,34,'Mateo Torp'),(69,4,233,'Rhoda Nienow DVM'),(100,4,120,'Ms. Annie Christiansen'),(45,4,56,'Annamae Grady'),(18,4,128,'Vicente Schaden'),(86,4,121,'Gail Muller'),(24,4,90,'Raul Swift'),(27,4,329,'Jaquelin O\'Kon'),(9,4,336,'Georgianna Rodriguez'),(5,4,35,'Electa Graham'),(17,4,65,'Gabriella VonRueden'),(1,4,480,'Ms. Jana Feest'),(55,4,152,'Helga Stamm'),(54,4,485,'Meagan Runolfsson IV'),(14,4,212,'Prof. Romaine Nolan'),(51,4,360,'Zoie Ledner'),(95,4,400,'Jackie Runolfsson I'),(42,4,405,'Mr. Andres Schowalter I'),(84,4,39,'Orlo Wisozk'),(87,4,109,'Gerardo Stroman'),(50,4,272,'Prof. Adell Emmerich'),(21,4,148,'Aidan Sanford'),(96,4,202,'Nakia Rippin'),(75,4,55,'Barbara Blanda MD'),(70,4,262,'Ms. Joannie Graham'),(99,4,410,'Wilma Schimmel'),(8,4,43,'Marcellus Schmeler'),(36,4,337,'Dr. Brycen Toy'),(84,4,331,'Vladimir Williamson I'),(68,4,500,'Monica Trantow'),(39,4,353,'Paula Lynch'),(4,4,474,'Dr. Joey Herzog'),(70,4,311,'Miss Estrella Schulist I'),(22,4,175,'Wanda Reilly'),(17,4,343,'Prof. Jackson Bernier DDS'),(19,4,259,'Jerrell Pagac'),(13,4,476,'Peyton Brekke'),(93,4,185,'Mr. Edmund Abshire'),(27,4,381,'Marisol Barrows'),(47,4,175,'Dr. Kylie Beier PhD'),(44,4,14,'Dr. Brody Tillman Jr.'),(68,4,107,'Mireille Hoeger'),(7,4,342,'Johnny Reilly'),(72,4,380,'Dr. Eliseo Barton'),(46,4,113,'Fermin Koelpin'),(36,4,216,'Arnoldo Bailey'),(88,4,300,'Callie Beer'),(21,4,467,'Anabelle Crooks'),(35,4,474,'Mr. Garret Kshlerin'),(70,4,317,'Chyna Schmidt'),(44,4,167,'Dax Wisoky'),(44,4,114,'Elda Vandervort DVM'),(43,4,243,'Kareem Robel'),(41,4,144,'Miss Kira Green'),(78,4,474,'Bradly Kiehn'),(10,4,387,'Miss Kristina Daniel'),(59,4,124,'Maud Wilderman'),(41,4,112,'Glennie Legros'),(16,4,134,'Dr. Retha Strosin'),(76,4,170,'Allene Krajcik III'),(72,4,47,'Joseph Kris Jr.'),(40,4,473,'Roger Batz'),(36,4,118,'Jedediah Grimes MD'),(24,4,230,'Adolf Lang'),(80,4,97,'Caden Reynolds V'),(10,4,196,'Miss Kaylin Flatley Jr.'),(45,4,305,'Prof. Cielo Bode I'),(49,4,142,'Miss Madisyn Mraz'),(82,4,253,'Enrique Kuhlman'),(94,4,401,'Orland Dietrich'),(65,4,340,'Laney Runolfsson PhD'),(86,4,356,'Meagan Kohler'),(23,4,43,'Prof. Brown Auer DDS'),(89,4,441,'Deron Pouros'),(42,4,300,'Prof. Pedro Hettinger MD'),(25,4,29,'Miss Rebekah Bernhard'),(22,4,250,'Darron Johnson'),(86,4,345,'Stacey Haag DVM'),(11,4,259,'Bartholome Jerde'),(14,4,15,'Stevie Rolfson'),(78,4,65,'Danyka Franecki'),(39,4,299,'Wiley Conroy'),(2,4,137,'Mr. Raymundo Padberg I'),(6,4,365,'Loraine Zieme II'),(96,4,191,'Catharine Gutkowski'),(61,4,99,'Barney Shields'),(11,4,421,'Ms. Yvonne Hessel DDS'),(83,4,174,'Tracey Ullrich'),(42,4,138,'Deja Grimes Sr.'),(3,4,500,'Prof. Edna Stehr'),(38,4,471,'Moses Trantow'),(59,4,103,'Shany Jakubowski DDS'),(3,4,100,'Dr. River Feest III'),(33,4,238,'Mortimer Bogisich Sr.'),(26,4,271,'Dr. Colt McKenzie I'),(3,4,180,'Julian McCullough'),(44,4,59,'Myrl Bahringer'),(37,4,67,'Khalil Padberg'),(30,4,222,'Jerrod Terry'),(80,4,312,'Freddy Von DVM'),(11,4,309,'Lorna Conn'),(8,4,89,'Devonte Simonis'),(91,4,181,'Lorena Kirlin'),(59,4,169,'Mrs. Dayna Schaden Jr.'),(63,4,488,'Jasmin Hyatt'),(92,4,438,'Guy Casper'),(93,4,218,'Emmanuelle Bechtelar'),(85,4,287,'Dr. Elyssa Crona Jr.'),(65,4,480,'Jovani Pfannerstill'),(47,4,345,'Christy Abbott'),(85,4,71,'Dr. Geoffrey Dach'),(26,4,307,'Joy Krajcik'),(44,4,373,'Thalia Torphy'),(38,4,51,'Shanie Gislason'),(29,4,284,'Roderick Medhurst'),(22,4,52,'Ignacio Abernathy'),(33,4,180,'Nyasia Kemmer'),(86,4,397,'Miss Tabitha Mayert I'),(45,4,144,'Raven Eichmann'),(52,4,439,'Yasmin Spinka'),(1,4,448,'Joany Abbott'),(2,4,171,'Lon Doyle'),(58,4,69,'Dorothy Glover'),(16,4,177,'Baylee Friesen'),(79,4,497,'Mr. Kristian Ratke'),(42,4,91,'Ms. Maiya Prosacco'),(13,4,87,'Prof. Kallie Aufderhar DDS'),(44,4,228,'Belle Nikolaus I'),(99,4,223,'Dr. Cicero Howell V'),(35,4,233,'Ms. Maddison Hyatt'),(22,4,496,'Jazmin Schroeder II'),(95,4,406,'Brenna Ryan'),(34,4,357,'Ethelyn Zboncak I'),(39,4,402,'Taylor Renner MD'),(20,4,366,'Prof. Morgan Koepp I'),(47,4,101,'Johan McDermott II'),(12,4,481,'Destinee Hilll'),(82,4,306,'Jo Morissette'),(35,4,212,'Javonte Hamill'),(61,4,429,'Griffin Dibbert'),(39,4,467,'Jesus Carter'),(4,4,138,'Dr. Alice Larkin MD'),(52,4,160,'Leatha Runte'),(63,4,10,'Rogelio Hand I'),(51,4,365,'Rose Kessler'),(7,4,221,'Furman Toy'),(72,4,115,'Trever Grant'),(60,4,338,'Mrs. Emmie Jakubowski'),(71,4,300,'Claudie Champlin'),(47,4,48,'Vince Huels'),(33,4,471,'Dr. Eldora Sauer'),(51,4,262,'Ashlee Weimann'),(89,4,211,'Cierra Nitzsche'),(78,4,220,'Rupert Block'),(11,4,285,'Braxton Beer'),(5,4,3,'Sean Bosco'),(44,4,172,'Miss Harmony Greenholt'),(33,4,365,'Harrison Hudson'),(6,4,329,'Walton West'),(64,4,159,'Prof. Abner Lebsack V'),(80,4,404,'Haskell Murray DDS'),(90,4,217,'Ms. Clare McKenzie'),(64,4,189,'Dr. Oswald Kunde'),(66,4,35,'Lloyd Wilderman V'),(19,4,399,'Dr. Earnest Moore'),(4,4,472,'Dr. Ariane Labadie'),(36,4,420,'Catherine Ferry'),(76,4,71,'Cordia Kreiger'),(67,4,64,'Prof. Thurman Renner IV'),(33,4,26,'Gia Durgan'),(52,4,9,'Reece Stroman IV'),(2,4,34,'Ova Schoen'),(32,4,73,'Davion Dare'),(23,4,126,'Kenton Reinger'),(5,4,158,'Dr. Shannon Leannon DDS'),(100,4,242,'Hayley Nader'),(27,4,477,'Tierra Boyle'),(72,4,77,'Mr. Cornelius Fahey'),(9,4,467,'Chanel Koepp'),(56,4,459,'Kariane Bednar'),(78,4,146,'Mason Luettgen'),(16,4,122,'Miss Pearl Labadie'),(65,4,281,'Jeffery Kessler'),(65,4,19,'Dr. Merritt Kassulke DVM'),(34,4,226,'Zackery Kuvalis'),(48,4,66,'Gudrun Steuber'),(28,4,230,'Clyde Wunsch'),(55,4,184,'Raleigh Reilly PhD'),(8,4,286,'Prof. Melany West'),(4,4,497,'Ebba Marvin'),(55,4,241,'Clotilde Zemlak'),(91,4,85,'Miss Jessyca Runolfsdottir DVM'),(30,4,120,'Raphael Gerhold'),(40,4,127,'Edyth Lowe'),(94,4,473,'Mrs. Burnice Hirthe'),(13,4,399,'Davion Bode'),(4,4,23,'Selena Herzog'),(29,4,296,'Prof. Ayla Friesen III'),(41,4,418,'Dr. Gilda Berge MD'),(40,4,269,'Gavin Murphy'),(79,4,173,'Judy Halvorson'),(46,4,196,'Annalise Stiedemann'),(40,4,335,'Mr. Cade Cormier IV'),(4,4,238,'Dr. Hazle Boehm'),(65,4,431,'Magnolia White'),(90,4,53,'Eulah Luettgen MD'),(35,4,410,'Velma Goyette'),(55,4,419,'Golden Beahan IV'),(85,4,212,'Abdiel Kerluke I'),(55,4,355,'Casey Abernathy'),(26,4,117,'Dr. Vladimir Macejkovic'),(3,4,398,'Loma Baumbach'),(62,4,54,'Mr. Hunter Will II'),(43,4,376,'Gilberto Beahan PhD'),(74,4,273,'Clint Beatty DDS'),(2,4,355,'Lura Abernathy'),(84,4,228,'Brody Rippin'),(79,4,487,'Gerson Goodwin'),(45,4,157,'Pamela Kris'),(74,4,378,'Jovan Abshire'),(92,4,192,'Ms. Kylie Lemke'),(55,4,416,'Tia Johns'),(81,4,446,'Fannie Schiller'),(16,4,132,'Rogelio Muller'),(60,4,28,'Elvera Bailey'),(82,4,27,'Alexis O\'Connell'),(82,4,42,'Ms. Adrianna Dibbert'),(43,4,316,'Jennifer Torphy II'),(52,4,53,'Christy Lesch'),(12,4,220,'Sage Keebler V'),(29,4,317,'Gonzalo Bauch'),(31,4,497,'Dr. Harmon Pagac'),(74,4,301,'Ezekiel Towne'),(42,4,406,'Dr. Dalton Corkery Sr.'),(38,4,335,'Mrs. Brooklyn Marquardt III'),(2,4,136,'Prof. Kenny Kling III'),(22,4,421,'Eloisa Ledner DDS'),(6,4,159,'Camron Hahn'),(6,4,421,'Prof. Corbin Herzog'),(43,4,46,'Ms. Mercedes Cormier'),(19,4,420,'Felipa Shanahan I'),(40,4,171,'Dr. Alexys Kutch MD'),(51,4,3,'Bridget Gerhold IV'),(34,4,345,'Ms. Angie Crona'),(44,4,470,'Myrtice Haag'),(96,4,500,'Vicky VonRueden'),(99,4,264,'Sonny Franecki'),(65,4,189,'Miss Lurline Hackett I'),(95,4,358,'Prof. Sigrid Hagenes'),(21,4,197,'Wilhelm D\'Amore'),(53,4,179,'Cheyenne Boehm'),(16,4,495,'Dwight King'),(7,4,455,'Dr. Larry Balistreri I'),(45,4,344,'Deon Koepp'),(44,4,376,'Kelley Carroll'),(88,4,291,'Muriel Moore'),(92,4,380,'Jaren Bergstrom MD'),(98,4,102,'Tracey Ebert'),(34,4,218,'Mr. Zack Kiehn'),(8,4,29,'Maximus Little'),(48,4,413,'Eduardo Littel MD'),(75,4,72,'Ms. Rebeka Sipes DVM'),(7,4,389,'Dr. Jorge Jacobs'),(40,4,264,'Gilberto Wisozk'),(17,4,306,'Mr. Shane Smith III'),(21,4,197,'Stephon Nader V'),(58,4,197,'Kariane Williamson'),(38,4,313,'Miss Beatrice Zulauf DDS'),(76,4,499,'Art Nienow Sr.'),(21,4,2,'Rosalia Wilkinson'),(81,4,274,'Paul Rosenbaum'),(50,4,470,'Hans Cronin'),(62,4,341,'Monserrat Schmidt'),(53,4,259,'Hudson Hickle PhD'),(99,4,337,'Giovanny Kozey'),(38,4,214,'Prof. Monty Lockman MD'),(91,4,254,'Modesta Gutmann'),(2,4,327,'Prof. Ottis Lakin DDS'),(1,4,266,'Mr. Miles Rogahn Jr.'),(69,4,168,'Reyna Williamson'),(38,4,154,'Miss Callie Herzog'),(8,4,143,'Dean Block'),(62,4,321,'Ms. Dorothea Renner Sr.'),(55,4,209,'Cydney Osinski IV'),(44,4,241,'Jaylon Lynch'),(88,4,319,'Mr. Rashawn Hilll'),(75,4,20,'Bryana Effertz Sr.'),(29,4,469,'Mac Hickle Sr.'),(43,4,434,'Mr. Vaughn Lebsack II'),(88,4,411,'Jakob Gusikowski'),(29,4,32,'Dr. Alanis Gottlieb DDS'),(23,4,446,'Ms. Annetta Dickinson'),(98,4,324,'Fritz Bartell Jr.'),(28,4,496,'Tyshawn Nitzsche'),(1,4,17,'Mrs. Kaitlin Kozey'),(67,4,489,'Mr. Darius Bergstrom'),(62,4,34,'Alexandrea Casper'),(17,4,450,'Alfonso Fritsch'),(24,4,235,'Omari Doyle'),(75,4,491,'Abbigail Mertz'),(40,4,492,'Salvador Jacobs III'),(54,4,274,'Houston Marquardt IV'),(71,4,144,'Mr. Rocky Lueilwitz'),(77,4,252,'Mavis Friesen'),(78,4,232,'Mr. Amani Bernhard II'),(59,4,234,'Jessie Wilkinson'),(24,4,80,'Brain Schroeder III'),(58,4,432,'Aracely Doyle III'),(71,4,68,'Ella Reynolds'),(17,4,80,'Lee Upton'),(87,4,77,'Caleigh Batz'),(58,4,380,'Felton Connelly'),(95,4,48,'Kayli Prohaska'),(83,4,323,'Miss Shanie Mante'),(83,4,409,'Rose Mayert'),(4,4,149,'Mr. Francisco Shields'),(69,4,53,'Mrs. Angelica Nienow II'),(33,4,361,'Aliyah Rice'),(77,4,396,'Alva Kunze'),(45,4,240,'Maya Bradtke V'),(52,4,385,'Prof. Thora Okuneva PhD'),(50,4,450,'Mrs. Laisha McClure Sr.'),(5,4,336,'Dr. Payton Williamson V'),(57,4,457,'Prof. Dylan Abbott I'),(5,4,246,'Ms. Kailee Powlowski'),(13,4,73,'Mabelle Jenkins MD'),(58,4,85,'Ms. Alicia Lynch PhD'),(34,4,163,'Ms. Eveline Murazik Sr.'),(26,4,163,'Alivia Zulauf'),(54,4,485,'Mr. Nels McLaughlin'),(3,4,494,'Ole Rohan I'),(33,4,476,'Akeem Flatley'),(80,4,432,'Prof. Kurt Rohan DDS'),(4,4,464,'Marcos Labadie'),(28,4,222,'Dashawn Schimmel'),(24,4,387,'Prof. Kailyn Cronin'),(13,4,118,'Evans Howe MD'),(91,4,272,'Caden Stark'),(100,4,160,'Reilly Collins DDS'),(7,4,167,'Chasity Anderson'),(76,4,115,'Alison Zulauf'),(83,4,115,'Nyasia Hessel'),(52,4,420,'Mrs. Carmela Koepp'),(84,4,321,'Octavia Haag'),(46,4,328,'Brooklyn Howell Sr.'),(18,4,22,'Prof. Madie Mertz DDS'),(25,4,92,'Lempi Towne MD'),(30,4,439,'Dominique Stehr'),(57,4,40,'Norma Purdy'),(47,4,252,'Alessandra Walsh'),(52,4,435,'Hosea Wiza'),(30,4,21,'Lola Abshire'),(77,4,251,'Dr. Josephine Yundt Sr.'),(30,4,92,'Hallie Fadel'),(73,4,421,'Brain Strosin'),(44,4,492,'Shirley Hintz'),(36,4,118,'Lawrence Lueilwitz'),(50,4,293,'Kristofer Cummerata DVM'),(76,4,89,'Wilburn Tillman'),(31,4,430,'Lenny Wehner III'),(8,4,292,'Antwan O\'Keefe'),(10,4,19,'Prof. Elvis Leffler'),(7,4,366,'Prof. Alexandrine Bradtke'),(50,4,468,'Melissa Price'),(44,4,234,'Mr. Tyrel Bednar'),(10,4,223,'Bill Runte'),(45,4,215,'Raheem Boehm III'),(95,4,348,'Maurine Stroman'),(53,4,207,'Esta Lehner IV'),(97,4,192,'Jairo Littel'),(48,4,272,'Xzavier Nitzsche'),(36,4,91,'Paige Klein'),(53,4,471,'Magdalena Gibson'),(22,4,270,'Idella Schoen'),(97,4,15,'Tia Monahan'),(45,4,342,'Stella Moen'),(64,4,334,'Paul Herzog'),(66,4,445,'Lindsey Grimes'),(44,4,291,'Prof. Imogene O\'Reilly MD'),(81,4,113,'Miss Ellie Waelchi'),(36,4,294,'Elfrieda Cole III'),(25,4,189,'Dorothea Bradtke'),(16,4,106,'Brian Morissette DVM'),(100,4,393,'Mr. Giovanni Schneider'),(95,4,63,'Prof. Mohammed Lind IV'),(7,4,441,'Erica Rolfson'),(63,4,250,'Kevon Torp IV'),(79,4,471,'Mr. Jeramie Schroeder'),(70,4,340,'Norval Schowalter'),(25,4,85,'Prof. Jude Grady Sr.'),(3,4,380,'Leopold Kunze II'),(66,4,135,'Christelle Spinka'),(94,4,111,'Jarret Larkin'),(29,4,488,'Bertrand Hansen'),(70,4,500,'Angelina Collins'),(54,4,196,'Philip Greenholt DDS'),(20,4,320,'Mrs. Claudie Sipes Sr.'),(34,4,258,'Adrien Cormier'),(26,4,72,'Celestine Kassulke'),(75,4,351,'Dr. Jayden Koch'),(8,4,459,'Dr. Juwan Koepp Jr.'),(96,4,316,'Gianni Beier Sr.'),(20,4,334,'Dr. Era Spencer II'),(26,4,490,'Prof. Martine Maggio'),(7,4,212,'Josue Dach'),(8,4,172,'Teresa Bauch'),(81,4,266,'Prof. Leo Orn V'),(72,4,483,'Lamont Gleichner DDS'),(31,4,246,'Dr. Elisha Koelpin'),(22,4,196,'Cristal Shields'),(35,4,247,'Dr. Luciano Willms III'),(58,4,11,'William Abshire'),(19,4,79,'Reuben Dicki MD'),(80,4,328,'Luciano Smitham V'),(52,4,293,'Glenna Quigley MD'),(59,4,332,'Alia Fritsch'),(62,4,310,'Kendrick Pollich'),(79,4,421,'Ms. Eleanore Lynch'),(70,4,164,'Charlie Rath'),(100,4,159,'Miss Hettie Mitchell'),(4,4,190,'Brody Abbott III'),(35,4,199,'Eugene Lehner'),(51,4,436,'Colt Hilpert'),(50,4,309,'Prof. Elena Howell III'),(73,4,52,'Heloise Ziemann'),(65,4,305,'Durward Quigley'),(34,4,208,'Gilberto Zemlak III'),(99,4,178,'Ms. Abagail Gorczany IV'),(70,4,309,'Gust Mayert DDS'),(77,4,49,'Orlo Flatley'),(20,4,117,'Mekhi Shanahan'),(94,4,312,'Alfred Cummerata'),(55,4,454,'Kiarra Kessler'),(36,4,179,'Elisa Bartoletti Sr.'),(70,4,236,'Joanne Considine'),(21,4,258,'Aniyah D\'Amore'),(14,4,369,'Dr. Celestino Emmerich'),(63,4,375,'Dr. Thora Wintheiser MD'),(7,4,84,'Mr. Demetrius Cassin'),(67,4,223,'Dr. Jaiden Morissette'),(84,4,165,'David Torphy'),(41,4,278,'Edwin Morissette IV'),(78,4,220,'Ms. Annabell Tillman'),(64,4,230,'Bridie Kassulke'),(82,4,402,'Mr. Houston Wiegand'),(89,4,309,'Marlen Sanford'),(46,4,312,'Bettye Nikolaus'),(20,4,423,'Angelina DuBuque'),(43,4,393,'Tessie Schultz'),(49,4,325,'Jodie Wisoky V'),(58,4,310,'Alanis Quigley'),(44,4,31,'Tiffany Haley'),(57,4,415,'Gaston Casper'),(52,4,8,'Weston Romaguera'),(100,4,381,'Prof. Norris Gislason'),(13,4,284,'Floy White'),(76,4,195,'Presley Shanahan'),(65,4,464,'Kali Hane'),(12,4,283,'Melvin Dickinson'),(41,4,274,'Prof. Wallace Botsford I'),(12,4,90,'Esmeralda Hahn'),(96,4,298,'Dr. Ford Weissnat'),(14,4,288,'Luciano Johnson Sr.'),(38,4,382,'Vincenza Block'),(66,4,62,'Davonte Mueller'),(36,4,444,'Judson Dibbert'),(78,4,282,'Dr. Albina Kerluke'),(18,4,6,'Doug Auer'),(19,4,208,'Dorris Beier'),(49,4,7,'Jedidiah Bogisich'),(96,4,230,'Raleigh Rogahn'),(78,4,6,'Creola Wolf'),(28,4,63,'Jordon Nitzsche'),(25,4,96,'Reid Larkin'),(56,4,196,'Houston VonRueden'),(89,4,360,'Rylan Maggio'),(62,4,195,'Dr. Jett Predovic'),(45,4,256,'Dorris Moen'),(37,4,403,'Gwen Carter'),(27,4,367,'Dr. Eulalia Zieme'),(69,4,303,'Dr. Santiago Bashirian Sr.'),(29,4,217,'Edwardo Kovacek'),(37,4,344,'Prof. Weston Schuppe'),(24,4,414,'Javon Heathcote'),(98,4,489,'Greg Lakin'),(60,4,195,'Sedrick Armstrong'),(15,4,30,'David Ziemann'),(100,4,72,'Amira Harris'),(5,4,493,'Anissa Schimmel'),(100,4,9,'Vernie Nitzsche PhD'),(83,4,35,'Prof. Kirsten Goodwin Jr.'),(7,4,376,'Markus Hilll'),(35,4,203,'Elnora Crona V'),(12,4,392,'Prof. Randy Mann'),(78,4,217,'Maggie Toy'),(95,4,473,'Deonte Dickens'),(1,1,245,NULL),(2,1,451,NULL),(3,1,379,NULL),(4,1,198,NULL),(5,1,464,NULL),(6,1,254,NULL),(7,1,475,NULL),(8,1,32,NULL),(9,1,201,NULL),(10,1,390,NULL),(11,1,339,NULL),(12,1,227,NULL),(13,1,245,NULL),(14,1,55,NULL),(15,1,273,NULL),(16,1,217,NULL),(17,1,447,NULL),(18,1,51,NULL),(19,1,319,NULL),(20,1,265,NULL),(21,1,453,NULL),(22,1,14,NULL),(23,1,318,NULL),(24,1,6,NULL),(25,1,489,NULL),(26,1,250,NULL),(27,1,59,NULL),(28,1,243,NULL),(29,1,402,NULL),(30,1,99,NULL),(31,1,116,NULL),(32,1,8,NULL),(33,1,405,NULL),(34,1,51,NULL),(35,1,8,NULL),(36,1,149,NULL),(37,1,146,NULL),(38,1,180,NULL),(39,1,311,NULL),(40,1,453,NULL),(41,1,489,NULL),(42,1,448,NULL),(43,1,285,NULL),(44,1,67,NULL),(45,1,78,NULL),(46,1,157,NULL),(47,1,140,NULL),(48,1,381,NULL),(49,1,468,NULL),(50,1,138,NULL),(51,1,333,NULL),(52,1,308,NULL),(53,1,126,NULL),(54,1,439,NULL),(55,1,405,NULL),(56,1,7,NULL),(57,1,88,NULL),(58,1,88,NULL),(59,1,470,NULL),(60,1,417,NULL),(61,1,148,NULL),(62,1,340,NULL),(63,1,160,NULL),(64,1,247,NULL),(65,1,118,NULL),(66,1,75,NULL),(67,1,153,NULL),(68,1,335,NULL),(69,1,309,NULL),(70,1,422,NULL),(71,1,264,NULL),(72,1,295,NULL),(73,1,313,NULL),(74,1,96,NULL),(75,1,435,NULL),(76,1,129,NULL),(77,1,492,NULL),(78,1,321,NULL),(79,1,247,NULL),(80,1,433,NULL),(81,1,228,NULL),(82,1,285,NULL),(83,1,452,NULL),(84,1,349,NULL),(85,1,56,NULL),(86,1,457,NULL),(87,1,79,NULL),(88,1,157,NULL),(89,1,188,NULL),(90,1,22,NULL),(91,1,424,NULL),(92,1,50,NULL),(93,1,129,NULL),(94,1,136,NULL),(95,1,70,NULL),(96,1,451,NULL),(97,1,51,NULL),(98,1,145,NULL),(99,1,410,NULL),(100,1,194,NULL),(1,2,485,NULL),(2,2,323,NULL),(3,2,155,NULL),(4,2,101,NULL),(5,2,26,NULL),(6,2,162,NULL),(7,2,259,NULL),(8,2,323,NULL),(9,2,234,NULL),(10,2,173,NULL),(11,2,282,NULL),(12,2,266,NULL),(13,2,352,NULL),(14,2,34,NULL),(15,2,442,NULL),(16,2,356,NULL),(17,2,411,NULL),(18,2,270,NULL),(19,2,98,NULL),(20,2,313,NULL),(21,2,438,NULL),(22,2,369,NULL),(23,2,209,NULL),(24,2,45,NULL),(25,2,386,NULL),(26,2,35,NULL),(27,2,415,NULL),(28,2,109,NULL),(29,2,441,NULL),(30,2,386,NULL),(31,2,477,NULL),(32,2,233,NULL),(33,2,429,NULL),(34,2,420,NULL),(35,2,104,NULL),(36,2,56,NULL),(37,2,52,NULL),(38,2,242,NULL),(39,2,36,NULL),(40,2,229,NULL),(41,2,321,NULL),(42,2,80,NULL),(43,2,126,NULL),(44,2,53,NULL),(45,2,404,NULL),(46,2,50,NULL),(47,2,33,NULL),(48,2,119,NULL),(49,2,262,NULL),(50,2,470,NULL),(51,2,497,NULL),(52,2,119,NULL),(53,2,493,NULL),(54,2,114,NULL),(55,2,199,NULL),(56,2,220,NULL),(57,2,305,NULL),(58,2,163,NULL),(59,2,440,NULL),(60,2,460,NULL),(61,2,296,NULL),(62,2,393,NULL),(63,2,330,NULL),(64,2,75,NULL),(65,2,7,NULL),(66,2,189,NULL),(67,2,377,NULL),(68,2,343,NULL),(69,2,193,NULL),(70,2,285,NULL),(71,2,481,NULL),(72,2,445,NULL),(73,2,86,NULL),(74,2,494,NULL),(75,2,407,NULL),(76,2,225,NULL),(77,2,466,NULL),(78,2,345,NULL),(79,2,395,NULL),(80,2,148,NULL),(81,2,135,NULL),(82,2,135,NULL),(83,2,70,NULL),(84,2,153,NULL),(85,2,130,NULL),(86,2,260,NULL),(87,2,189,NULL),(88,2,232,NULL),(89,2,85,NULL),(90,2,227,NULL),(91,2,365,NULL),(92,2,488,NULL),(93,2,169,NULL),(94,2,423,NULL),(95,2,150,NULL),(96,2,106,NULL),(97,2,202,NULL),(98,2,70,NULL),(99,2,371,NULL),(100,2,49,NULL),(1,3,449,NULL),(2,3,425,NULL),(3,3,227,NULL),(4,3,341,NULL),(5,3,367,NULL),(6,3,93,NULL),(7,3,415,NULL),(8,3,342,NULL),(9,3,463,NULL),(10,3,374,NULL),(11,3,468,NULL),(12,3,468,NULL),(13,3,187,NULL),(14,3,461,NULL),(15,3,320,NULL),(16,3,1,NULL),(17,3,426,NULL),(18,3,356,NULL),(19,3,53,NULL),(20,3,43,NULL),(21,3,251,NULL),(22,3,358,NULL),(23,3,51,NULL),(24,3,423,NULL),(25,3,77,NULL),(26,3,13,NULL),(27,3,180,NULL),(28,3,232,NULL),(29,3,1,NULL),(30,3,218,NULL),(31,3,352,NULL),(32,3,344,NULL),(33,3,203,NULL),(34,3,164,NULL),(35,3,240,NULL),(36,3,331,NULL),(37,3,182,NULL),(38,3,150,NULL),(39,3,71,NULL),(40,3,81,NULL),(41,3,305,NULL),(42,3,114,NULL),(43,3,78,NULL),(44,3,47,NULL),(45,3,419,NULL),(46,3,264,NULL),(47,3,398,NULL),(48,3,118,NULL),(49,3,179,NULL),(50,3,467,NULL),(51,3,281,NULL),(52,3,383,NULL),(53,3,403,NULL),(54,3,300,NULL),(55,3,155,NULL),(56,3,252,NULL),(57,3,71,NULL),(58,3,374,NULL),(59,3,53,NULL),(60,3,331,NULL),(61,3,429,NULL),(62,3,46,NULL),(63,3,285,NULL),(64,3,174,NULL),(65,3,473,NULL),(66,3,97,NULL),(67,3,395,NULL),(68,3,226,NULL),(69,3,491,NULL),(70,3,208,NULL),(71,3,28,NULL),(72,3,429,NULL),(73,3,89,NULL),(74,3,182,NULL),(75,3,399,NULL),(76,3,316,NULL),(77,3,329,NULL),(78,3,417,NULL),(79,3,277,NULL),(80,3,416,NULL),(81,3,290,NULL),(82,3,223,NULL),(83,3,63,NULL),(84,3,180,NULL),(85,3,496,NULL),(86,3,39,NULL),(87,3,278,NULL),(88,3,102,NULL),(89,3,411,NULL),(90,3,226,NULL),(91,3,441,NULL),(92,3,485,NULL),(93,3,295,NULL),(94,3,365,NULL),(95,3,145,NULL),(96,3,425,NULL),(97,3,444,NULL),(98,3,225,NULL),(99,3,39,NULL),(100,3,277,NULL);
/*!40000 ALTER TABLE `movies_names` ENABLE KEYS */;
UNLOCK TABLES;
/*!50003 SET @saved_cs_client      = @@character_set_client */ ;
/*!50003 SET @saved_cs_results     = @@character_set_results */ ;
/*!50003 SET @saved_col_connection = @@collation_connection */ ;
/*!50003 SET character_set_client  = utf8mb4 */ ;
/*!50003 SET character_set_results = utf8mb4 */ ;
/*!50003 SET collation_connection  = utf8mb4_0900_ai_ci */ ;
/*!50003 SET @saved_sql_mode       = @@sql_mode */ ;
/*!50003 SET sql_mode              = 'ONLY_FULL_GROUP_BY,STRICT_TRANS_TABLES,NO_ZERO_IN_DATE,NO_ZERO_DATE,ERROR_FOR_DIVISION_BY_ZERO,NO_ENGINE_SUBSTITUTION' */ ;
DELIMITER ;;
/*!50003 CREATE*/ /*!50017 DEFINER=`root`@`localhost`*/ /*!50003 TRIGGER `check_insert_movies_names_role` BEFORE INSERT ON `movies_names` FOR EACH ROW BEGIN
	IF (NEW.job_id != 4 AND NEW.role IS NOT NULL) THEN 
		SIGNAL SQLSTATE '45000' SET MESSAGE_TEXT = 'INSERT canceled(role NOT NULL)';
	END IF;
END */;;
DELIMITER ;
/*!50003 SET sql_mode              = @saved_sql_mode */ ;
/*!50003 SET character_set_client  = @saved_cs_client */ ;
/*!50003 SET character_set_results = @saved_cs_results */ ;
/*!50003 SET collation_connection  = @saved_col_connection */ ;
/*!50003 SET @saved_cs_client      = @@character_set_client */ ;
/*!50003 SET @saved_cs_results     = @@character_set_results */ ;
/*!50003 SET @saved_col_connection = @@collation_connection */ ;
/*!50003 SET character_set_client  = utf8mb4 */ ;
/*!50003 SET character_set_results = utf8mb4 */ ;
/*!50003 SET collation_connection  = utf8mb4_0900_ai_ci */ ;
/*!50003 SET @saved_sql_mode       = @@sql_mode */ ;
/*!50003 SET sql_mode              = 'ONLY_FULL_GROUP_BY,STRICT_TRANS_TABLES,NO_ZERO_IN_DATE,NO_ZERO_DATE,ERROR_FOR_DIVISION_BY_ZERO,NO_ENGINE_SUBSTITUTION' */ ;
DELIMITER ;;
/*!50003 CREATE*/ /*!50017 DEFINER=`root`@`localhost`*/ /*!50003 TRIGGER `check_update_movies_names_role` BEFORE UPDATE ON `movies_names` FOR EACH ROW BEGIN
	IF (NEW.job_id != 4 AND NEW.role IS NOT NULL) THEN
		SIGNAL SQLSTATE '45000' SET MESSAGE_TEXT = 'UPDATE canceled(role NOT NULL)';
	END IF;
END */;;
DELIMITER ;
/*!50003 SET sql_mode              = @saved_sql_mode */ ;
/*!50003 SET character_set_client  = @saved_cs_client */ ;
/*!50003 SET character_set_results = @saved_cs_results */ ;
/*!50003 SET collation_connection  = @saved_col_connection */ ;

--
-- Table structure for table `movies_specs`
--

DROP TABLE IF EXISTS `movies_specs`;
/*!40101 SET @saved_cs_client     = @@character_set_client */;
/*!50503 SET character_set_client = utf8mb4 */;
CREATE TABLE `movies_specs` (
  `movie_id` int unsigned NOT NULL,
  `aspect_ratio` varchar(10) CHARACTER SET utf8 COLLATE utf8_unicode_ci DEFAULT NULL,
  `runtime` int unsigned DEFAULT NULL,
  `color` tinyint(1) DEFAULT NULL,
  `language` varchar(10) COLLATE utf8_unicode_ci DEFAULT NULL,
  `printed_film_format` varchar(255) CHARACTER SET utf8 COLLATE utf8_unicode_ci DEFAULT NULL,
  KEY `movies_specs_movie_id_fk` (`movie_id`),
  CONSTRAINT `movies_specs_movie_id_fk` FOREIGN KEY (`movie_id`) REFERENCES `movies` (`id`) ON DELETE CASCADE
) ENGINE=InnoDB DEFAULT CHARSET=utf8 COLLATE=utf8_unicode_ci;
/*!40101 SET character_set_client = @saved_cs_client */;

--
-- Dumping data for table `movies_specs`
--

LOCK TABLES `movies_specs` WRITE;
/*!40000 ALTER TABLE `movies_specs` DISABLE KEYS */;
INSERT INTO `movies_specs` VALUES (1,'1:1.85',175,1,'de','70 mm'),(2,'1:1.85',123,1,'cn','D-cinema'),(3,'1:1.85',90,1,'fr','35 mm'),(4,'1:2.35',147,0,'de','35 mm'),(5,'1:2.39',106,0,'de','D-cinema'),(6,'1:1.85',124,0,'ru','D-cinema'),(7,'1.1.33',160,0,'ru','35 mm'),(8,'1:1.85',169,1,'ru','D-cinema'),(9,'1:1.77',130,0,'ru','D-cinema'),(10,'1.1.33',160,1,'de','35 mm'),(11,'1:1.77',91,1,'en','D-cinema'),(12,'1.1.33',84,0,'cn','D-cinema'),(13,'1:2.39',154,1,'cn','70 mm'),(14,'1:1.85',146,0,'it','D-cinema'),(15,'1:2.39',122,1,'de','D-cinema'),(16,'1.1.33',151,0,'ru','70 mm'),(17,'1:1.85',93,0,'fr','D-cinema'),(18,'1.1.33',129,0,'ru','35 mm'),(19,'1.1.33',89,1,'pt','70 mm'),(20,'1:2.35',122,0,'ru','70 mm'),(21,'1:1.77',164,1,'fr','35 mm'),(22,'1:2.35',94,1,'de','70 mm'),(23,'1:1.85',105,0,'de','70 mm'),(24,'1:1.85',153,1,'en','D-cinema'),(25,'1:2.35',117,1,'ru','70 mm'),(26,'1:2.35',132,1,'es','35 mm'),(27,'1:1.77',140,0,'fr','D-cinema'),(28,'1.1.33',99,1,'de','35 mm'),(29,'1:2.39',146,1,'pt','D-cinema'),(30,'1:2.35',155,0,'fr','35 mm'),(31,'1:2.39',150,1,'ru','70 mm'),(32,'1:2.35',169,0,'pt','D-cinema'),(33,'1:2.35',144,1,'es','35 mm'),(34,'1:2.39',78,0,'en','70 mm'),(35,'1:2.39',162,0,'it','70 mm'),(36,'1:1.85',127,0,'fr','D-cinema'),(37,'1:2.39',107,0,'pt','D-cinema'),(38,'1:1.77',163,1,'de','70 mm'),(39,'1:2.39',166,1,'it','D-cinema'),(40,'1:2.35',175,0,'fr','35 mm'),(41,'1:2.35',129,0,'fr','D-cinema'),(42,'1.1.33',113,1,'cn','D-cinema'),(43,'1:1.85',78,0,'it','35 mm'),(44,'1:2.35',145,1,'de','35 mm'),(45,'1:1.77',96,0,'en','70 mm'),(46,'1:2.35',169,0,'es','70 mm'),(47,'1:2.35',154,1,'fr','35 mm'),(48,'1:1.85',164,0,'it','70 mm'),(49,'1:2.39',75,1,'it','35 mm'),(50,'1:1.85',99,1,'it','35 mm'),(51,'1:2.39',92,1,'de','70 mm'),(52,'1.1.33',166,1,'it','35 mm'),(53,'1:1.85',109,1,'pt','70 mm'),(54,'1:2.39',139,0,'ru','D-cinema'),(55,'1:2.39',163,0,'pt','D-cinema'),(56,'1.1.33',173,0,'pt','70 mm'),(57,'1:1.85',120,1,'es','D-cinema'),(58,'1:1.85',175,1,'cn','35 mm'),(59,'1.1.33',94,1,'en','70 mm'),(60,'1:1.77',79,0,'en','35 mm'),(61,'1:2.35',117,1,'it','D-cinema'),(62,'1:1.77',93,0,'es','D-cinema'),(63,'1:1.77',164,1,'de','D-cinema'),(64,'1.1.33',77,1,'cn','70 mm'),(65,'1.1.33',152,1,'it','35 mm'),(66,'1:1.85',175,0,'cn','D-cinema'),(67,'1.1.33',168,1,'pt','70 mm'),(68,'1.1.33',150,1,'cn','D-cinema'),(69,'1:2.35',133,1,'fr','D-cinema'),(70,'1:2.39',100,0,'ru','D-cinema'),(71,'1:1.77',156,0,'ru','70 mm'),(72,'1:1.85',171,1,'en','70 mm'),(73,'1:2.35',96,1,'ru','D-cinema'),(74,'1:1.77',160,1,'de','D-cinema'),(75,'1.1.33',79,1,'cn','35 mm'),(76,'1:2.35',137,1,'it','35 mm'),(77,'1:2.39',97,1,'cn','35 mm'),(78,'1.1.33',155,0,'de','35 mm'),(79,'1:2.39',121,1,'it','70 mm'),(80,'1:2.39',98,0,'fr','D-cinema'),(81,'1:2.35',157,0,'ru','70 mm'),(82,'1:2.35',108,0,'de','35 mm'),(83,'1:2.35',122,1,'ru','D-cinema'),(84,'1:2.39',86,0,'pt','35 mm'),(85,'1:2.35',82,1,'cn','D-cinema'),(86,'1:2.35',131,0,'de','70 mm'),(87,'1:2.39',159,0,'es','D-cinema'),(88,'1:2.39',159,0,'pt','D-cinema'),(89,'1:2.39',122,0,'es','35 mm'),(90,'1:1.85',171,1,'fr','D-cinema'),(91,'1.1.33',159,1,'de','D-cinema'),(92,'1:1.77',165,0,'de','35 mm'),(93,'1:1.77',77,1,'cn','D-cinema'),(94,'1:2.35',129,1,'de','35 mm'),(95,'1:2.35',148,0,'ru','70 mm'),(96,'1:1.77',149,1,'cn','D-cinema'),(97,'1:2.39',154,0,'ru','70 mm'),(98,'1:1.77',93,1,'fr','70 mm'),(99,'1:2.35',93,1,'pt','35 mm'),(100,'1:1.77',156,0,'ru','35 mm');
/*!40000 ALTER TABLE `movies_specs` ENABLE KEYS */;
UNLOCK TABLES;

--
-- Table structure for table `names`
--

DROP TABLE IF EXISTS `names`;
/*!40101 SET @saved_cs_client     = @@character_set_client */;
/*!50503 SET character_set_client = utf8mb4 */;
CREATE TABLE `names` (
  `id` int unsigned NOT NULL AUTO_INCREMENT,
  `first_name` varchar(100) CHARACTER SET utf8 COLLATE utf8_unicode_ci NOT NULL,
  `last_name` varchar(100) CHARACTER SET utf8 COLLATE utf8_unicode_ci NOT NULL,
  `photo_id` int unsigned DEFAULT NULL,
  `height` int unsigned DEFAULT NULL,
  `birthday` date DEFAULT NULL,
  PRIMARY KEY (`id`),
  KEY `names_photo_id_fk` (`photo_id`),
  KEY `names_last_name_idx` (`last_name`),
  CONSTRAINT `names_photo_id_fk` FOREIGN KEY (`photo_id`) REFERENCES `names_photo` (`id`) ON DELETE SET NULL
) ENGINE=InnoDB AUTO_INCREMENT=501 DEFAULT CHARSET=utf8 COLLATE=utf8_unicode_ci;
/*!40101 SET character_set_client = @saved_cs_client */;

--
-- Dumping data for table `names`
--

LOCK TABLES `names` WRITE;
/*!40000 ALTER TABLE `names` DISABLE KEYS */;
INSERT INTO `names` VALUES (1,'Freddy','Raynor',133,186,'1972-10-03'),(2,'Presley','Schinner',225,170,'1947-11-29'),(3,'Santos','Cole',69,194,'1987-04-29'),(4,'Dario','Smitham',380,163,'1986-07-15'),(5,'Zula','Purdy',451,180,'1963-03-23'),(6,'Cora','Maggio',390,161,'1934-07-06'),(7,'Freda','Herzog',18,169,'1955-11-13'),(8,'Estrella','Raynor',46,159,'1932-05-05'),(9,'Jesus','Torp',326,191,'1974-10-30'),(10,'Karl','Quigley',268,178,'1993-03-26'),(11,'Ova','Monahan',368,166,'1934-10-29'),(12,'Willa','Schroeder',345,196,'1947-02-10'),(13,'Ottilie','Pfannerstill',250,184,'1975-06-28'),(14,'Brooke','Breitenberg',251,183,'1947-10-12'),(15,'Kayli','Walsh',294,162,'1929-10-25'),(16,'Porter','Nienow',394,160,'1952-06-06'),(17,'Ed','Fay',271,166,'1943-02-03'),(18,'Elinore','Larson',88,152,'1949-12-11'),(19,'Eva','Terry',79,161,'1934-03-16'),(20,'Wilfrid','Bahringer',155,150,'1946-03-06'),(21,'Federico','Breitenberg',144,167,'1997-03-22'),(22,'Danyka','Carter',56,184,'1960-02-21'),(23,'Hassie','Wilderman',158,170,'1955-09-10'),(24,'Ora','Bruen',323,150,'1972-02-16'),(25,'Nichole','Orn',424,188,'1976-04-14'),(26,'Danny','Durgan',138,193,'1931-06-07'),(27,'Kelvin','Reinger',386,199,'1924-06-14'),(28,'Stephanie','Gleichner',12,167,'1945-07-17'),(29,'Cicero','Rodriguez',152,191,'1954-03-05'),(30,'Frederique','Maggio',460,153,'1991-02-09'),(31,'Kacey','Eichmann',62,193,'1983-12-27'),(32,'Pascale','Ledner',315,158,'1986-09-27'),(33,'Lottie','Sauer',340,162,'1957-01-20'),(34,'Kaylee','Leannon',321,184,'1999-03-26'),(35,'Jane','Jerde',488,184,'1932-05-04'),(36,'Mathew','Smitham',232,170,'1967-03-16'),(37,'Grayson','Brakus',444,196,'1952-06-01'),(38,'Delfina','Gerhold',183,174,'1943-03-05'),(39,'Jeanette','Wunsch',410,181,'1952-08-02'),(40,'Simeon','Effertz',468,184,'1979-08-06'),(41,'Gerson','Ullrich',81,175,'1940-01-24'),(42,'Chaya','Marks',196,176,'1965-11-15'),(43,'Caroline','Prosacco',379,157,'1986-04-09'),(44,'Lori','Kemmer',455,155,'1997-04-19'),(45,'Adolfo','Brown',234,154,'1929-03-18'),(46,'Timmy','Collins',123,155,'1926-07-29'),(47,'Elsie','Zieme',344,164,'1994-08-09'),(48,'Monique','Bartell',157,155,'1973-12-05'),(49,'Bryana','Hoeger',169,184,'1978-03-05'),(50,'Eldred','Kunde',4,155,'1972-04-07'),(51,'Roxane','Volkman',80,172,'1978-02-15'),(52,'Helen','D\'Amore',450,199,'1948-11-24'),(53,'Charlie','Gleason',120,177,'1925-10-10'),(54,'Cathryn','Hane',226,190,'1980-05-08'),(55,'Leatha','Bashirian',242,168,'1935-04-12'),(56,'Rod','Bailey',75,171,'1949-07-30'),(57,'Newton','Schulist',177,150,'1990-01-01'),(58,'Lukas','Adams',245,187,'1997-07-30'),(59,'Merl','Abbott',16,187,'1991-11-19'),(60,'Jarred','White',301,176,'1947-12-26'),(61,'Wilhelm','Reinger',313,170,'1988-04-01'),(62,'Herminio','Ruecker',484,170,'1944-01-09'),(63,'Giuseppe','Brown',297,191,'1994-07-18'),(64,'Eryn','Fahey',114,195,'1991-09-29'),(65,'Cyrus','Johns',190,155,'1940-06-11'),(66,'Rick','Bradtke',310,189,'1982-07-15'),(67,'Jack','Hagenes',302,180,'1993-03-11'),(68,'Timmothy','Feest',136,186,'1956-09-13'),(69,'Jayden','Kshlerin',283,187,'1966-09-02'),(70,'Libbie','Schumm',438,179,'1938-06-05'),(71,'Lelia','Gaylord',265,184,'1925-04-07'),(72,'Chyna','McDermott',33,185,'1980-01-31'),(73,'Adele','Daniel',112,174,'1955-06-03'),(74,'Cayla','Thompson',377,165,'1974-05-16'),(75,'Marcos','Reichert',371,151,'1951-08-25'),(76,'Barrett','Bogan',86,163,'1949-10-15'),(77,'Griffin','Hermann',36,160,'1968-01-19'),(78,'Maximus','Hilll',163,164,'1999-12-24'),(79,'Estevan','Flatley',325,190,'1931-12-22'),(80,'Rafaela','Champlin',343,159,'1962-06-15'),(81,'Jessy','Block',140,173,'1993-10-09'),(82,'Osvaldo','Reinger',300,191,'1989-11-01'),(83,'Stephania','Gislason',125,185,'1978-03-06'),(84,'Allison','Kling',187,154,'1960-06-28'),(85,'Missouri','Herman',65,165,'1933-10-06'),(86,'Nella','Cummings',319,165,'1962-10-02'),(87,'Drew','Lindgren',5,180,'1929-04-06'),(88,'Arvid','Ondricka',159,155,'1997-11-04'),(89,'Presley','Considine',465,186,'1996-04-24'),(90,'Tony','Schimmel',431,165,'1967-03-28'),(91,'Adeline','Pagac',100,168,'1935-10-28'),(92,'Alisa','Zboncak',197,193,'1999-07-24'),(93,'Eugene','Lubowitz',421,164,'1931-09-28'),(94,'Adelle','Jacobi',479,192,'1990-09-21'),(95,'Deshawn','Hayes',139,167,'1973-07-06'),(96,'Elvis','Grimes',339,158,'1928-05-08'),(97,'Alexander','Brekke',393,191,'1968-02-15'),(98,'Justyn','Batz',415,184,'1993-05-02'),(99,'Lily','Ortiz',171,194,'1943-03-01'),(100,'Joan','Reichert',233,168,'1985-08-22'),(101,'Justyn','Cremin',24,159,'1960-05-11'),(102,'Marco','Feeney',347,191,'1985-03-20'),(103,'Myles','Murray',476,179,'1962-02-13'),(104,'Ulices','Brown',278,174,'1978-11-11'),(105,'Makayla','Herman',193,182,'1964-02-09'),(106,'Hollie','Emmerich',48,190,'1960-11-16'),(107,'Theo','Ryan',10,155,'1968-12-27'),(108,'Donny','Harber',221,155,'1993-05-23'),(109,'Eleazar','Bradtke',192,159,'1928-01-17'),(110,'Demetris','Schaden',456,180,'1931-01-21'),(111,'Velma','Pagac',478,174,'1974-06-18'),(112,'Kristian','Weber',324,181,'1996-04-19'),(113,'Niko','Toy',220,182,'1953-09-24'),(114,'Terrance','Ryan',354,166,'1999-04-21'),(115,'Dayana','Ferry',403,188,'1961-01-26'),(116,'Akeem','Green',67,191,'1983-01-01'),(117,'Georgianna','Franecki',491,191,'1951-08-28'),(118,'Adan','Schuppe',255,185,'1936-07-26'),(119,'Tomas','Dooley',266,150,'1924-04-25'),(120,'Wilbert','Kuvalis',41,197,'1974-07-20'),(121,'Anahi','Zemlak',397,185,'1991-01-21'),(122,'Berniece','Littel',117,185,'1999-06-20'),(123,'Ryleigh','Bechtelar',39,171,'1930-10-30'),(124,'Janae','Legros',224,150,'1933-06-08'),(125,'Augustine','Satterfield',387,188,'1995-08-24'),(126,'Tatum','Dickinson',168,190,'1953-07-09'),(127,'Jefferey','King',264,187,'1991-05-09'),(128,'Sister','Macejkovic',95,164,'1935-12-23'),(129,'Ruthe','Schuppe',218,161,'1938-02-15'),(130,'Kendra','Schulist',382,165,'1984-05-07'),(131,'Giovani','Corwin',167,191,'1999-03-23'),(132,'Delaney','Adams',137,159,'1929-05-26'),(133,'Broderick','Funk',2,174,'1966-03-18'),(134,'Lexus','Bailey',374,193,'1998-06-21'),(135,'Ericka','Feil',483,192,'1963-12-24'),(136,'Vivianne','Murphy',116,182,'1928-05-27'),(137,'Alanna','Jones',111,183,'1934-11-27'),(138,'Reyna','Koss',44,171,'1940-06-13'),(139,'Archibald','Collins',467,155,'1945-10-15'),(140,'Francesca','Blick',342,164,'1983-03-13'),(141,'Beaulah','Murphy',447,154,'1984-06-16'),(142,'Malcolm','Lockman',471,179,'1999-01-20'),(143,'Arvilla','Terry',77,185,'1964-02-13'),(144,'Brook','Sporer',128,189,'1964-08-20'),(145,'Oscar','Kuphal',217,189,'1999-01-21'),(146,'Ernestina','Dach',126,177,'1944-10-04'),(147,'Colt','Johnston',189,170,'1969-07-15'),(148,'Lorena','Kilback',274,168,'1974-01-22'),(149,'Halle','Purdy',500,181,'1989-10-15'),(150,'Jovany','McCullough',263,153,'1932-03-10'),(151,'George','Jacobs',43,171,'1935-09-19'),(152,'Marcia','Smith',149,199,'1937-09-21'),(153,'Alda','Zboncak',246,179,'1997-06-24'),(154,'Nathan','Heller',45,152,'1988-03-31'),(155,'Ernestina','Pfannerstill',406,172,'1954-07-30'),(156,'Edythe','Pagac',281,154,'1928-03-31'),(157,'Leone','Lueilwitz',28,154,'1964-10-16'),(158,'Kaci','O\'Connell',417,161,'1940-12-23'),(159,'Alanis','Kassulke',211,191,'1993-09-20'),(160,'Napoleon','Grimes',74,174,'1950-10-27'),(161,'Colton','Lind',404,197,'1929-10-22'),(162,'Xzavier','Nikolaus',495,163,'1977-11-26'),(163,'Justyn','Collier',391,173,'1931-04-08'),(164,'Sterling','Rowe',453,179,'1927-02-06'),(165,'Brock','Mayert',454,174,'1961-10-27'),(166,'Madisyn','Goyette',229,184,'1934-05-15'),(167,'Kara','Muller',244,199,'1979-04-19'),(168,'Destany','Kuhic',416,194,'1951-12-11'),(169,'Ari','Lind',21,172,'1977-04-18'),(170,'Macey','Waters',58,178,'1999-07-03'),(171,'Amelie','Boyle',143,176,'1973-09-12'),(172,'Brycen','Upton',216,198,'1985-12-16'),(173,'Andreanne','Jacobson',237,160,'1937-06-18'),(174,'Dewayne','Gislason',8,156,'1931-07-10'),(175,'Kathryn','Pacocha',336,152,'1967-11-30'),(176,'Deshaun','Murazik',254,192,'1925-10-01'),(177,'Nathen','Yundt',485,153,'1922-02-05'),(178,'Scot','Quitzon',145,190,'1983-11-16'),(179,'Elmo','Mitchell',419,191,'1943-05-27'),(180,'Samantha','Moore',176,184,'1931-09-05'),(181,'Jeremie','Rau',94,150,'1957-07-13'),(182,'Rogelio','Sauer',496,197,'1968-01-02'),(183,'Jamal','Pacocha',396,185,'1999-03-26'),(184,'Loyal','Hartmann',201,186,'1978-10-22'),(185,'April','Russel',286,174,'1953-02-15'),(186,'Florencio','Jacobson',188,164,'1944-07-08'),(187,'Sigurd','Pfeffer',493,198,'1941-11-25'),(188,'Gladyce','Kling',248,198,'1981-12-10'),(189,'Kane','Hermann',105,198,'1982-07-09'),(190,'Randy','Bins',215,198,'1942-02-02'),(191,'Coty','Ebert',472,194,'1992-04-04'),(192,'Payton','Predovic',366,176,'1924-09-09'),(193,'Damian','Johnson',365,151,'1925-07-01'),(194,'Roxane','VonRueden',247,176,'1995-11-01'),(195,'Glenda','Stracke',422,176,'1921-05-18'),(196,'Christophe','Renner',195,154,'1966-01-25'),(197,'Meredith','Mayert',329,194,'1924-05-09'),(198,'Shaun','Stracke',191,158,'1926-04-09'),(199,'Alta','Bashirian',470,159,'1938-03-29'),(200,'Jasper','Emard',55,173,'1975-12-08'),(201,'Skylar','Hermiston',292,186,'1978-10-22'),(202,'Stanton','Brakus',7,162,'1989-03-21'),(203,'Charity','Lubowitz',267,153,'1964-04-16'),(204,'Jordane','Ernser',160,180,'1981-01-04'),(205,'Jamey','Keebler',351,192,'1969-03-12'),(206,'Bryana','Gutkowski',17,170,'1957-01-14'),(207,'Lucy','Weimann',411,174,'1962-11-22'),(208,'Pink','Grimes',184,160,'1925-02-11'),(209,'Gerardo','Williamson',236,178,'1941-05-02'),(210,'Brayan','Aufderhar',305,163,'1965-08-01'),(211,'Lois','Koepp',186,178,'1984-12-29'),(212,'Jeffrey','Bergnaum',219,155,'1946-06-10'),(213,'Cordell','Oberbrunner',435,190,'1977-10-02'),(214,'Timothy','Mosciski',38,187,'1960-09-27'),(215,'Marcus','Dickens',121,166,'1965-02-17'),(216,'Gregory','O\'Kon',434,167,'1991-03-06'),(217,'Allison','Beatty',389,189,'1948-01-16'),(218,'Audra','Hermann',258,192,'1987-07-08'),(219,'Christelle','Balistreri',497,197,'1964-06-22'),(220,'Deven','Rau',26,156,'1947-12-20'),(221,'Katrina','Tremblay',372,191,'1977-07-21'),(222,'Lyda','Walker',341,187,'1933-01-15'),(223,'Mathias','Gutmann',480,163,'1974-08-20'),(224,'Markus','Boehm',273,155,'1931-02-04'),(225,'Dariana','Spencer',170,184,'1987-06-02'),(226,'Royal','Wisozk',395,157,'1993-11-12'),(227,'Hank','Lesch',441,185,'1982-09-20'),(228,'Julien','Beatty',367,152,'1958-05-11'),(229,'Brionna','McCullough',101,158,'1998-12-09'),(230,'Veronica','Larkin',357,182,'1969-05-30'),(231,'Jalon','O\'Connell',259,190,'1991-03-09'),(232,'Alfred','Quitzon',499,151,'1937-09-08'),(233,'Gay','Reilly',93,187,'1969-07-07'),(234,'Carson','Hodkiewicz',293,184,'1964-11-21'),(235,'Dessie','Witting',148,158,'1982-01-03'),(236,'Tavares','Stamm',27,190,'1953-10-17'),(237,'Eino','Doyle',87,176,'1926-12-10'),(238,'Sheridan','Bahringer',448,161,'1946-10-09'),(239,'Pinkie','Hills',252,175,'1930-05-16'),(240,'Rosina','Wiza',427,194,'1925-11-16'),(241,'Reymundo','Kohler',31,195,'1971-12-14'),(242,'Celestine','Leffler',364,196,'1933-04-27'),(243,'Delia','Bosco',70,193,'1949-11-18'),(244,'Charles','Ruecker',358,180,'1976-01-26'),(245,'Evans','King',279,170,'1921-06-27'),(246,'Leda','Turner',231,162,'1987-06-12'),(247,'Jessica','Durgan',73,198,'1951-01-11'),(248,'Jedediah','Reilly',11,155,'1934-09-01'),(249,'Lelia','Mills',359,181,'1975-09-28'),(250,'Eden','Gleichner',147,190,'1972-06-06'),(251,'Narciso','Armstrong',63,160,'1994-07-18'),(252,'Janis','Mills',151,179,'1963-03-22'),(253,'Norberto','Homenick',308,167,'1957-09-20'),(254,'Cassidy','Mueller',457,196,'1942-01-31'),(255,'Lera','Glover',469,181,'1958-12-25'),(256,'Marjory','Little',164,168,'1939-11-27'),(257,'Chanel','Mayert',333,195,'1935-08-25'),(258,'Bridgette','Bartell',291,175,'1943-10-30'),(259,'Moshe','Bahringer',132,188,'1970-06-29'),(260,'Destiney','Will',249,165,'1960-01-30'),(261,'Chase','O\'Reilly',464,161,'1989-10-13'),(262,'Freeman','Bogisich',423,164,'1961-09-01'),(263,'Freeda','Bergnaum',334,184,'1920-08-11'),(264,'Stacy','O\'Conner',134,179,'1943-04-15'),(265,'Kennith','Goodwin',298,193,'1929-03-30'),(266,'Roger','Conn',418,178,'1942-08-17'),(267,'Landen','Hettinger',353,163,'1950-06-17'),(268,'Maritza','Frami',142,182,'1973-02-02'),(269,'Will','Nienow',270,172,'1922-07-21'),(270,'Malvina','Kilback',22,164,'1961-04-08'),(271,'Kenny','Wilkinson',238,153,'1974-11-12'),(272,'Rhett','Vandervort',383,172,'1992-07-23'),(273,'Alana','Franecki',412,155,'1921-08-25'),(274,'Sienna','Gusikowski',227,158,'1987-08-08'),(275,'Sylvester','McLaughlin',13,176,'1950-09-22'),(276,'Mary','DuBuque',285,156,'1938-04-18'),(277,'Libby','Bartoletti',400,151,'1973-03-27'),(278,'Casimir','Quitzon',124,189,'1979-07-07'),(279,'Marie','Thompson',398,192,'1992-08-28'),(280,'Jeanne','Mertz',360,192,'1986-04-13'),(281,'Aimee','Senger',104,187,'1988-08-16'),(282,'Verdie','Murazik',30,158,'1985-09-17'),(283,'Brittany','Gottlieb',352,182,'1997-08-25'),(284,'Abigale','Aufderhar',311,184,'1930-07-08'),(285,'Juwan','Baumbach',261,174,'1979-10-11'),(286,'Riley','Haley',337,169,'1957-12-07'),(287,'Valerie','Labadie',156,174,'1985-04-20'),(288,'Kariane','Towne',432,162,'1981-12-25'),(289,'Eleanora','Sipes',99,190,'1936-01-23'),(290,'Jedidiah','Mueller',54,166,'1991-10-10'),(291,'Thea','Wehner',338,158,'1972-05-11'),(292,'Noel','Conroy',60,195,'1958-06-08'),(293,'Magali','Murazik',320,152,'1977-12-26'),(294,'Christa','Rodriguez',378,175,'1991-05-09'),(295,'Lizzie','Douglas',118,169,'1962-01-06'),(296,'Demarco','Rice',430,169,'1939-01-14'),(297,'Robb','Hessel',3,190,'1965-04-29'),(298,'Margie','Rohan',166,193,'1998-10-21'),(299,'Joshua','Lebsack',179,196,'1944-04-18'),(300,'Parker','Lind',210,153,'1958-11-07'),(301,'Jaleel','Kreiger',437,177,'1939-05-24'),(302,'Beulah','Mante',381,174,'1948-08-16'),(303,'Nils','Nolan',78,193,'1923-10-01'),(304,'Stella','Konopelski',436,192,'1986-03-13'),(305,'Maryam','Donnelly',413,181,'1953-07-29'),(306,'Amira','Beier',489,180,'1988-08-30'),(307,'Hershel','Schowalter',40,159,'1930-06-22'),(308,'Erich','Schumm',122,155,'1937-12-24'),(309,'Precious','Murazik',442,198,'1975-08-07'),(310,'Joe','Krajcik',102,174,'1965-09-19'),(311,'Hilton','Langosh',262,179,'1968-04-05'),(312,'Art','Hagenes',280,172,'1997-09-01'),(313,'Norris','Donnelly',384,175,'1991-04-11'),(314,'Citlalli','Paucek',449,158,'1979-11-22'),(315,'Odell','Moore',475,168,'1928-02-11'),(316,'Rhea','Nienow',458,164,'1932-08-22'),(317,'Astrid','Torp',214,167,'1936-10-18'),(318,'Verna','Kris',276,195,'1969-05-13'),(319,'Marisa','Bergstrom',37,175,'1923-12-04'),(320,'Arianna','Blick',414,189,'1944-12-12'),(321,'Ciara','Keebler',425,172,'1994-01-02'),(322,'Janice','Will',96,191,'1952-04-26'),(323,'Erin','Weissnat',482,190,'1970-10-09'),(324,'Jose','Grant',71,176,'1937-02-24'),(325,'Nannie','Beahan',494,162,'1994-10-18'),(326,'Jaquan','Ziemann',407,182,'1995-10-10'),(327,'Abbie','Nader',240,176,'1958-07-18'),(328,'Elyssa','Weissnat',243,182,'1972-07-13'),(329,'Talon','Terry',299,182,'1978-10-11'),(330,'Malachi','Bruen',42,167,'1950-03-21'),(331,'Lisette','Gaylord',348,188,'1937-05-31'),(332,'Vivianne','Rowe',318,191,'1976-08-06'),(333,'Louisa','Kohler',76,190,'1967-02-07'),(334,'Devyn','Ziemann',175,180,'1979-04-12'),(335,'Lea','Yost',452,177,'1929-10-28'),(336,'Salvador','Hegmann',84,199,'1954-11-03'),(337,'Magnolia','Metz',97,163,'1956-01-30'),(338,'Kaylee','Gaylord',260,169,'1920-06-11'),(339,'Franz','Howe',306,156,'1921-01-04'),(340,'Jamal','Doyle',304,174,'1991-02-28'),(341,'Hazel','Ward',61,152,'1960-04-12'),(342,'Makayla','Robel',373,187,'1992-07-11'),(343,'Rebeka','Huels',392,180,'1946-05-05'),(344,'Wava','Hirthe',29,191,'1988-07-30'),(345,'Asia','Doyle',213,166,'1969-12-19'),(346,'Erica','Hettinger',235,156,'1975-09-23'),(347,'Carlos','Crona',356,182,'1961-11-10'),(348,'Dominic','Roob',15,194,'1950-05-27'),(349,'Angelina','Crooks',445,174,'1920-07-17'),(350,'Bertha','Mann',428,189,'1956-10-03'),(351,'Cassandra','Boyer',459,173,'1967-12-27'),(352,'Dan','Kirlin',402,199,'1932-12-10'),(353,'Garland','Lockman',49,177,'1959-09-11'),(354,'Nia','Abshire',59,188,'1991-08-08'),(355,'Lowell','King',103,159,'1968-06-04'),(356,'Cathrine','Rutherford',363,181,'1948-12-07'),(357,'Marjory','Simonis',20,179,'1968-02-16'),(358,'Kaitlyn','Boyer',290,155,'1985-06-17'),(359,'Ericka','Streich',462,185,'1931-04-12'),(360,'Kristin','Stroman',162,162,'1961-01-07'),(361,'Sigrid','Ratke',349,155,'1980-09-10'),(362,'Britney','McDermott',146,190,'1978-06-01'),(363,'Allene','Kutch',205,186,'1959-05-15'),(364,'Angelita','Corkery',23,159,'1976-10-23'),(365,'Aryanna','Schaefer',241,186,'1930-12-02'),(366,'Rahsaan','Witting',253,157,'1920-05-21'),(367,'Lesly','Tillman',284,177,'1947-10-04'),(368,'Tyrell','Botsford',90,163,'1933-04-29'),(369,'Enoch','Romaguera',466,186,'1978-03-19'),(370,'Aaron','Crooks',401,191,'1926-06-29'),(371,'Maximilian','Jacobs',89,196,'1956-09-13'),(372,'Queen','Green',361,159,'1952-11-23'),(373,'Deon','Kreiger',328,156,'1944-06-25'),(374,'Damon','Koelpin',314,153,'1981-06-25'),(375,'Marisa','Smitham',174,199,'1952-09-24'),(376,'Jana','Wunsch',312,186,'1940-02-05'),(377,'Andy','Johnston',409,182,'1971-08-05'),(378,'Arnulfo','Durgan',370,153,'1957-05-17'),(379,'Abby','Ritchie',222,171,'1921-02-04'),(380,'Nona','Pouros',296,194,'1964-12-06'),(381,'Cali','Funk',208,160,'1959-08-13'),(382,'Bernadette','Buckridge',355,169,'1969-01-09'),(383,'Elisa','Wehner',119,166,'1992-02-15'),(384,'Al','Pouros',25,171,'1987-11-10'),(385,'Mohammad','Lockman',206,157,'1940-05-26'),(386,'Arvilla','Wehner',322,175,'1982-04-06'),(387,'Krystal','Carter',443,152,'1972-12-08'),(388,'Alanna','Stamm',66,186,'1936-03-25'),(389,'Litzy','Wilkinson',194,175,'1932-01-02'),(390,'Christine','Hansen',52,168,'1935-01-27'),(391,'Liza','Jakubowski',317,167,'1992-08-14'),(392,'Camron','Senger',64,180,'1939-05-24'),(393,'Lavinia','Satterfield',330,151,'1958-06-26'),(394,'Coy','Heller',388,165,'1924-12-23'),(395,'Jaylon','Sauer',165,172,'1971-05-17'),(396,'Lyla','O\'Hara',481,165,'1962-10-13'),(397,'Adalberto','Pollich',257,161,'1986-07-03'),(398,'Evie','Weissnat',486,158,'1944-06-17'),(399,'Julius','Spinka',269,157,'1942-09-04'),(400,'Addison','O\'Kon',288,164,'1989-10-30'),(401,'Mireya','Hermiston',141,150,'1981-08-17'),(402,'Celestino','Fadel',256,156,'1980-07-11'),(403,'Lexus','Wiegand',173,182,'1932-08-12'),(404,'Ryann','Raynor',181,194,'1944-06-24'),(405,'Elizabeth','Hartmann',9,173,'1948-02-23'),(406,'Santiago','Grimes',461,184,'1995-05-07'),(407,'Gennaro','Bayer',161,152,'1948-10-08'),(408,'Precious','Boyer',350,157,'1976-07-30'),(409,'Unique','Nicolas',130,180,'1946-05-03'),(410,'Nat','Davis',172,181,'1939-01-05'),(411,'Tomasa','Schowalter',420,166,'1966-05-17'),(412,'Angelo','Hauck',182,187,'1976-05-01'),(413,'Brant','Douglas',150,186,'1983-10-12'),(414,'Lia','Christiansen',50,169,'1966-02-28'),(415,'Hayden','Bednar',207,188,'1955-02-03'),(416,'Carlie','Reynolds',332,182,'1996-02-25'),(417,'Laverne','Kutch',180,199,'1965-06-25'),(418,'Ashley','Macejkovic',98,150,'1991-10-09'),(419,'Chaim','Hermiston',92,152,'1969-12-25'),(420,'Erna','Dickens',463,160,'1955-11-28'),(421,'Candelario','White',135,193,'1978-03-19'),(422,'Lindsay','Denesik',51,187,'1976-10-11'),(423,'Leanna','Funk',492,158,'1952-07-20'),(424,'Manuel','Towne',474,179,'1966-07-06'),(425,'May','Murphy',202,170,'1933-09-25'),(426,'Hans','Huel',426,165,'1942-11-24'),(427,'Lafayette','Wolff',375,166,'1926-08-11'),(428,'Arnulfo','Casper',68,184,'1939-08-14'),(429,'Hilma','Haley',153,175,'1981-09-28'),(430,'Adela','Goyette',185,170,'1993-01-15'),(431,'Edmond','Romaguera',107,178,'1966-10-26'),(432,'Evert','Hegmann',129,178,'1949-05-15'),(433,'Ernestine','Hilpert',346,158,'1974-01-09'),(434,'Marielle','Reichel',309,158,'1974-08-22'),(435,'Fleta','Lehner',230,164,'1993-06-29'),(436,'Norberto','Mills',32,197,'1973-11-17'),(437,'Francesco','Stanton',287,193,'1996-03-28'),(438,'Meaghan','Goldner',316,176,'1931-10-29'),(439,'Robin','Kling',110,199,'1968-06-16'),(440,'Harmon','Huel',127,171,'1935-11-23'),(441,'Cleveland','Daniel',272,156,'1937-12-13'),(442,'Harry','Wisozk',289,168,'1994-06-14'),(443,'Eileen','Ritchie',204,173,'1960-12-12'),(444,'Destin','Rice',82,163,'1936-02-16'),(445,'Esther','Paucek',362,194,'1980-12-04'),(446,'Jordan','Strosin',85,183,'1997-02-24'),(447,'Zula','Lind',473,182,'1924-09-08'),(448,'Daphne','Cremin',477,162,'1923-11-07'),(449,'Wyman','Wolff',109,167,'1964-11-03'),(450,'Freeda','Gerlach',198,197,'1949-02-05'),(451,'Pearlie','Ryan',408,184,'1985-12-02'),(452,'Emanuel','Schultz',275,180,'1950-05-08'),(453,'Rosetta','Douglas',487,199,'1945-06-22'),(454,'Nicolette','Harber',83,157,'1935-09-20'),(455,'Rosalind','Kihn',35,186,'1986-04-30'),(456,'Chloe','Mayert',53,162,'1939-09-21'),(457,'Carmel','Cormier',106,150,'1924-09-24'),(458,'Alberta','Hoppe',331,165,'1995-07-21'),(459,'Esmeralda','Waters',1,177,'1988-10-18'),(460,'Janie','Farrell',405,189,'1971-12-17'),(461,'Jamarcus','Roob',498,166,'1962-12-28'),(462,'Neva','Dickens',115,162,'1944-03-14'),(463,'Lloyd','Ullrich',376,163,'1950-10-08'),(464,'Mara','Larkin',34,180,'1998-04-04'),(465,'London','Medhurst',335,161,'1967-09-10'),(466,'Alexander','Veum',307,166,'1928-10-08'),(467,'Camden','Macejkovic',72,197,'1952-02-11'),(468,'Moises','Koepp',57,187,'1955-05-24'),(469,'Clemmie','Smith',6,194,'1922-10-05'),(470,'Crawford','Bruen',209,161,'1971-01-07'),(471,'Bertram','Leannon',223,171,'1970-01-28'),(472,'Cheyanne','Skiles',47,176,'1970-12-23'),(473,'Carolina','Ebert',282,166,'1953-08-14'),(474,'Haley','Bogisich',203,152,'1929-08-22'),(475,'Dorothea','Pouros',490,162,'1936-10-11'),(476,'Ludie','Schmitt',303,153,'1997-08-31'),(477,'Freddy','Schuster',295,181,'1929-01-31'),(478,'Brandon','Schultz',154,196,'1928-07-11'),(479,'Madie','Hickle',433,187,'1980-01-31'),(480,'Kelly','Hegmann',369,197,'1991-11-20'),(481,'Celine','Konopelski',399,177,'1985-04-06'),(482,'Jessica','Bins',108,195,'1944-06-18'),(483,'Annamae','Kertzmann',14,191,'1963-04-30'),(484,'Shayne','Cummerata',200,174,'1952-03-25'),(485,'Daisy','Swift',91,196,'1960-01-19'),(486,'Chester','Erdman',228,157,'1931-08-14'),(487,'Kayley','Herzog',212,198,'1973-11-14'),(488,'Chaya','Corwin',199,170,'1985-08-24'),(489,'Domenico','Feeney',178,158,'1976-04-17'),(490,'Vanessa','VonRueden',429,181,'1963-12-14'),(491,'Nyah','D\'Amore',440,182,'1928-12-04'),(492,'Jody','Bogisich',446,167,'1964-09-10'),(493,'Marlee','Tillman',385,189,'1980-06-07'),(494,'Jerad','Satterfield',113,194,'1982-03-13'),(495,'Evie','Hackett',19,152,'1939-06-05'),(496,'Sammie','Rohan',277,182,'1999-02-17'),(497,'Edwardo','Zulauf',131,151,'1999-08-11'),(498,'Modesta','Russel',439,162,'1961-05-29'),(499,'Chanelle','Schaefer',239,156,'1972-06-27'),(500,'Andreanne','Cronin',327,196,'1927-07-27');
/*!40000 ALTER TABLE `names` ENABLE KEYS */;
UNLOCK TABLES;

--
-- Table structure for table `names_photo`
--

DROP TABLE IF EXISTS `names_photo`;
/*!40101 SET @saved_cs_client     = @@character_set_client */;
/*!50503 SET character_set_client = utf8mb4 */;
CREATE TABLE `names_photo` (
  `id` int unsigned NOT NULL AUTO_INCREMENT,
  `name_id` int unsigned NOT NULL,
  `title` varchar(100) CHARACTER SET utf8 COLLATE utf8_unicode_ci NOT NULL,
  `link` varchar(255) CHARACTER SET utf8 COLLATE utf8_unicode_ci NOT NULL,
  `created_at` datetime DEFAULT CURRENT_TIMESTAMP,
  PRIMARY KEY (`id`),
  UNIQUE KEY `title` (`title`),
  UNIQUE KEY `link` (`link`),
  KEY `names_photo_name_id_idx` (`name_id`),
  CONSTRAINT `names_photo_name_id_fk` FOREIGN KEY (`name_id`) REFERENCES `names` (`id`) ON DELETE CASCADE
) ENGINE=InnoDB AUTO_INCREMENT=1023 DEFAULT CHARSET=utf8 COLLATE=utf8_unicode_ci;
/*!40101 SET character_set_client = @saved_cs_client */;

--
-- Dumping data for table `names_photo`
--

LOCK TABLES `names_photo` WRITE;
/*!40000 ALTER TABLE `names_photo` DISABLE KEYS */;
INSERT INTO `names_photo` VALUES (1,459,'Esmeralda_Waters232.jpg','https://boxdrop.com/movie_db/names_photo/Esmeralda_Waters232.jpg','2020-03-16 04:38:10'),(2,133,'Broderick_Funk76.jpg','https://boxdrop.com/movie_db/names_photo/Broderick_Funk76.jpg','2019-09-09 10:58:28'),(3,297,'Robb_Hessel779.jpg','https://boxdrop.com/movie_db/names_photo/Robb_Hessel779.jpg','2019-04-07 20:26:34'),(4,50,'Eldred_Kunde368.jpg','https://boxdrop.com/movie_db/names_photo/Eldred_Kunde368.jpg','2019-05-06 06:58:27'),(5,87,'Drew_Lindgren769.jpg','https://boxdrop.com/movie_db/names_photo/Drew_Lindgren769.jpg','2019-07-02 00:21:36'),(6,469,'Clemmie_Smith581.jpg','https://boxdrop.com/movie_db/names_photo/Clemmie_Smith581.jpg','2019-08-25 03:53:26'),(7,202,'Stanton_Brakus627.jpg','https://boxdrop.com/movie_db/names_photo/Stanton_Brakus627.jpg','2019-09-10 05:22:41'),(8,174,'Dewayne_Gislason41.jpg','https://boxdrop.com/movie_db/names_photo/Dewayne_Gislason41.jpg','2019-08-18 13:21:45'),(9,405,'Elizabeth_Hartmann254.jpg','https://boxdrop.com/movie_db/names_photo/Elizabeth_Hartmann254.jpg','2019-12-11 14:10:25'),(10,107,'Theo_Ryan786.jpg','https://boxdrop.com/movie_db/names_photo/Theo_Ryan786.jpg','2020-03-29 01:31:36'),(11,248,'Jedediah_Reilly960.jpg','https://boxdrop.com/movie_db/names_photo/Jedediah_Reilly960.jpg','2019-06-21 01:45:28'),(12,28,'Stephanie_Gleichner872.jpg','https://boxdrop.com/movie_db/names_photo/Stephanie_Gleichner872.jpg','2019-06-02 10:38:08'),(13,275,'Sylvester_McLaughlin793.jpg','https://boxdrop.com/movie_db/names_photo/Sylvester_McLaughlin793.jpg','2020-03-16 10:02:14'),(14,483,'Annamae_Kertzmann509.jpg','https://boxdrop.com/movie_db/names_photo/Annamae_Kertzmann509.jpg','2019-07-01 13:11:49'),(15,348,'Dominic_Roob317.jpg','https://boxdrop.com/movie_db/names_photo/Dominic_Roob317.jpg','2019-10-16 03:41:13'),(16,59,'Merl_Abbott740.jpg','https://boxdrop.com/movie_db/names_photo/Merl_Abbott740.jpg','2019-08-02 19:48:29'),(17,206,'Bryana_Gutkowski493.jpg','https://boxdrop.com/movie_db/names_photo/Bryana_Gutkowski493.jpg','2020-02-05 07:27:04'),(18,7,'Freda_Herzog403.jpg','https://boxdrop.com/movie_db/names_photo/Freda_Herzog403.jpg','2020-02-11 22:35:33'),(19,495,'Evie_Hackett894.jpg','https://boxdrop.com/movie_db/names_photo/Evie_Hackett894.jpg','2019-05-08 17:58:48'),(20,357,'Marjory_Simonis759.jpg','https://boxdrop.com/movie_db/names_photo/Marjory_Simonis759.jpg','2019-05-10 13:16:31'),(21,169,'Ari_Lind229.jpg','https://boxdrop.com/movie_db/names_photo/Ari_Lind229.jpg','2020-01-17 04:16:21'),(22,270,'Malvina_Kilback983.jpg','https://boxdrop.com/movie_db/names_photo/Malvina_Kilback983.jpg','2019-07-08 06:57:37'),(23,364,'Angelita_Corkery100.jpg','https://boxdrop.com/movie_db/names_photo/Angelita_Corkery100.jpg','2019-12-19 19:00:18'),(24,101,'Justyn_Cremin828.jpg','https://boxdrop.com/movie_db/names_photo/Justyn_Cremin828.jpg','2019-12-09 01:39:05'),(25,384,'Al_Pouros510.jpg','https://boxdrop.com/movie_db/names_photo/Al_Pouros510.jpg','2019-12-13 13:16:56'),(26,220,'Deven_Rau661.jpg','https://boxdrop.com/movie_db/names_photo/Deven_Rau661.jpg','2019-08-19 13:02:26'),(27,236,'Tavares_Stamm677.jpg','https://boxdrop.com/movie_db/names_photo/Tavares_Stamm677.jpg','2019-04-21 16:07:06'),(28,157,'Leone_Lueilwitz455.jpg','https://boxdrop.com/movie_db/names_photo/Leone_Lueilwitz455.jpg','2020-03-30 23:35:49'),(29,344,'Wava_Hirthe390.jpg','https://boxdrop.com/movie_db/names_photo/Wava_Hirthe390.jpg','2019-09-21 19:48:16'),(30,282,'Verdie_Murazik845.jpg','https://boxdrop.com/movie_db/names_photo/Verdie_Murazik845.jpg','2019-09-13 11:29:19'),(31,241,'Reymundo_Kohler974.jpg','https://boxdrop.com/movie_db/names_photo/Reymundo_Kohler974.jpg','2019-11-30 20:51:47'),(32,436,'Norberto_Mills931.jpg','https://boxdrop.com/movie_db/names_photo/Norberto_Mills931.jpg','2019-11-16 21:44:29'),(33,72,'Chyna_McDermott181.jpg','https://boxdrop.com/movie_db/names_photo/Chyna_McDermott181.jpg','2019-05-27 17:39:27'),(34,464,'Mara_Larkin270.jpg','https://boxdrop.com/movie_db/names_photo/Mara_Larkin270.jpg','2019-06-12 06:12:49'),(35,455,'Rosalind_Kihn611.jpg','https://boxdrop.com/movie_db/names_photo/Rosalind_Kihn611.jpg','2019-12-08 12:04:46'),(36,77,'Griffin_Hermann236.jpg','https://boxdrop.com/movie_db/names_photo/Griffin_Hermann236.jpg','2020-03-19 23:44:52'),(37,319,'Marisa_Bergstrom399.jpg','https://boxdrop.com/movie_db/names_photo/Marisa_Bergstrom399.jpg','2019-08-20 12:59:55'),(38,214,'Timothy_Mosciski342.jpg','https://boxdrop.com/movie_db/names_photo/Timothy_Mosciski342.jpg','2019-12-03 18:21:13'),(39,123,'Ryleigh_Bechtelar241.jpg','https://boxdrop.com/movie_db/names_photo/Ryleigh_Bechtelar241.jpg','2020-03-10 07:22:18'),(40,307,'Hershel_Schowalter862.jpg','https://boxdrop.com/movie_db/names_photo/Hershel_Schowalter862.jpg','2019-07-29 03:50:09'),(41,120,'Wilbert_Kuvalis229.jpg','https://boxdrop.com/movie_db/names_photo/Wilbert_Kuvalis229.jpg','2019-07-29 10:20:31'),(42,330,'Malachi_Bruen388.jpg','https://boxdrop.com/movie_db/names_photo/Malachi_Bruen388.jpg','2020-02-12 14:49:58'),(43,151,'George_Jacobs668.jpg','https://boxdrop.com/movie_db/names_photo/George_Jacobs668.jpg','2019-12-16 12:57:28'),(44,138,'Reyna_Koss761.jpg','https://boxdrop.com/movie_db/names_photo/Reyna_Koss761.jpg','2019-12-17 11:22:16'),(45,154,'Nathan_Heller676.jpg','https://boxdrop.com/movie_db/names_photo/Nathan_Heller676.jpg','2019-11-04 02:41:32'),(46,8,'Estrella_Raynor65.jpg','https://boxdrop.com/movie_db/names_photo/Estrella_Raynor65.jpg','2019-04-22 10:52:52'),(47,472,'Cheyanne_Skiles685.jpg','https://boxdrop.com/movie_db/names_photo/Cheyanne_Skiles685.jpg','2019-08-30 12:21:20'),(48,106,'Hollie_Emmerich648.jpg','https://boxdrop.com/movie_db/names_photo/Hollie_Emmerich648.jpg','2019-06-27 18:35:52'),(49,353,'Garland_Lockman514.jpg','https://boxdrop.com/movie_db/names_photo/Garland_Lockman514.jpg','2019-06-22 13:02:20'),(50,414,'Lia_Christiansen328.jpg','https://boxdrop.com/movie_db/names_photo/Lia_Christiansen328.jpg','2019-07-27 18:11:31'),(51,422,'Lindsay_Denesik633.jpg','https://boxdrop.com/movie_db/names_photo/Lindsay_Denesik633.jpg','2019-12-16 08:01:48'),(52,390,'Christine_Hansen631.jpg','https://boxdrop.com/movie_db/names_photo/Christine_Hansen631.jpg','2020-01-12 01:44:15'),(53,456,'Chloe_Mayert596.jpg','https://boxdrop.com/movie_db/names_photo/Chloe_Mayert596.jpg','2019-10-29 14:19:02'),(54,290,'Jedidiah_Mueller811.jpg','https://boxdrop.com/movie_db/names_photo/Jedidiah_Mueller811.jpg','2020-02-01 10:58:25'),(55,200,'Jasper_Emard611.jpg','https://boxdrop.com/movie_db/names_photo/Jasper_Emard611.jpg','2019-07-04 13:55:09'),(56,22,'Danyka_Carter223.jpg','https://boxdrop.com/movie_db/names_photo/Danyka_Carter223.jpg','2020-02-18 02:53:29'),(57,468,'Moises_Koepp346.jpg','https://boxdrop.com/movie_db/names_photo/Moises_Koepp346.jpg','2019-06-07 03:27:18'),(58,170,'Macey_Waters971.jpg','https://boxdrop.com/movie_db/names_photo/Macey_Waters971.jpg','2019-09-13 20:00:42'),(59,354,'Nia_Abshire267.jpg','https://boxdrop.com/movie_db/names_photo/Nia_Abshire267.jpg','2020-03-26 22:05:41'),(60,292,'Noel_Conroy85.jpg','https://boxdrop.com/movie_db/names_photo/Noel_Conroy85.jpg','2019-04-20 01:45:57'),(61,341,'Hazel_Ward581.jpg','https://boxdrop.com/movie_db/names_photo/Hazel_Ward581.jpg','2019-05-23 21:04:47'),(62,31,'Kacey_Eichmann748.jpg','https://boxdrop.com/movie_db/names_photo/Kacey_Eichmann748.jpg','2019-09-17 06:58:45'),(63,251,'Narciso_Armstrong376.jpg','https://boxdrop.com/movie_db/names_photo/Narciso_Armstrong376.jpg','2019-11-23 13:07:36'),(64,392,'Camron_Senger570.jpg','https://boxdrop.com/movie_db/names_photo/Camron_Senger570.jpg','2019-08-23 09:40:46'),(65,85,'Missouri_Herman290.jpg','https://boxdrop.com/movie_db/names_photo/Missouri_Herman290.jpg','2019-11-24 08:34:23'),(66,388,'Alanna_Stamm182.jpg','https://boxdrop.com/movie_db/names_photo/Alanna_Stamm182.jpg','2019-04-09 18:51:21'),(67,116,'Akeem_Green978.jpg','https://boxdrop.com/movie_db/names_photo/Akeem_Green978.jpg','2019-10-09 02:51:49'),(68,428,'Arnulfo_Casper480.jpg','https://boxdrop.com/movie_db/names_photo/Arnulfo_Casper480.jpg','2019-10-20 20:51:55'),(69,3,'Santos_Cole432.jpg','https://boxdrop.com/movie_db/names_photo/Santos_Cole432.jpg','2019-11-10 15:46:11'),(70,243,'Delia_Bosco769.jpg','https://boxdrop.com/movie_db/names_photo/Delia_Bosco769.jpg','2019-06-16 11:16:17'),(71,324,'Jose_Grant110.jpg','https://boxdrop.com/movie_db/names_photo/Jose_Grant110.jpg','2019-12-27 19:49:36'),(72,467,'Camden_Macejkovic618.jpg','https://boxdrop.com/movie_db/names_photo/Camden_Macejkovic618.jpg','2019-11-03 17:43:36'),(73,247,'Jessica_Durgan482.jpg','https://boxdrop.com/movie_db/names_photo/Jessica_Durgan482.jpg','2019-11-15 10:00:38'),(74,160,'Napoleon_Grimes691.jpg','https://boxdrop.com/movie_db/names_photo/Napoleon_Grimes691.jpg','2019-04-17 07:46:41'),(75,56,'Rod_Bailey404.jpg','https://boxdrop.com/movie_db/names_photo/Rod_Bailey404.jpg','2019-08-23 01:14:31'),(76,333,'Louisa_Kohler88.jpg','https://boxdrop.com/movie_db/names_photo/Louisa_Kohler88.jpg','2019-08-03 22:42:37'),(77,143,'Arvilla_Terry919.jpg','https://boxdrop.com/movie_db/names_photo/Arvilla_Terry919.jpg','2019-04-27 03:56:34'),(78,303,'Nils_Nolan927.jpg','https://boxdrop.com/movie_db/names_photo/Nils_Nolan927.jpg','2020-03-05 23:06:18'),(79,19,'Eva_Terry712.jpg','https://boxdrop.com/movie_db/names_photo/Eva_Terry712.jpg','2019-12-07 12:40:18'),(80,51,'Roxane_Volkman45.jpg','https://boxdrop.com/movie_db/names_photo/Roxane_Volkman45.jpg','2019-08-17 09:28:26'),(81,41,'Gerson_Ullrich651.jpg','https://boxdrop.com/movie_db/names_photo/Gerson_Ullrich651.jpg','2019-04-22 12:12:49'),(82,444,'Destin_Rice659.jpg','https://boxdrop.com/movie_db/names_photo/Destin_Rice659.jpg','2020-03-23 22:31:31'),(83,454,'Nicolette_Harber581.jpg','https://boxdrop.com/movie_db/names_photo/Nicolette_Harber581.jpg','2020-01-01 15:00:26'),(84,336,'Salvador_Hegmann824.jpg','https://boxdrop.com/movie_db/names_photo/Salvador_Hegmann824.jpg','2019-08-24 13:12:02'),(85,446,'Jordan_Strosin149.jpg','https://boxdrop.com/movie_db/names_photo/Jordan_Strosin149.jpg','2019-07-12 06:16:51'),(86,76,'Barrett_Bogan225.jpg','https://boxdrop.com/movie_db/names_photo/Barrett_Bogan225.jpg','2019-11-16 05:13:36'),(87,237,'Eino_Doyle16.jpg','https://boxdrop.com/movie_db/names_photo/Eino_Doyle16.jpg','2019-07-20 04:19:06'),(88,18,'Elinore_Larson305.jpg','https://boxdrop.com/movie_db/names_photo/Elinore_Larson305.jpg','2020-03-25 21:47:03'),(89,371,'Maximilian_Jacobs837.jpg','https://boxdrop.com/movie_db/names_photo/Maximilian_Jacobs837.jpg','2019-07-09 03:54:14'),(90,368,'Tyrell_Botsford985.jpg','https://boxdrop.com/movie_db/names_photo/Tyrell_Botsford985.jpg','2019-06-17 17:01:40'),(91,485,'Daisy_Swift338.jpg','https://boxdrop.com/movie_db/names_photo/Daisy_Swift338.jpg','2019-09-10 19:11:57'),(92,419,'Chaim_Hermiston702.jpg','https://boxdrop.com/movie_db/names_photo/Chaim_Hermiston702.jpg','2019-09-17 18:16:08'),(93,233,'Gay_Reilly290.jpg','https://boxdrop.com/movie_db/names_photo/Gay_Reilly290.jpg','2019-10-26 16:21:24'),(94,181,'Jeremie_Rau138.jpg','https://boxdrop.com/movie_db/names_photo/Jeremie_Rau138.jpg','2020-03-15 03:28:01'),(95,128,'Sister_Macejkovic333.jpg','https://boxdrop.com/movie_db/names_photo/Sister_Macejkovic333.jpg','2019-12-05 11:59:16'),(96,322,'Janice_Will781.jpg','https://boxdrop.com/movie_db/names_photo/Janice_Will781.jpg','2020-01-30 11:13:56'),(97,337,'Magnolia_Metz190.jpg','https://boxdrop.com/movie_db/names_photo/Magnolia_Metz190.jpg','2020-02-23 09:37:48'),(98,418,'Ashley_Macejkovic628.jpg','https://boxdrop.com/movie_db/names_photo/Ashley_Macejkovic628.jpg','2019-07-02 18:37:39'),(99,289,'Eleanora_Sipes956.jpg','https://boxdrop.com/movie_db/names_photo/Eleanora_Sipes956.jpg','2019-05-05 01:39:21'),(100,91,'Adeline_Pagac991.jpg','https://boxdrop.com/movie_db/names_photo/Adeline_Pagac991.jpg','2019-07-29 23:26:57'),(101,229,'Brionna_McCullough690.jpg','https://boxdrop.com/movie_db/names_photo/Brionna_McCullough690.jpg','2020-03-19 18:11:40'),(102,310,'Joe_Krajcik646.jpg','https://boxdrop.com/movie_db/names_photo/Joe_Krajcik646.jpg','2020-03-08 08:49:46'),(103,355,'Lowell_King997.jpg','https://boxdrop.com/movie_db/names_photo/Lowell_King997.jpg','2019-07-01 09:00:42'),(104,281,'Aimee_Senger2.jpg','https://boxdrop.com/movie_db/names_photo/Aimee_Senger2.jpg','2019-06-04 00:57:58'),(105,189,'Kane_Hermann491.jpg','https://boxdrop.com/movie_db/names_photo/Kane_Hermann491.jpg','2019-09-06 17:17:43'),(106,457,'Carmel_Cormier813.jpg','https://boxdrop.com/movie_db/names_photo/Carmel_Cormier813.jpg','2019-09-05 11:04:48'),(107,431,'Edmond_Romaguera863.jpg','https://boxdrop.com/movie_db/names_photo/Edmond_Romaguera863.jpg','2019-08-12 21:21:12'),(108,482,'Jessica_Bins317.jpg','https://boxdrop.com/movie_db/names_photo/Jessica_Bins317.jpg','2019-09-17 13:41:13'),(109,449,'Wyman_Wolff711.jpg','https://boxdrop.com/movie_db/names_photo/Wyman_Wolff711.jpg','2020-01-20 08:07:24'),(110,439,'Robin_Kling587.jpg','https://boxdrop.com/movie_db/names_photo/Robin_Kling587.jpg','2019-11-12 09:46:38'),(111,137,'Alanna_Jones459.jpg','https://boxdrop.com/movie_db/names_photo/Alanna_Jones459.jpg','2019-09-07 09:24:47'),(112,73,'Adele_Daniel614.jpg','https://boxdrop.com/movie_db/names_photo/Adele_Daniel614.jpg','2019-04-15 07:58:48'),(113,494,'Jerad_Satterfield712.jpg','https://boxdrop.com/movie_db/names_photo/Jerad_Satterfield712.jpg','2020-02-19 10:39:37'),(114,64,'Eryn_Fahey180.jpg','https://boxdrop.com/movie_db/names_photo/Eryn_Fahey180.jpg','2019-11-12 08:19:42'),(115,462,'Neva_Dickens858.jpg','https://boxdrop.com/movie_db/names_photo/Neva_Dickens858.jpg','2019-12-16 21:19:47'),(116,136,'Vivianne_Murphy675.jpg','https://boxdrop.com/movie_db/names_photo/Vivianne_Murphy675.jpg','2020-01-07 12:20:41'),(117,122,'Berniece_Littel761.jpg','https://boxdrop.com/movie_db/names_photo/Berniece_Littel761.jpg','2020-03-13 16:54:31'),(118,295,'Lizzie_Douglas667.jpg','https://boxdrop.com/movie_db/names_photo/Lizzie_Douglas667.jpg','2019-05-02 09:54:11'),(119,383,'Elisa_Wehner502.jpg','https://boxdrop.com/movie_db/names_photo/Elisa_Wehner502.jpg','2019-12-29 00:49:07'),(120,53,'Charlie_Gleason108.jpg','https://boxdrop.com/movie_db/names_photo/Charlie_Gleason108.jpg','2019-09-12 19:53:51'),(121,215,'Marcus_Dickens270.jpg','https://boxdrop.com/movie_db/names_photo/Marcus_Dickens270.jpg','2020-02-17 06:14:15'),(122,308,'Erich_Schumm229.jpg','https://boxdrop.com/movie_db/names_photo/Erich_Schumm229.jpg','2020-01-20 07:46:27'),(123,46,'Timmy_Collins221.jpg','https://boxdrop.com/movie_db/names_photo/Timmy_Collins221.jpg','2019-04-29 03:15:27'),(124,278,'Casimir_Quitzon698.jpg','https://boxdrop.com/movie_db/names_photo/Casimir_Quitzon698.jpg','2019-11-18 15:37:07'),(125,83,'Stephania_Gislason978.jpg','https://boxdrop.com/movie_db/names_photo/Stephania_Gislason978.jpg','2019-09-20 19:42:31'),(126,146,'Ernestina_Dach747.jpg','https://boxdrop.com/movie_db/names_photo/Ernestina_Dach747.jpg','2019-10-24 23:10:07'),(127,440,'Harmon_Huel173.jpg','https://boxdrop.com/movie_db/names_photo/Harmon_Huel173.jpg','2019-07-06 12:21:53'),(128,144,'Brook_Sporer553.jpg','https://boxdrop.com/movie_db/names_photo/Brook_Sporer553.jpg','2020-03-14 13:27:58'),(129,432,'Evert_Hegmann452.jpg','https://boxdrop.com/movie_db/names_photo/Evert_Hegmann452.jpg','2019-06-16 10:49:55'),(130,409,'Unique_Nicolas522.jpg','https://boxdrop.com/movie_db/names_photo/Unique_Nicolas522.jpg','2019-11-29 18:46:51'),(131,497,'Edwardo_Zulauf992.jpg','https://boxdrop.com/movie_db/names_photo/Edwardo_Zulauf992.jpg','2019-08-09 18:05:27'),(132,259,'Moshe_Bahringer495.jpg','https://boxdrop.com/movie_db/names_photo/Moshe_Bahringer495.jpg','2019-07-29 17:17:47'),(133,1,'Freddy_Raynor843.jpg','https://boxdrop.com/movie_db/names_photo/Freddy_Raynor843.jpg','2019-12-11 08:01:13'),(134,264,'Stacy_O\'Conner256.jpg','https://boxdrop.com/movie_db/names_photo/Stacy_O\'Conner256.jpg','2019-11-16 16:23:30'),(135,421,'Candelario_White420.jpg','https://boxdrop.com/movie_db/names_photo/Candelario_White420.jpg','2019-04-15 21:51:54'),(136,68,'Timmothy_Feest489.jpg','https://boxdrop.com/movie_db/names_photo/Timmothy_Feest489.jpg','2019-10-14 23:17:43'),(137,132,'Delaney_Adams588.jpg','https://boxdrop.com/movie_db/names_photo/Delaney_Adams588.jpg','2019-08-09 23:08:47'),(138,26,'Danny_Durgan619.jpg','https://boxdrop.com/movie_db/names_photo/Danny_Durgan619.jpg','2019-12-18 13:56:12'),(139,95,'Deshawn_Hayes83.jpg','https://boxdrop.com/movie_db/names_photo/Deshawn_Hayes83.jpg','2019-10-17 16:14:06'),(140,81,'Jessy_Block282.jpg','https://boxdrop.com/movie_db/names_photo/Jessy_Block282.jpg','2019-05-30 15:27:49'),(141,401,'Mireya_Hermiston755.jpg','https://boxdrop.com/movie_db/names_photo/Mireya_Hermiston755.jpg','2020-01-04 04:15:08'),(142,268,'Maritza_Frami851.jpg','https://boxdrop.com/movie_db/names_photo/Maritza_Frami851.jpg','2019-12-01 03:16:07'),(143,171,'Amelie_Boyle810.jpg','https://boxdrop.com/movie_db/names_photo/Amelie_Boyle810.jpg','2019-11-14 04:33:07'),(144,21,'Federico_Breitenberg346.jpg','https://boxdrop.com/movie_db/names_photo/Federico_Breitenberg346.jpg','2020-02-18 16:59:27'),(145,178,'Scot_Quitzon955.jpg','https://boxdrop.com/movie_db/names_photo/Scot_Quitzon955.jpg','2019-10-08 02:03:18'),(146,362,'Britney_McDermott47.jpg','https://boxdrop.com/movie_db/names_photo/Britney_McDermott47.jpg','2019-10-11 02:09:51'),(147,250,'Eden_Gleichner181.jpg','https://boxdrop.com/movie_db/names_photo/Eden_Gleichner181.jpg','2019-11-01 23:32:48'),(148,235,'Dessie_Witting338.jpg','https://boxdrop.com/movie_db/names_photo/Dessie_Witting338.jpg','2019-05-18 10:18:29'),(149,152,'Marcia_Smith664.jpg','https://boxdrop.com/movie_db/names_photo/Marcia_Smith664.jpg','2019-04-29 15:52:45'),(150,413,'Brant_Douglas535.jpg','https://boxdrop.com/movie_db/names_photo/Brant_Douglas535.jpg','2020-03-12 16:14:22'),(151,252,'Janis_Mills489.jpg','https://boxdrop.com/movie_db/names_photo/Janis_Mills489.jpg','2020-03-24 17:51:31'),(152,29,'Cicero_Rodriguez85.jpg','https://boxdrop.com/movie_db/names_photo/Cicero_Rodriguez85.jpg','2020-03-12 09:06:46'),(153,429,'Hilma_Haley310.jpg','https://boxdrop.com/movie_db/names_photo/Hilma_Haley310.jpg','2019-06-13 15:36:53'),(154,478,'Brandon_Schultz802.jpg','https://boxdrop.com/movie_db/names_photo/Brandon_Schultz802.jpg','2019-09-08 02:16:09'),(155,20,'Wilfrid_Bahringer735.jpg','https://boxdrop.com/movie_db/names_photo/Wilfrid_Bahringer735.jpg','2020-03-16 04:32:19'),(156,287,'Valerie_Labadie984.jpg','https://boxdrop.com/movie_db/names_photo/Valerie_Labadie984.jpg','2019-10-01 00:47:52'),(157,48,'Monique_Bartell907.jpg','https://boxdrop.com/movie_db/names_photo/Monique_Bartell907.jpg','2019-06-26 12:50:40'),(158,23,'Hassie_Wilderman364.jpg','https://boxdrop.com/movie_db/names_photo/Hassie_Wilderman364.jpg','2019-06-16 14:08:50'),(159,88,'Arvid_Ondricka474.jpg','https://boxdrop.com/movie_db/names_photo/Arvid_Ondricka474.jpg','2020-01-29 10:19:34'),(160,204,'Jordane_Ernser482.jpg','https://boxdrop.com/movie_db/names_photo/Jordane_Ernser482.jpg','2019-11-23 13:25:09'),(161,407,'Gennaro_Bayer30.jpg','https://boxdrop.com/movie_db/names_photo/Gennaro_Bayer30.jpg','2019-11-08 08:22:35'),(162,360,'Kristin_Stroman693.jpg','https://boxdrop.com/movie_db/names_photo/Kristin_Stroman693.jpg','2019-04-07 09:54:57'),(163,78,'Maximus_Hilll641.jpg','https://boxdrop.com/movie_db/names_photo/Maximus_Hilll641.jpg','2019-06-08 08:45:45'),(164,256,'Marjory_Little182.jpg','https://boxdrop.com/movie_db/names_photo/Marjory_Little182.jpg','2019-08-14 09:55:58'),(165,395,'Jaylon_Sauer712.jpg','https://boxdrop.com/movie_db/names_photo/Jaylon_Sauer712.jpg','2019-12-22 07:33:34'),(166,298,'Margie_Rohan822.jpg','https://boxdrop.com/movie_db/names_photo/Margie_Rohan822.jpg','2019-07-24 13:10:56'),(167,131,'Giovani_Corwin380.jpg','https://boxdrop.com/movie_db/names_photo/Giovani_Corwin380.jpg','2019-04-23 15:59:11'),(168,126,'Tatum_Dickinson60.jpg','https://boxdrop.com/movie_db/names_photo/Tatum_Dickinson60.jpg','2019-06-04 15:33:01'),(169,49,'Bryana_Hoeger519.jpg','https://boxdrop.com/movie_db/names_photo/Bryana_Hoeger519.jpg','2019-05-12 09:26:53'),(170,225,'Dariana_Spencer66.jpg','https://boxdrop.com/movie_db/names_photo/Dariana_Spencer66.jpg','2019-05-15 10:06:09'),(171,99,'Lily_Ortiz139.jpg','https://boxdrop.com/movie_db/names_photo/Lily_Ortiz139.jpg','2019-10-26 10:52:52'),(172,410,'Nat_Davis849.jpg','https://boxdrop.com/movie_db/names_photo/Nat_Davis849.jpg','2020-03-21 03:26:52'),(173,403,'Lexus_Wiegand740.jpg','https://boxdrop.com/movie_db/names_photo/Lexus_Wiegand740.jpg','2019-08-22 03:44:25'),(174,375,'Marisa_Smitham733.jpg','https://boxdrop.com/movie_db/names_photo/Marisa_Smitham733.jpg','2019-10-23 04:01:45'),(175,334,'Devyn_Ziemann894.jpg','https://boxdrop.com/movie_db/names_photo/Devyn_Ziemann894.jpg','2019-04-12 08:19:26'),(176,180,'Samantha_Moore288.jpg','https://boxdrop.com/movie_db/names_photo/Samantha_Moore288.jpg','2019-08-22 08:01:44'),(177,57,'Newton_Schulist60.jpg','https://boxdrop.com/movie_db/names_photo/Newton_Schulist60.jpg','2019-08-31 06:21:05'),(178,489,'Domenico_Feeney390.jpg','https://boxdrop.com/movie_db/names_photo/Domenico_Feeney390.jpg','2019-05-27 10:06:15'),(179,299,'Joshua_Lebsack829.jpg','https://boxdrop.com/movie_db/names_photo/Joshua_Lebsack829.jpg','2019-10-10 00:16:21'),(180,417,'Laverne_Kutch616.jpg','https://boxdrop.com/movie_db/names_photo/Laverne_Kutch616.jpg','2019-06-17 03:34:34'),(181,404,'Ryann_Raynor80.jpg','https://boxdrop.com/movie_db/names_photo/Ryann_Raynor80.jpg','2019-04-24 11:31:03'),(182,412,'Angelo_Hauck706.jpg','https://boxdrop.com/movie_db/names_photo/Angelo_Hauck706.jpg','2019-07-31 00:52:19'),(183,38,'Delfina_Gerhold313.jpg','https://boxdrop.com/movie_db/names_photo/Delfina_Gerhold313.jpg','2019-04-06 17:13:13'),(184,208,'Pink_Grimes909.jpg','https://boxdrop.com/movie_db/names_photo/Pink_Grimes909.jpg','2020-02-20 07:53:38'),(185,430,'Adela_Goyette563.jpg','https://boxdrop.com/movie_db/names_photo/Adela_Goyette563.jpg','2019-11-03 08:23:42'),(186,211,'Lois_Koepp40.jpg','https://boxdrop.com/movie_db/names_photo/Lois_Koepp40.jpg','2019-05-14 10:25:24'),(187,84,'Allison_Kling384.jpg','https://boxdrop.com/movie_db/names_photo/Allison_Kling384.jpg','2019-10-18 16:44:29'),(188,186,'Florencio_Jacobson111.jpg','https://boxdrop.com/movie_db/names_photo/Florencio_Jacobson111.jpg','2019-11-07 23:30:18'),(189,147,'Colt_Johnston686.jpg','https://boxdrop.com/movie_db/names_photo/Colt_Johnston686.jpg','2020-03-17 09:01:16'),(190,65,'Cyrus_Johns846.jpg','https://boxdrop.com/movie_db/names_photo/Cyrus_Johns846.jpg','2019-09-19 22:43:24'),(191,198,'Shaun_Stracke314.jpg','https://boxdrop.com/movie_db/names_photo/Shaun_Stracke314.jpg','2019-06-18 01:03:51'),(192,109,'Eleazar_Bradtke313.jpg','https://boxdrop.com/movie_db/names_photo/Eleazar_Bradtke313.jpg','2019-06-21 00:33:28'),(193,105,'Makayla_Herman821.jpg','https://boxdrop.com/movie_db/names_photo/Makayla_Herman821.jpg','2019-04-23 00:59:23'),(194,389,'Litzy_Wilkinson98.jpg','https://boxdrop.com/movie_db/names_photo/Litzy_Wilkinson98.jpg','2019-04-14 02:56:45'),(195,196,'Christophe_Renner294.jpg','https://boxdrop.com/movie_db/names_photo/Christophe_Renner294.jpg','2019-12-25 22:53:31'),(196,42,'Chaya_Marks211.jpg','https://boxdrop.com/movie_db/names_photo/Chaya_Marks211.jpg','2019-10-25 03:12:34'),(197,92,'Alisa_Zboncak23.jpg','https://boxdrop.com/movie_db/names_photo/Alisa_Zboncak23.jpg','2019-12-19 20:53:58'),(198,450,'Freeda_Gerlach465.jpg','https://boxdrop.com/movie_db/names_photo/Freeda_Gerlach465.jpg','2020-03-30 13:56:18'),(199,488,'Chaya_Corwin505.jpg','https://boxdrop.com/movie_db/names_photo/Chaya_Corwin505.jpg','2019-06-02 12:13:48'),(200,484,'Shayne_Cummerata844.jpg','https://boxdrop.com/movie_db/names_photo/Shayne_Cummerata844.jpg','2020-01-19 00:32:27'),(201,184,'Loyal_Hartmann281.jpg','https://boxdrop.com/movie_db/names_photo/Loyal_Hartmann281.jpg','2019-06-18 09:32:25'),(202,425,'May_Murphy841.jpg','https://boxdrop.com/movie_db/names_photo/May_Murphy841.jpg','2020-02-17 10:40:06'),(203,474,'Haley_Bogisich414.jpg','https://boxdrop.com/movie_db/names_photo/Haley_Bogisich414.jpg','2019-08-05 03:56:06'),(204,443,'Eileen_Ritchie932.jpg','https://boxdrop.com/movie_db/names_photo/Eileen_Ritchie932.jpg','2020-03-14 10:12:32'),(205,363,'Allene_Kutch722.jpg','https://boxdrop.com/movie_db/names_photo/Allene_Kutch722.jpg','2019-11-09 14:01:41'),(206,385,'Mohammad_Lockman245.jpg','https://boxdrop.com/movie_db/names_photo/Mohammad_Lockman245.jpg','2019-05-15 16:08:49'),(207,415,'Hayden_Bednar109.jpg','https://boxdrop.com/movie_db/names_photo/Hayden_Bednar109.jpg','2019-05-17 19:03:15'),(208,381,'Cali_Funk731.jpg','https://boxdrop.com/movie_db/names_photo/Cali_Funk731.jpg','2019-09-13 11:28:21'),(209,470,'Crawford_Bruen350.jpg','https://boxdrop.com/movie_db/names_photo/Crawford_Bruen350.jpg','2020-02-06 13:17:34'),(210,300,'Parker_Lind734.jpg','https://boxdrop.com/movie_db/names_photo/Parker_Lind734.jpg','2019-09-01 00:19:51'),(211,159,'Alanis_Kassulke150.jpg','https://boxdrop.com/movie_db/names_photo/Alanis_Kassulke150.jpg','2019-07-28 04:43:38'),(212,487,'Kayley_Herzog282.jpg','https://boxdrop.com/movie_db/names_photo/Kayley_Herzog282.jpg','2019-09-23 16:35:09'),(213,345,'Asia_Doyle631.jpg','https://boxdrop.com/movie_db/names_photo/Asia_Doyle631.jpg','2020-01-26 15:35:09'),(214,317,'Astrid_Torp358.jpg','https://boxdrop.com/movie_db/names_photo/Astrid_Torp358.jpg','2020-01-26 14:32:56'),(215,190,'Randy_Bins510.jpg','https://boxdrop.com/movie_db/names_photo/Randy_Bins510.jpg','2019-09-29 04:39:42'),(216,172,'Brycen_Upton74.jpg','https://boxdrop.com/movie_db/names_photo/Brycen_Upton74.jpg','2019-05-06 03:02:08'),(217,145,'Oscar_Kuphal72.jpg','https://boxdrop.com/movie_db/names_photo/Oscar_Kuphal72.jpg','2019-05-24 18:10:43'),(218,129,'Ruthe_Schuppe257.jpg','https://boxdrop.com/movie_db/names_photo/Ruthe_Schuppe257.jpg','2019-05-04 23:53:40'),(219,212,'Jeffrey_Bergnaum574.jpg','https://boxdrop.com/movie_db/names_photo/Jeffrey_Bergnaum574.jpg','2019-05-15 14:00:40'),(220,113,'Niko_Toy174.jpg','https://boxdrop.com/movie_db/names_photo/Niko_Toy174.jpg','2020-03-14 13:28:31'),(221,108,'Donny_Harber213.jpg','https://boxdrop.com/movie_db/names_photo/Donny_Harber213.jpg','2019-05-08 15:51:10'),(222,379,'Abby_Ritchie619.jpg','https://boxdrop.com/movie_db/names_photo/Abby_Ritchie619.jpg','2019-07-02 18:14:25'),(223,471,'Bertram_Leannon825.jpg','https://boxdrop.com/movie_db/names_photo/Bertram_Leannon825.jpg','2019-12-27 10:53:57'),(224,124,'Janae_Legros96.jpg','https://boxdrop.com/movie_db/names_photo/Janae_Legros96.jpg','2020-01-15 21:35:40'),(225,2,'Presley_Schinner364.jpg','https://boxdrop.com/movie_db/names_photo/Presley_Schinner364.jpg','2020-03-01 21:33:32'),(226,54,'Cathryn_Hane643.jpg','https://boxdrop.com/movie_db/names_photo/Cathryn_Hane643.jpg','2020-01-23 16:17:50'),(227,274,'Sienna_Gusikowski670.jpg','https://boxdrop.com/movie_db/names_photo/Sienna_Gusikowski670.jpg','2019-06-23 20:37:30'),(228,486,'Chester_Erdman669.jpg','https://boxdrop.com/movie_db/names_photo/Chester_Erdman669.jpg','2019-08-11 04:11:23'),(229,166,'Madisyn_Goyette324.jpg','https://boxdrop.com/movie_db/names_photo/Madisyn_Goyette324.jpg','2020-03-27 19:27:36'),(230,435,'Fleta_Lehner574.jpg','https://boxdrop.com/movie_db/names_photo/Fleta_Lehner574.jpg','2019-10-11 21:06:03'),(231,246,'Leda_Turner240.jpg','https://boxdrop.com/movie_db/names_photo/Leda_Turner240.jpg','2020-03-03 04:37:27'),(232,36,'Mathew_Smitham501.jpg','https://boxdrop.com/movie_db/names_photo/Mathew_Smitham501.jpg','2019-06-11 03:22:51'),(233,100,'Joan_Reichert94.jpg','https://boxdrop.com/movie_db/names_photo/Joan_Reichert94.jpg','2019-06-07 14:59:11'),(234,45,'Adolfo_Brown149.jpg','https://boxdrop.com/movie_db/names_photo/Adolfo_Brown149.jpg','2020-03-23 23:10:47'),(235,346,'Erica_Hettinger859.jpg','https://boxdrop.com/movie_db/names_photo/Erica_Hettinger859.jpg','2019-08-08 12:25:18'),(236,209,'Gerardo_Williamson70.jpg','https://boxdrop.com/movie_db/names_photo/Gerardo_Williamson70.jpg','2019-12-29 14:00:15'),(237,173,'Andreanne_Jacobson697.jpg','https://boxdrop.com/movie_db/names_photo/Andreanne_Jacobson697.jpg','2020-03-28 15:11:49'),(238,271,'Kenny_Wilkinson222.jpg','https://boxdrop.com/movie_db/names_photo/Kenny_Wilkinson222.jpg','2019-09-19 20:29:52'),(239,499,'Chanelle_Schaefer499.jpg','https://boxdrop.com/movie_db/names_photo/Chanelle_Schaefer499.jpg','2019-09-20 04:03:40'),(240,327,'Abbie_Nader140.jpg','https://boxdrop.com/movie_db/names_photo/Abbie_Nader140.jpg','2019-08-19 14:45:33'),(241,365,'Aryanna_Schaefer614.jpg','https://boxdrop.com/movie_db/names_photo/Aryanna_Schaefer614.jpg','2020-03-15 21:03:37'),(242,55,'Leatha_Bashirian905.jpg','https://boxdrop.com/movie_db/names_photo/Leatha_Bashirian905.jpg','2019-10-22 08:55:03'),(243,328,'Elyssa_Weissnat615.jpg','https://boxdrop.com/movie_db/names_photo/Elyssa_Weissnat615.jpg','2020-03-07 17:14:56'),(244,167,'Kara_Muller440.jpg','https://boxdrop.com/movie_db/names_photo/Kara_Muller440.jpg','2020-01-27 00:42:37'),(245,58,'Lukas_Adams727.jpg','https://boxdrop.com/movie_db/names_photo/Lukas_Adams727.jpg','2019-10-08 04:35:37'),(246,153,'Alda_Zboncak718.jpg','https://boxdrop.com/movie_db/names_photo/Alda_Zboncak718.jpg','2019-12-26 19:35:54'),(247,194,'Roxane_VonRueden706.jpg','https://boxdrop.com/movie_db/names_photo/Roxane_VonRueden706.jpg','2019-04-12 04:17:39'),(248,188,'Gladyce_Kling356.jpg','https://boxdrop.com/movie_db/names_photo/Gladyce_Kling356.jpg','2020-01-23 16:10:35'),(249,260,'Destiney_Will500.jpg','https://boxdrop.com/movie_db/names_photo/Destiney_Will500.jpg','2019-11-20 01:57:48'),(250,13,'Ottilie_Pfannerstill951.jpg','https://boxdrop.com/movie_db/names_photo/Ottilie_Pfannerstill951.jpg','2020-01-09 13:26:16'),(251,14,'Brooke_Breitenberg868.jpg','https://boxdrop.com/movie_db/names_photo/Brooke_Breitenberg868.jpg','2019-11-08 17:53:10'),(252,239,'Pinkie_Hills622.jpg','https://boxdrop.com/movie_db/names_photo/Pinkie_Hills622.jpg','2019-05-09 18:11:23'),(253,366,'Rahsaan_Witting453.jpg','https://boxdrop.com/movie_db/names_photo/Rahsaan_Witting453.jpg','2020-02-13 10:56:28'),(254,176,'Deshaun_Murazik805.jpg','https://boxdrop.com/movie_db/names_photo/Deshaun_Murazik805.jpg','2019-05-22 17:01:47'),(255,118,'Adan_Schuppe97.jpg','https://boxdrop.com/movie_db/names_photo/Adan_Schuppe97.jpg','2019-12-31 17:37:16'),(256,402,'Celestino_Fadel909.jpg','https://boxdrop.com/movie_db/names_photo/Celestino_Fadel909.jpg','2020-03-16 20:54:50'),(257,397,'Adalberto_Pollich11.jpg','https://boxdrop.com/movie_db/names_photo/Adalberto_Pollich11.jpg','2019-12-26 19:10:20'),(258,218,'Audra_Hermann320.jpg','https://boxdrop.com/movie_db/names_photo/Audra_Hermann320.jpg','2019-04-07 10:33:58'),(259,231,'Jalon_O\'Connell910.jpg','https://boxdrop.com/movie_db/names_photo/Jalon_O\'Connell910.jpg','2019-04-18 11:50:22'),(260,338,'Kaylee_Gaylord384.jpg','https://boxdrop.com/movie_db/names_photo/Kaylee_Gaylord384.jpg','2019-12-15 16:33:06'),(261,285,'Juwan_Baumbach549.jpg','https://boxdrop.com/movie_db/names_photo/Juwan_Baumbach549.jpg','2019-06-20 06:19:00'),(262,311,'Hilton_Langosh548.jpg','https://boxdrop.com/movie_db/names_photo/Hilton_Langosh548.jpg','2019-06-29 05:14:30'),(263,150,'Jovany_McCullough858.jpg','https://boxdrop.com/movie_db/names_photo/Jovany_McCullough858.jpg','2019-08-28 16:38:01'),(264,127,'Jefferey_King284.jpg','https://boxdrop.com/movie_db/names_photo/Jefferey_King284.jpg','2019-05-15 07:05:35'),(265,71,'Lelia_Gaylord262.jpg','https://boxdrop.com/movie_db/names_photo/Lelia_Gaylord262.jpg','2019-11-10 20:37:56'),(266,119,'Tomas_Dooley21.jpg','https://boxdrop.com/movie_db/names_photo/Tomas_Dooley21.jpg','2020-03-07 11:25:32'),(267,203,'Charity_Lubowitz98.jpg','https://boxdrop.com/movie_db/names_photo/Charity_Lubowitz98.jpg','2019-07-02 20:13:43'),(268,10,'Karl_Quigley449.jpg','https://boxdrop.com/movie_db/names_photo/Karl_Quigley449.jpg','2019-10-06 20:47:36'),(269,399,'Julius_Spinka295.jpg','https://boxdrop.com/movie_db/names_photo/Julius_Spinka295.jpg','2019-04-10 13:06:39'),(270,269,'Will_Nienow816.jpg','https://boxdrop.com/movie_db/names_photo/Will_Nienow816.jpg','2019-10-26 14:53:01'),(271,17,'Ed_Fay639.jpg','https://boxdrop.com/movie_db/names_photo/Ed_Fay639.jpg','2019-09-23 10:11:48'),(272,441,'Cleveland_Daniel613.jpg','https://boxdrop.com/movie_db/names_photo/Cleveland_Daniel613.jpg','2019-04-29 07:51:09'),(273,224,'Markus_Boehm917.jpg','https://boxdrop.com/movie_db/names_photo/Markus_Boehm917.jpg','2019-08-30 03:37:07'),(274,148,'Lorena_Kilback724.jpg','https://boxdrop.com/movie_db/names_photo/Lorena_Kilback724.jpg','2019-12-01 08:15:19'),(275,452,'Emanuel_Schultz903.jpg','https://boxdrop.com/movie_db/names_photo/Emanuel_Schultz903.jpg','2019-12-26 04:51:41'),(276,318,'Verna_Kris316.jpg','https://boxdrop.com/movie_db/names_photo/Verna_Kris316.jpg','2019-12-05 16:26:44'),(277,496,'Sammie_Rohan174.jpg','https://boxdrop.com/movie_db/names_photo/Sammie_Rohan174.jpg','2020-02-14 14:19:55'),(278,104,'Ulices_Brown323.jpg','https://boxdrop.com/movie_db/names_photo/Ulices_Brown323.jpg','2019-11-07 05:37:25'),(279,245,'Evans_King156.jpg','https://boxdrop.com/movie_db/names_photo/Evans_King156.jpg','2019-07-16 13:07:14'),(280,312,'Art_Hagenes612.jpg','https://boxdrop.com/movie_db/names_photo/Art_Hagenes612.jpg','2019-07-06 17:25:03'),(281,156,'Edythe_Pagac531.jpg','https://boxdrop.com/movie_db/names_photo/Edythe_Pagac531.jpg','2019-04-19 07:02:19'),(282,473,'Carolina_Ebert137.jpg','https://boxdrop.com/movie_db/names_photo/Carolina_Ebert137.jpg','2020-01-05 09:48:49'),(283,69,'Jayden_Kshlerin534.jpg','https://boxdrop.com/movie_db/names_photo/Jayden_Kshlerin534.jpg','2019-05-04 11:55:11'),(284,367,'Lesly_Tillman538.jpg','https://boxdrop.com/movie_db/names_photo/Lesly_Tillman538.jpg','2019-04-07 21:33:10'),(285,276,'Mary_DuBuque809.jpg','https://boxdrop.com/movie_db/names_photo/Mary_DuBuque809.jpg','2019-05-03 10:49:06'),(286,185,'April_Russel585.jpg','https://boxdrop.com/movie_db/names_photo/April_Russel585.jpg','2019-04-16 12:54:51'),(287,437,'Francesco_Stanton842.jpg','https://boxdrop.com/movie_db/names_photo/Francesco_Stanton842.jpg','2019-09-03 02:46:28'),(288,400,'Addison_O\'Kon40.jpg','https://boxdrop.com/movie_db/names_photo/Addison_O\'Kon40.jpg','2019-05-10 21:11:18'),(289,442,'Harry_Wisozk200.jpg','https://boxdrop.com/movie_db/names_photo/Harry_Wisozk200.jpg','2019-11-07 02:32:28'),(290,358,'Kaitlyn_Boyer301.jpg','https://boxdrop.com/movie_db/names_photo/Kaitlyn_Boyer301.jpg','2019-08-26 22:49:04'),(291,258,'Bridgette_Bartell621.jpg','https://boxdrop.com/movie_db/names_photo/Bridgette_Bartell621.jpg','2019-08-15 09:23:57'),(292,201,'Skylar_Hermiston767.jpg','https://boxdrop.com/movie_db/names_photo/Skylar_Hermiston767.jpg','2019-06-10 06:24:31'),(293,234,'Carson_Hodkiewicz719.jpg','https://boxdrop.com/movie_db/names_photo/Carson_Hodkiewicz719.jpg','2019-07-13 06:17:56'),(294,15,'Kayli_Walsh830.jpg','https://boxdrop.com/movie_db/names_photo/Kayli_Walsh830.jpg','2020-02-06 21:08:16'),(295,477,'Freddy_Schuster353.jpg','https://boxdrop.com/movie_db/names_photo/Freddy_Schuster353.jpg','2019-08-17 10:36:00'),(296,380,'Nona_Pouros787.jpg','https://boxdrop.com/movie_db/names_photo/Nona_Pouros787.jpg','2020-02-09 14:22:26'),(297,63,'Giuseppe_Brown798.jpg','https://boxdrop.com/movie_db/names_photo/Giuseppe_Brown798.jpg','2019-12-03 11:10:01'),(298,265,'Kennith_Goodwin930.jpg','https://boxdrop.com/movie_db/names_photo/Kennith_Goodwin930.jpg','2020-01-03 01:00:01'),(299,329,'Talon_Terry860.jpg','https://boxdrop.com/movie_db/names_photo/Talon_Terry860.jpg','2019-07-26 07:30:09'),(300,82,'Osvaldo_Reinger548.jpg','https://boxdrop.com/movie_db/names_photo/Osvaldo_Reinger548.jpg','2019-06-22 06:23:43'),(301,60,'Jarred_White79.jpg','https://boxdrop.com/movie_db/names_photo/Jarred_White79.jpg','2019-10-21 04:45:46'),(302,67,'Jack_Hagenes16.jpg','https://boxdrop.com/movie_db/names_photo/Jack_Hagenes16.jpg','2019-04-11 20:27:24'),(303,476,'Ludie_Schmitt967.jpg','https://boxdrop.com/movie_db/names_photo/Ludie_Schmitt967.jpg','2019-05-11 19:51:15'),(304,340,'Jamal_Doyle974.jpg','https://boxdrop.com/movie_db/names_photo/Jamal_Doyle974.jpg','2020-03-27 20:28:40'),(305,210,'Brayan_Aufderhar370.jpg','https://boxdrop.com/movie_db/names_photo/Brayan_Aufderhar370.jpg','2019-08-10 02:39:54'),(306,339,'Franz_Howe269.jpg','https://boxdrop.com/movie_db/names_photo/Franz_Howe269.jpg','2019-11-13 15:49:14'),(307,466,'Alexander_Veum119.jpg','https://boxdrop.com/movie_db/names_photo/Alexander_Veum119.jpg','2020-03-21 12:05:31'),(308,253,'Norberto_Homenick117.jpg','https://boxdrop.com/movie_db/names_photo/Norberto_Homenick117.jpg','2019-04-11 12:55:14'),(309,434,'Marielle_Reichel801.jpg','https://boxdrop.com/movie_db/names_photo/Marielle_Reichel801.jpg','2019-04-27 21:07:02'),(310,66,'Rick_Bradtke625.jpg','https://boxdrop.com/movie_db/names_photo/Rick_Bradtke625.jpg','2020-03-22 06:13:22'),(311,284,'Abigale_Aufderhar311.jpg','https://boxdrop.com/movie_db/names_photo/Abigale_Aufderhar311.jpg','2020-03-08 17:48:41'),(312,376,'Jana_Wunsch913.jpg','https://boxdrop.com/movie_db/names_photo/Jana_Wunsch913.jpg','2019-12-04 18:47:18'),(313,61,'Wilhelm_Reinger906.jpg','https://boxdrop.com/movie_db/names_photo/Wilhelm_Reinger906.jpg','2020-02-13 19:51:02'),(314,374,'Damon_Koelpin586.jpg','https://boxdrop.com/movie_db/names_photo/Damon_Koelpin586.jpg','2020-03-15 08:07:17'),(315,32,'Pascale_Ledner642.jpg','https://boxdrop.com/movie_db/names_photo/Pascale_Ledner642.jpg','2019-12-22 06:26:16'),(316,438,'Meaghan_Goldner533.jpg','https://boxdrop.com/movie_db/names_photo/Meaghan_Goldner533.jpg','2019-05-24 21:16:57'),(317,391,'Liza_Jakubowski617.jpg','https://boxdrop.com/movie_db/names_photo/Liza_Jakubowski617.jpg','2019-07-26 12:00:39'),(318,332,'Vivianne_Rowe460.jpg','https://boxdrop.com/movie_db/names_photo/Vivianne_Rowe460.jpg','2020-01-13 10:19:16'),(319,86,'Nella_Cummings228.jpg','https://boxdrop.com/movie_db/names_photo/Nella_Cummings228.jpg','2020-02-28 15:12:26'),(320,293,'Magali_Murazik436.jpg','https://boxdrop.com/movie_db/names_photo/Magali_Murazik436.jpg','2019-08-02 18:32:56'),(321,34,'Kaylee_Leannon630.jpg','https://boxdrop.com/movie_db/names_photo/Kaylee_Leannon630.jpg','2019-05-15 10:21:38'),(322,386,'Arvilla_Wehner660.jpg','https://boxdrop.com/movie_db/names_photo/Arvilla_Wehner660.jpg','2019-09-11 13:12:31'),(323,24,'Ora_Bruen923.jpg','https://boxdrop.com/movie_db/names_photo/Ora_Bruen923.jpg','2019-12-01 00:57:56'),(324,112,'Kristian_Weber667.jpg','https://boxdrop.com/movie_db/names_photo/Kristian_Weber667.jpg','2019-07-25 13:07:00'),(325,79,'Estevan_Flatley859.jpg','https://boxdrop.com/movie_db/names_photo/Estevan_Flatley859.jpg','2019-05-03 16:39:00'),(326,9,'Jesus_Torp492.jpg','https://boxdrop.com/movie_db/names_photo/Jesus_Torp492.jpg','2019-06-22 20:55:11'),(327,500,'Andreanne_Cronin738.jpg','https://boxdrop.com/movie_db/names_photo/Andreanne_Cronin738.jpg','2020-01-30 17:51:16'),(328,373,'Deon_Kreiger348.jpg','https://boxdrop.com/movie_db/names_photo/Deon_Kreiger348.jpg','2019-09-10 18:31:21'),(329,197,'Meredith_Mayert545.jpg','https://boxdrop.com/movie_db/names_photo/Meredith_Mayert545.jpg','2019-05-08 18:35:27'),(330,393,'Lavinia_Satterfield542.jpg','https://boxdrop.com/movie_db/names_photo/Lavinia_Satterfield542.jpg','2019-06-30 09:49:26'),(331,458,'Alberta_Hoppe674.jpg','https://boxdrop.com/movie_db/names_photo/Alberta_Hoppe674.jpg','2019-08-30 15:23:31'),(332,416,'Carlie_Reynolds774.jpg','https://boxdrop.com/movie_db/names_photo/Carlie_Reynolds774.jpg','2019-06-28 12:43:26'),(333,257,'Chanel_Mayert503.jpg','https://boxdrop.com/movie_db/names_photo/Chanel_Mayert503.jpg','2019-06-17 16:57:15'),(334,263,'Freeda_Bergnaum122.jpg','https://boxdrop.com/movie_db/names_photo/Freeda_Bergnaum122.jpg','2019-11-14 11:30:21'),(335,465,'London_Medhurst999.jpg','https://boxdrop.com/movie_db/names_photo/London_Medhurst999.jpg','2019-07-26 15:18:51'),(336,175,'Kathryn_Pacocha557.jpg','https://boxdrop.com/movie_db/names_photo/Kathryn_Pacocha557.jpg','2019-04-27 07:04:51'),(337,286,'Riley_Haley72.jpg','https://boxdrop.com/movie_db/names_photo/Riley_Haley72.jpg','2020-01-05 18:35:39'),(338,291,'Thea_Wehner932.jpg','https://boxdrop.com/movie_db/names_photo/Thea_Wehner932.jpg','2020-01-27 20:27:59'),(339,96,'Elvis_Grimes56.jpg','https://boxdrop.com/movie_db/names_photo/Elvis_Grimes56.jpg','2019-05-17 01:43:08'),(340,33,'Lottie_Sauer602.jpg','https://boxdrop.com/movie_db/names_photo/Lottie_Sauer602.jpg','2019-05-12 01:30:28'),(341,222,'Lyda_Walker640.jpg','https://boxdrop.com/movie_db/names_photo/Lyda_Walker640.jpg','2019-08-05 19:58:20'),(342,140,'Francesca_Blick873.jpg','https://boxdrop.com/movie_db/names_photo/Francesca_Blick873.jpg','2019-07-08 04:31:25'),(343,80,'Rafaela_Champlin754.jpg','https://boxdrop.com/movie_db/names_photo/Rafaela_Champlin754.jpg','2020-03-13 23:48:21'),(344,47,'Elsie_Zieme737.jpg','https://boxdrop.com/movie_db/names_photo/Elsie_Zieme737.jpg','2019-08-25 22:27:18'),(345,12,'Willa_Schroeder992.jpg','https://boxdrop.com/movie_db/names_photo/Willa_Schroeder992.jpg','2020-01-20 02:02:53'),(346,433,'Ernestine_Hilpert142.jpg','https://boxdrop.com/movie_db/names_photo/Ernestine_Hilpert142.jpg','2019-10-12 08:27:16'),(347,102,'Marco_Feeney611.jpg','https://boxdrop.com/movie_db/names_photo/Marco_Feeney611.jpg','2019-07-08 15:12:40'),(348,331,'Lisette_Gaylord169.jpg','https://boxdrop.com/movie_db/names_photo/Lisette_Gaylord169.jpg','2019-04-24 06:34:08'),(349,361,'Sigrid_Ratke618.jpg','https://boxdrop.com/movie_db/names_photo/Sigrid_Ratke618.jpg','2019-06-08 16:34:45'),(350,408,'Precious_Boyer399.jpg','https://boxdrop.com/movie_db/names_photo/Precious_Boyer399.jpg','2019-04-21 15:04:29'),(351,205,'Jamey_Keebler535.jpg','https://boxdrop.com/movie_db/names_photo/Jamey_Keebler535.jpg','2019-05-07 02:56:17'),(352,283,'Brittany_Gottlieb964.jpg','https://boxdrop.com/movie_db/names_photo/Brittany_Gottlieb964.jpg','2019-12-10 13:00:29'),(353,267,'Landen_Hettinger929.jpg','https://boxdrop.com/movie_db/names_photo/Landen_Hettinger929.jpg','2019-09-20 08:48:05'),(354,114,'Terrance_Ryan484.jpg','https://boxdrop.com/movie_db/names_photo/Terrance_Ryan484.jpg','2019-07-23 22:13:40'),(355,382,'Bernadette_Buckridge996.jpg','https://boxdrop.com/movie_db/names_photo/Bernadette_Buckridge996.jpg','2019-05-04 01:24:34'),(356,347,'Carlos_Crona711.jpg','https://boxdrop.com/movie_db/names_photo/Carlos_Crona711.jpg','2019-08-22 12:50:14'),(357,230,'Veronica_Larkin559.jpg','https://boxdrop.com/movie_db/names_photo/Veronica_Larkin559.jpg','2019-12-30 15:29:01'),(358,244,'Charles_Ruecker287.jpg','https://boxdrop.com/movie_db/names_photo/Charles_Ruecker287.jpg','2020-01-03 14:12:09'),(359,249,'Lelia_Mills327.jpg','https://boxdrop.com/movie_db/names_photo/Lelia_Mills327.jpg','2020-02-22 22:41:30'),(360,280,'Jeanne_Mertz747.jpg','https://boxdrop.com/movie_db/names_photo/Jeanne_Mertz747.jpg','2019-11-26 09:45:36'),(361,372,'Queen_Green490.jpg','https://boxdrop.com/movie_db/names_photo/Queen_Green490.jpg','2019-08-02 11:50:55'),(362,445,'Esther_Paucek622.jpg','https://boxdrop.com/movie_db/names_photo/Esther_Paucek622.jpg','2019-09-10 01:56:11'),(363,356,'Cathrine_Rutherford456.jpg','https://boxdrop.com/movie_db/names_photo/Cathrine_Rutherford456.jpg','2019-06-03 19:58:00'),(364,242,'Celestine_Leffler722.jpg','https://boxdrop.com/movie_db/names_photo/Celestine_Leffler722.jpg','2019-08-11 22:32:59'),(365,193,'Damian_Johnson88.jpg','https://boxdrop.com/movie_db/names_photo/Damian_Johnson88.jpg','2019-08-26 21:24:30'),(366,192,'Payton_Predovic101.jpg','https://boxdrop.com/movie_db/names_photo/Payton_Predovic101.jpg','2019-05-13 03:04:45'),(367,228,'Julien_Beatty991.jpg','https://boxdrop.com/movie_db/names_photo/Julien_Beatty991.jpg','2019-10-21 04:08:46'),(368,11,'Ova_Monahan313.jpg','https://boxdrop.com/movie_db/names_photo/Ova_Monahan313.jpg','2019-09-28 04:14:38'),(369,480,'Kelly_Hegmann136.jpg','https://boxdrop.com/movie_db/names_photo/Kelly_Hegmann136.jpg','2019-08-28 17:40:32'),(370,378,'Arnulfo_Durgan921.jpg','https://boxdrop.com/movie_db/names_photo/Arnulfo_Durgan921.jpg','2019-05-14 17:59:03'),(371,75,'Marcos_Reichert602.jpg','https://boxdrop.com/movie_db/names_photo/Marcos_Reichert602.jpg','2019-05-19 19:39:01'),(372,221,'Katrina_Tremblay924.jpg','https://boxdrop.com/movie_db/names_photo/Katrina_Tremblay924.jpg','2019-04-24 13:18:39'),(373,342,'Makayla_Robel211.jpg','https://boxdrop.com/movie_db/names_photo/Makayla_Robel211.jpg','2020-01-14 18:16:38'),(374,134,'Lexus_Bailey109.jpg','https://boxdrop.com/movie_db/names_photo/Lexus_Bailey109.jpg','2019-04-24 08:02:43'),(375,427,'Lafayette_Wolff584.jpg','https://boxdrop.com/movie_db/names_photo/Lafayette_Wolff584.jpg','2019-11-07 02:07:19'),(376,463,'Lloyd_Ullrich932.jpg','https://boxdrop.com/movie_db/names_photo/Lloyd_Ullrich932.jpg','2020-03-21 22:09:19'),(377,74,'Cayla_Thompson919.jpg','https://boxdrop.com/movie_db/names_photo/Cayla_Thompson919.jpg','2019-07-12 01:32:57'),(378,294,'Christa_Rodriguez819.jpg','https://boxdrop.com/movie_db/names_photo/Christa_Rodriguez819.jpg','2019-09-23 17:52:15'),(379,43,'Caroline_Prosacco511.jpg','https://boxdrop.com/movie_db/names_photo/Caroline_Prosacco511.jpg','2019-07-11 06:10:25'),(380,4,'Dario_Smitham660.jpg','https://boxdrop.com/movie_db/names_photo/Dario_Smitham660.jpg','2019-04-14 05:22:34'),(381,302,'Beulah_Mante568.jpg','https://boxdrop.com/movie_db/names_photo/Beulah_Mante568.jpg','2019-04-22 23:52:37'),(382,130,'Kendra_Schulist109.jpg','https://boxdrop.com/movie_db/names_photo/Kendra_Schulist109.jpg','2019-06-13 15:26:33'),(383,272,'Rhett_Vandervort252.jpg','https://boxdrop.com/movie_db/names_photo/Rhett_Vandervort252.jpg','2019-05-02 01:38:16'),(384,313,'Norris_Donnelly643.jpg','https://boxdrop.com/movie_db/names_photo/Norris_Donnelly643.jpg','2019-09-29 20:14:43'),(385,493,'Marlee_Tillman657.jpg','https://boxdrop.com/movie_db/names_photo/Marlee_Tillman657.jpg','2019-06-08 10:26:03'),(386,27,'Kelvin_Reinger3.jpg','https://boxdrop.com/movie_db/names_photo/Kelvin_Reinger3.jpg','2019-11-03 21:24:07'),(387,125,'Augustine_Satterfield239.jpg','https://boxdrop.com/movie_db/names_photo/Augustine_Satterfield239.jpg','2019-09-01 08:27:39'),(388,394,'Coy_Heller608.jpg','https://boxdrop.com/movie_db/names_photo/Coy_Heller608.jpg','2019-07-25 08:10:36'),(389,217,'Allison_Beatty295.jpg','https://boxdrop.com/movie_db/names_photo/Allison_Beatty295.jpg','2019-06-21 01:47:29'),(390,6,'Cora_Maggio471.jpg','https://boxdrop.com/movie_db/names_photo/Cora_Maggio471.jpg','2019-08-24 00:18:30'),(391,163,'Justyn_Collier901.jpg','https://boxdrop.com/movie_db/names_photo/Justyn_Collier901.jpg','2020-03-08 00:36:01'),(392,343,'Rebeka_Huels261.jpg','https://boxdrop.com/movie_db/names_photo/Rebeka_Huels261.jpg','2019-04-09 16:17:46'),(393,97,'Alexander_Brekke294.jpg','https://boxdrop.com/movie_db/names_photo/Alexander_Brekke294.jpg','2019-08-19 09:12:58'),(394,16,'Porter_Nienow481.jpg','https://boxdrop.com/movie_db/names_photo/Porter_Nienow481.jpg','2019-07-10 08:07:39'),(395,226,'Royal_Wisozk285.jpg','https://boxdrop.com/movie_db/names_photo/Royal_Wisozk285.jpg','2019-11-06 18:45:43'),(396,183,'Jamal_Pacocha7.jpg','https://boxdrop.com/movie_db/names_photo/Jamal_Pacocha7.jpg','2019-12-23 00:07:25'),(397,121,'Anahi_Zemlak910.jpg','https://boxdrop.com/movie_db/names_photo/Anahi_Zemlak910.jpg','2020-02-06 20:25:53'),(398,279,'Marie_Thompson843.jpg','https://boxdrop.com/movie_db/names_photo/Marie_Thompson843.jpg','2019-08-10 14:14:23'),(399,481,'Celine_Konopelski176.jpg','https://boxdrop.com/movie_db/names_photo/Celine_Konopelski176.jpg','2019-04-25 18:51:55'),(400,277,'Libby_Bartoletti220.jpg','https://boxdrop.com/movie_db/names_photo/Libby_Bartoletti220.jpg','2019-05-19 08:21:55'),(401,370,'Aaron_Crooks651.jpg','https://boxdrop.com/movie_db/names_photo/Aaron_Crooks651.jpg','2019-11-26 22:47:20'),(402,352,'Dan_Kirlin272.jpg','https://boxdrop.com/movie_db/names_photo/Dan_Kirlin272.jpg','2019-04-05 10:05:05'),(403,115,'Dayana_Ferry904.jpg','https://boxdrop.com/movie_db/names_photo/Dayana_Ferry904.jpg','2019-05-10 19:16:44'),(404,161,'Colton_Lind115.jpg','https://boxdrop.com/movie_db/names_photo/Colton_Lind115.jpg','2019-10-04 19:40:01'),(405,460,'Janie_Farrell875.jpg','https://boxdrop.com/movie_db/names_photo/Janie_Farrell875.jpg','2020-01-30 22:06:59'),(406,155,'Ernestina_Pfannerstill799.jpg','https://boxdrop.com/movie_db/names_photo/Ernestina_Pfannerstill799.jpg','2019-10-18 22:35:04'),(407,326,'Jaquan_Ziemann558.jpg','https://boxdrop.com/movie_db/names_photo/Jaquan_Ziemann558.jpg','2020-02-22 04:05:47'),(408,451,'Pearlie_Ryan23.jpg','https://boxdrop.com/movie_db/names_photo/Pearlie_Ryan23.jpg','2019-12-08 09:29:25'),(409,377,'Andy_Johnston67.jpg','https://boxdrop.com/movie_db/names_photo/Andy_Johnston67.jpg','2019-12-19 12:42:11'),(410,39,'Jeanette_Wunsch80.jpg','https://boxdrop.com/movie_db/names_photo/Jeanette_Wunsch80.jpg','2019-09-10 23:42:39'),(411,207,'Lucy_Weimann603.jpg','https://boxdrop.com/movie_db/names_photo/Lucy_Weimann603.jpg','2020-03-28 04:23:55'),(412,273,'Alana_Franecki309.jpg','https://boxdrop.com/movie_db/names_photo/Alana_Franecki309.jpg','2019-09-15 20:08:09'),(413,305,'Maryam_Donnelly43.jpg','https://boxdrop.com/movie_db/names_photo/Maryam_Donnelly43.jpg','2019-08-11 02:28:08'),(414,320,'Arianna_Blick231.jpg','https://boxdrop.com/movie_db/names_photo/Arianna_Blick231.jpg','2019-06-21 21:05:28'),(415,98,'Justyn_Batz239.jpg','https://boxdrop.com/movie_db/names_photo/Justyn_Batz239.jpg','2019-05-07 12:35:28'),(416,168,'Destany_Kuhic562.jpg','https://boxdrop.com/movie_db/names_photo/Destany_Kuhic562.jpg','2020-03-29 02:01:36'),(417,158,'Kaci_O\'Connell94.jpg','https://boxdrop.com/movie_db/names_photo/Kaci_O\'Connell94.jpg','2019-07-29 02:19:29'),(418,266,'Roger_Conn395.jpg','https://boxdrop.com/movie_db/names_photo/Roger_Conn395.jpg','2020-01-08 14:00:12'),(419,179,'Elmo_Mitchell698.jpg','https://boxdrop.com/movie_db/names_photo/Elmo_Mitchell698.jpg','2019-05-21 04:48:15'),(420,411,'Tomasa_Schowalter57.jpg','https://boxdrop.com/movie_db/names_photo/Tomasa_Schowalter57.jpg','2019-07-05 11:58:09'),(421,93,'Eugene_Lubowitz306.jpg','https://boxdrop.com/movie_db/names_photo/Eugene_Lubowitz306.jpg','2020-01-19 03:48:05'),(422,195,'Glenda_Stracke250.jpg','https://boxdrop.com/movie_db/names_photo/Glenda_Stracke250.jpg','2019-05-02 17:28:52'),(423,262,'Freeman_Bogisich757.jpg','https://boxdrop.com/movie_db/names_photo/Freeman_Bogisich757.jpg','2020-02-26 09:17:35'),(424,25,'Nichole_Orn176.jpg','https://boxdrop.com/movie_db/names_photo/Nichole_Orn176.jpg','2019-12-25 15:58:10'),(425,321,'Ciara_Keebler849.jpg','https://boxdrop.com/movie_db/names_photo/Ciara_Keebler849.jpg','2020-03-07 03:59:28'),(426,426,'Hans_Huel836.jpg','https://boxdrop.com/movie_db/names_photo/Hans_Huel836.jpg','2019-07-07 15:25:39'),(427,240,'Rosina_Wiza575.jpg','https://boxdrop.com/movie_db/names_photo/Rosina_Wiza575.jpg','2019-06-17 12:59:24'),(428,350,'Bertha_Mann556.jpg','https://boxdrop.com/movie_db/names_photo/Bertha_Mann556.jpg','2019-12-16 19:53:06'),(429,490,'Vanessa_VonRueden745.jpg','https://boxdrop.com/movie_db/names_photo/Vanessa_VonRueden745.jpg','2019-10-18 17:46:36'),(430,296,'Demarco_Rice548.jpg','https://boxdrop.com/movie_db/names_photo/Demarco_Rice548.jpg','2020-03-01 19:55:05'),(431,90,'Tony_Schimmel666.jpg','https://boxdrop.com/movie_db/names_photo/Tony_Schimmel666.jpg','2019-07-29 02:02:05'),(432,288,'Kariane_Towne803.jpg','https://boxdrop.com/movie_db/names_photo/Kariane_Towne803.jpg','2019-07-25 06:10:05'),(433,479,'Madie_Hickle633.jpg','https://boxdrop.com/movie_db/names_photo/Madie_Hickle633.jpg','2019-05-16 06:21:08'),(434,216,'Gregory_O\'Kon983.jpg','https://boxdrop.com/movie_db/names_photo/Gregory_O\'Kon983.jpg','2019-09-21 19:29:17'),(435,213,'Cordell_Oberbrunner702.jpg','https://boxdrop.com/movie_db/names_photo/Cordell_Oberbrunner702.jpg','2019-11-27 16:11:39'),(436,304,'Stella_Konopelski144.jpg','https://boxdrop.com/movie_db/names_photo/Stella_Konopelski144.jpg','2020-03-28 05:42:02'),(437,301,'Jaleel_Kreiger618.jpg','https://boxdrop.com/movie_db/names_photo/Jaleel_Kreiger618.jpg','2019-10-30 10:02:27'),(438,70,'Libbie_Schumm637.jpg','https://boxdrop.com/movie_db/names_photo/Libbie_Schumm637.jpg','2019-06-01 08:13:12'),(439,498,'Modesta_Russel449.jpg','https://boxdrop.com/movie_db/names_photo/Modesta_Russel449.jpg','2019-08-06 18:56:07'),(440,491,'Nyah_D\'Amore34.jpg','https://boxdrop.com/movie_db/names_photo/Nyah_D\'Amore34.jpg','2019-10-08 13:38:54'),(441,227,'Hank_Lesch190.jpg','https://boxdrop.com/movie_db/names_photo/Hank_Lesch190.jpg','2019-04-29 15:44:07'),(442,309,'Precious_Murazik805.jpg','https://boxdrop.com/movie_db/names_photo/Precious_Murazik805.jpg','2019-10-15 18:32:31'),(443,387,'Krystal_Carter731.jpg','https://boxdrop.com/movie_db/names_photo/Krystal_Carter731.jpg','2019-06-05 21:19:26'),(444,37,'Grayson_Brakus976.jpg','https://boxdrop.com/movie_db/names_photo/Grayson_Brakus976.jpg','2020-01-15 20:57:27'),(445,349,'Angelina_Crooks24.jpg','https://boxdrop.com/movie_db/names_photo/Angelina_Crooks24.jpg','2020-01-02 23:29:11'),(446,492,'Jody_Bogisich971.jpg','https://boxdrop.com/movie_db/names_photo/Jody_Bogisich971.jpg','2020-03-07 16:05:07'),(447,141,'Beaulah_Murphy216.jpg','https://boxdrop.com/movie_db/names_photo/Beaulah_Murphy216.jpg','2019-10-26 16:42:01'),(448,238,'Sheridan_Bahringer318.jpg','https://boxdrop.com/movie_db/names_photo/Sheridan_Bahringer318.jpg','2019-08-07 22:13:52'),(449,314,'Citlalli_Paucek936.jpg','https://boxdrop.com/movie_db/names_photo/Citlalli_Paucek936.jpg','2020-01-25 03:59:41'),(450,52,'Helen_D\'Amore582.jpg','https://boxdrop.com/movie_db/names_photo/Helen_D\'Amore582.jpg','2019-11-14 11:20:56'),(451,5,'Zula_Purdy557.jpg','https://boxdrop.com/movie_db/names_photo/Zula_Purdy557.jpg','2019-06-11 05:21:22'),(452,335,'Lea_Yost552.jpg','https://boxdrop.com/movie_db/names_photo/Lea_Yost552.jpg','2019-08-01 22:10:59'),(453,164,'Sterling_Rowe276.jpg','https://boxdrop.com/movie_db/names_photo/Sterling_Rowe276.jpg','2019-09-01 01:16:22'),(454,165,'Brock_Mayert736.jpg','https://boxdrop.com/movie_db/names_photo/Brock_Mayert736.jpg','2019-07-29 18:34:37'),(455,44,'Lori_Kemmer317.jpg','https://boxdrop.com/movie_db/names_photo/Lori_Kemmer317.jpg','2019-11-02 00:13:24'),(456,110,'Demetris_Schaden154.jpg','https://boxdrop.com/movie_db/names_photo/Demetris_Schaden154.jpg','2019-06-07 01:53:54'),(457,254,'Cassidy_Mueller587.jpg','https://boxdrop.com/movie_db/names_photo/Cassidy_Mueller587.jpg','2019-12-09 23:51:07'),(458,316,'Rhea_Nienow57.jpg','https://boxdrop.com/movie_db/names_photo/Rhea_Nienow57.jpg','2019-08-19 15:04:03'),(459,351,'Cassandra_Boyer662.jpg','https://boxdrop.com/movie_db/names_photo/Cassandra_Boyer662.jpg','2019-05-08 12:47:57'),(460,30,'Frederique_Maggio395.jpg','https://boxdrop.com/movie_db/names_photo/Frederique_Maggio395.jpg','2019-04-17 22:50:27'),(461,406,'Santiago_Grimes652.jpg','https://boxdrop.com/movie_db/names_photo/Santiago_Grimes652.jpg','2019-09-07 07:19:02'),(462,359,'Ericka_Streich778.jpg','https://boxdrop.com/movie_db/names_photo/Ericka_Streich778.jpg','2019-11-26 21:49:04'),(463,420,'Erna_Dickens31.jpg','https://boxdrop.com/movie_db/names_photo/Erna_Dickens31.jpg','2019-08-03 20:04:43'),(464,261,'Chase_O\'Reilly552.jpg','https://boxdrop.com/movie_db/names_photo/Chase_O\'Reilly552.jpg','2020-02-11 07:05:43'),(465,89,'Presley_Considine132.jpg','https://boxdrop.com/movie_db/names_photo/Presley_Considine132.jpg','2019-05-15 23:19:23'),(466,369,'Enoch_Romaguera278.jpg','https://boxdrop.com/movie_db/names_photo/Enoch_Romaguera278.jpg','2020-02-22 05:22:27'),(467,139,'Archibald_Collins783.jpg','https://boxdrop.com/movie_db/names_photo/Archibald_Collins783.jpg','2020-01-19 08:27:48'),(468,40,'Simeon_Effertz988.jpg','https://boxdrop.com/movie_db/names_photo/Simeon_Effertz988.jpg','2019-07-18 08:36:03'),(469,255,'Lera_Glover739.jpg','https://boxdrop.com/movie_db/names_photo/Lera_Glover739.jpg','2020-01-20 21:17:32'),(470,199,'Alta_Bashirian306.jpg','https://boxdrop.com/movie_db/names_photo/Alta_Bashirian306.jpg','2019-08-10 01:51:31'),(471,142,'Malcolm_Lockman380.jpg','https://boxdrop.com/movie_db/names_photo/Malcolm_Lockman380.jpg','2019-12-23 00:24:50'),(472,191,'Coty_Ebert168.jpg','https://boxdrop.com/movie_db/names_photo/Coty_Ebert168.jpg','2019-09-12 20:39:32'),(473,447,'Zula_Lind529.jpg','https://boxdrop.com/movie_db/names_photo/Zula_Lind529.jpg','2019-10-11 20:09:11'),(474,424,'Manuel_Towne107.jpg','https://boxdrop.com/movie_db/names_photo/Manuel_Towne107.jpg','2020-02-29 02:30:01'),(475,315,'Odell_Moore187.jpg','https://boxdrop.com/movie_db/names_photo/Odell_Moore187.jpg','2019-06-06 08:59:28'),(476,103,'Myles_Murray553.jpg','https://boxdrop.com/movie_db/names_photo/Myles_Murray553.jpg','2019-05-26 10:21:11'),(477,448,'Daphne_Cremin340.jpg','https://boxdrop.com/movie_db/names_photo/Daphne_Cremin340.jpg','2020-02-10 10:24:28'),(478,111,'Velma_Pagac315.jpg','https://boxdrop.com/movie_db/names_photo/Velma_Pagac315.jpg','2019-09-14 20:35:43'),(479,94,'Adelle_Jacobi175.jpg','https://boxdrop.com/movie_db/names_photo/Adelle_Jacobi175.jpg','2019-10-20 09:38:55'),(480,223,'Mathias_Gutmann821.jpg','https://boxdrop.com/movie_db/names_photo/Mathias_Gutmann821.jpg','2019-08-11 02:56:06'),(481,396,'Lyla_O\'Hara969.jpg','https://boxdrop.com/movie_db/names_photo/Lyla_O\'Hara969.jpg','2019-05-18 01:14:19'),(482,323,'Erin_Weissnat305.jpg','https://boxdrop.com/movie_db/names_photo/Erin_Weissnat305.jpg','2020-01-20 16:01:55'),(483,135,'Ericka_Feil2.jpg','https://boxdrop.com/movie_db/names_photo/Ericka_Feil2.jpg','2019-09-30 13:13:42'),(484,62,'Herminio_Ruecker438.jpg','https://boxdrop.com/movie_db/names_photo/Herminio_Ruecker438.jpg','2020-03-01 05:35:14'),(485,177,'Nathen_Yundt246.jpg','https://boxdrop.com/movie_db/names_photo/Nathen_Yundt246.jpg','2019-05-29 02:18:20'),(486,398,'Evie_Weissnat50.jpg','https://boxdrop.com/movie_db/names_photo/Evie_Weissnat50.jpg','2019-09-29 10:24:02'),(487,453,'Rosetta_Douglas46.jpg','https://boxdrop.com/movie_db/names_photo/Rosetta_Douglas46.jpg','2019-11-02 01:21:32'),(488,35,'Jane_Jerde209.jpg','https://boxdrop.com/movie_db/names_photo/Jane_Jerde209.jpg','2019-04-16 14:14:20'),(489,306,'Amira_Beier930.jpg','https://boxdrop.com/movie_db/names_photo/Amira_Beier930.jpg','2019-05-27 15:44:06'),(490,475,'Dorothea_Pouros896.jpg','https://boxdrop.com/movie_db/names_photo/Dorothea_Pouros896.jpg','2020-03-14 17:27:27'),(491,117,'Georgianna_Franecki433.jpg','https://boxdrop.com/movie_db/names_photo/Georgianna_Franecki433.jpg','2019-06-01 11:15:02'),(492,423,'Leanna_Funk995.jpg','https://boxdrop.com/movie_db/names_photo/Leanna_Funk995.jpg','2020-01-16 13:53:45'),(493,187,'Sigurd_Pfeffer686.jpg','https://boxdrop.com/movie_db/names_photo/Sigurd_Pfeffer686.jpg','2019-11-10 22:50:17'),(494,325,'Nannie_Beahan101.jpg','https://boxdrop.com/movie_db/names_photo/Nannie_Beahan101.jpg','2019-10-04 20:36:17'),(495,162,'Xzavier_Nikolaus429.jpg','https://boxdrop.com/movie_db/names_photo/Xzavier_Nikolaus429.jpg','2019-08-02 10:24:39'),(496,182,'Rogelio_Sauer779.jpg','https://boxdrop.com/movie_db/names_photo/Rogelio_Sauer779.jpg','2019-12-10 01:28:34'),(497,219,'Christelle_Balistreri972.jpg','https://boxdrop.com/movie_db/names_photo/Christelle_Balistreri972.jpg','2019-09-16 13:45:21'),(498,461,'Jamarcus_Roob440.jpg','https://boxdrop.com/movie_db/names_photo/Jamarcus_Roob440.jpg','2019-06-24 01:02:38'),(499,232,'Alfred_Quitzon82.jpg','https://boxdrop.com/movie_db/names_photo/Alfred_Quitzon82.jpg','2019-05-12 13:21:59'),(500,149,'Halle_Purdy949.jpg','https://boxdrop.com/movie_db/names_photo/Halle_Purdy949.jpg','2019-04-16 03:29:41'),(512,116,'Akeem_Green546.jpg','https://boxdrop.com/movie_db/names_photo/Akeem_Green546.jpg','2020-04-01 21:23:18'),(513,297,'Robb_Hessel36.jpg','https://boxdrop.com/movie_db/names_photo/Robb_Hessel36.jpg','2019-07-01 06:00:27'),(514,74,'Cayla_Thompson414.jpg','https://boxdrop.com/movie_db/names_photo/Cayla_Thompson414.jpg','2020-03-03 12:25:59'),(515,288,'Kariane_Towne38.jpg','https://boxdrop.com/movie_db/names_photo/Kariane_Towne38.jpg','2019-06-25 21:29:31'),(516,427,'Lafayette_Wolff770.jpg','https://boxdrop.com/movie_db/names_photo/Lafayette_Wolff770.jpg','2019-05-13 01:24:49'),(517,99,'Lily_Ortiz27.jpg','https://boxdrop.com/movie_db/names_photo/Lily_Ortiz27.jpg','2019-09-29 20:37:31'),(518,371,'Maximilian_Jacobs531.jpg','https://boxdrop.com/movie_db/names_photo/Maximilian_Jacobs531.jpg','2019-08-30 02:46:35'),(519,102,'Marco_Feeney583.jpg','https://boxdrop.com/movie_db/names_photo/Marco_Feeney583.jpg','2019-07-05 11:12:07'),(520,280,'Jeanne_Mertz453.jpg','https://boxdrop.com/movie_db/names_photo/Jeanne_Mertz453.jpg','2019-05-18 04:22:08'),(521,378,'Arnulfo_Durgan143.jpg','https://boxdrop.com/movie_db/names_photo/Arnulfo_Durgan143.jpg','2020-03-28 07:24:19'),(522,351,'Cassandra_Boyer284.jpg','https://boxdrop.com/movie_db/names_photo/Cassandra_Boyer284.jpg','2020-02-20 06:20:06'),(523,96,'Elvis_Grimes791.jpg','https://boxdrop.com/movie_db/names_photo/Elvis_Grimes791.jpg','2019-12-23 14:56:48'),(524,94,'Adelle_Jacobi290.jpg','https://boxdrop.com/movie_db/names_photo/Adelle_Jacobi290.jpg','2020-01-07 04:32:08'),(525,299,'Joshua_Lebsack679.jpg','https://boxdrop.com/movie_db/names_photo/Joshua_Lebsack679.jpg','2019-07-04 15:26:17'),(526,354,'Nia_Abshire819.jpg','https://boxdrop.com/movie_db/names_photo/Nia_Abshire819.jpg','2019-06-09 00:20:22'),(527,143,'Arvilla_Terry750.jpg','https://boxdrop.com/movie_db/names_photo/Arvilla_Terry750.jpg','2019-12-28 19:35:20'),(528,379,'Abby_Ritchie50.jpg','https://boxdrop.com/movie_db/names_photo/Abby_Ritchie50.jpg','2019-06-20 16:44:06'),(529,224,'Markus_Boehm709.jpg','https://boxdrop.com/movie_db/names_photo/Markus_Boehm709.jpg','2019-12-17 06:49:20'),(530,177,'Nathen_Yundt857.jpg','https://boxdrop.com/movie_db/names_photo/Nathen_Yundt857.jpg','2019-09-15 07:28:17'),(531,262,'Freeman_Bogisich355.jpg','https://boxdrop.com/movie_db/names_photo/Freeman_Bogisich355.jpg','2019-10-29 16:45:09'),(532,455,'Rosalind_Kihn818.jpg','https://boxdrop.com/movie_db/names_photo/Rosalind_Kihn818.jpg','2019-08-15 16:25:05'),(533,160,'Napoleon_Grimes513.jpg','https://boxdrop.com/movie_db/names_photo/Napoleon_Grimes513.jpg','2019-05-16 03:23:45'),(534,276,'Mary_DuBuque840.jpg','https://boxdrop.com/movie_db/names_photo/Mary_DuBuque840.jpg','2020-03-15 07:38:14'),(535,215,'Marcus_Dickens423.jpg','https://boxdrop.com/movie_db/names_photo/Marcus_Dickens423.jpg','2019-05-19 23:38:29'),(536,225,'Dariana_Spencer256.jpg','https://boxdrop.com/movie_db/names_photo/Dariana_Spencer256.jpg','2020-01-26 21:50:34'),(537,320,'Arianna_Blick229.jpg','https://boxdrop.com/movie_db/names_photo/Arianna_Blick229.jpg','2019-09-03 20:23:02'),(538,343,'Rebeka_Huels196.jpg','https://boxdrop.com/movie_db/names_photo/Rebeka_Huels196.jpg','2019-06-08 14:42:31'),(539,240,'Rosina_Wiza832.jpg','https://boxdrop.com/movie_db/names_photo/Rosina_Wiza832.jpg','2019-06-20 23:30:44'),(540,211,'Lois_Koepp522.jpg','https://boxdrop.com/movie_db/names_photo/Lois_Koepp522.jpg','2019-05-14 18:37:32'),(541,348,'Dominic_Roob138.jpg','https://boxdrop.com/movie_db/names_photo/Dominic_Roob138.jpg','2019-10-26 11:42:13'),(542,103,'Myles_Murray970.jpg','https://boxdrop.com/movie_db/names_photo/Myles_Murray970.jpg','2019-07-18 17:16:22'),(543,237,'Eino_Doyle258.jpg','https://boxdrop.com/movie_db/names_photo/Eino_Doyle258.jpg','2019-04-14 20:57:02'),(544,192,'Payton_Predovic194.jpg','https://boxdrop.com/movie_db/names_photo/Payton_Predovic194.jpg','2019-09-22 12:00:20'),(545,362,'Britney_McDermott62.jpg','https://boxdrop.com/movie_db/names_photo/Britney_McDermott62.jpg','2019-08-21 14:03:34'),(546,185,'April_Russel995.jpg','https://boxdrop.com/movie_db/names_photo/April_Russel995.jpg','2020-02-11 09:29:48'),(547,263,'Freeda_Bergnaum979.jpg','https://boxdrop.com/movie_db/names_photo/Freeda_Bergnaum979.jpg','2019-07-07 19:26:58'),(548,283,'Brittany_Gottlieb457.jpg','https://boxdrop.com/movie_db/names_photo/Brittany_Gottlieb457.jpg','2020-01-14 11:28:38'),(549,294,'Christa_Rodriguez545.jpg','https://boxdrop.com/movie_db/names_photo/Christa_Rodriguez545.jpg','2020-03-02 22:07:29'),(550,434,'Marielle_Reichel563.jpg','https://boxdrop.com/movie_db/names_photo/Marielle_Reichel563.jpg','2019-10-15 08:09:03'),(551,250,'Eden_Gleichner357.jpg','https://boxdrop.com/movie_db/names_photo/Eden_Gleichner357.jpg','2019-05-17 02:09:23'),(552,372,'Queen_Green546.jpg','https://boxdrop.com/movie_db/names_photo/Queen_Green546.jpg','2020-03-28 23:35:09'),(553,315,'Odell_Moore505.jpg','https://boxdrop.com/movie_db/names_photo/Odell_Moore505.jpg','2019-04-25 03:52:45'),(554,327,'Abbie_Nader715.jpg','https://boxdrop.com/movie_db/names_photo/Abbie_Nader715.jpg','2019-09-10 18:50:30'),(555,196,'Christophe_Renner217.jpg','https://boxdrop.com/movie_db/names_photo/Christophe_Renner217.jpg','2019-09-22 10:23:14'),(556,178,'Scot_Quitzon759.jpg','https://boxdrop.com/movie_db/names_photo/Scot_Quitzon759.jpg','2019-10-18 19:17:51'),(557,235,'Dessie_Witting696.jpg','https://boxdrop.com/movie_db/names_photo/Dessie_Witting696.jpg','2020-03-08 06:14:54'),(558,322,'Janice_Will89.jpg','https://boxdrop.com/movie_db/names_photo/Janice_Will89.jpg','2019-08-22 11:52:32'),(559,392,'Camron_Senger56.jpg','https://boxdrop.com/movie_db/names_photo/Camron_Senger56.jpg','2019-05-14 03:28:48'),(560,60,'Jarred_White967.jpg','https://boxdrop.com/movie_db/names_photo/Jarred_White967.jpg','2019-04-29 21:10:59'),(561,490,'Vanessa_VonRueden333.jpg','https://boxdrop.com/movie_db/names_photo/Vanessa_VonRueden333.jpg','2019-04-24 17:29:24'),(562,478,'Brandon_Schultz219.jpg','https://boxdrop.com/movie_db/names_photo/Brandon_Schultz219.jpg','2019-10-26 01:07:00'),(563,67,'Jack_Hagenes122.jpg','https://boxdrop.com/movie_db/names_photo/Jack_Hagenes122.jpg','2019-12-16 10:10:23'),(564,499,'Chanelle_Schaefer634.jpg','https://boxdrop.com/movie_db/names_photo/Chanelle_Schaefer634.jpg','2019-09-24 05:38:46'),(565,357,'Marjory_Simonis541.jpg','https://boxdrop.com/movie_db/names_photo/Marjory_Simonis541.jpg','2019-11-06 05:22:26'),(566,205,'Jamey_Keebler781.jpg','https://boxdrop.com/movie_db/names_photo/Jamey_Keebler781.jpg','2019-08-15 02:13:33'),(567,484,'Shayne_Cummerata470.jpg','https://boxdrop.com/movie_db/names_photo/Shayne_Cummerata470.jpg','2019-07-07 13:07:10'),(568,221,'Katrina_Tremblay278.jpg','https://boxdrop.com/movie_db/names_photo/Katrina_Tremblay278.jpg','2019-10-12 12:14:16'),(569,157,'Leone_Lueilwitz354.jpg','https://boxdrop.com/movie_db/names_photo/Leone_Lueilwitz354.jpg','2020-02-13 09:51:38'),(570,204,'Jordane_Ernser541.jpg','https://boxdrop.com/movie_db/names_photo/Jordane_Ernser541.jpg','2020-01-05 07:32:57'),(571,183,'Jamal_Pacocha778.jpg','https://boxdrop.com/movie_db/names_photo/Jamal_Pacocha778.jpg','2019-10-22 07:19:28'),(572,439,'Robin_Kling501.jpg','https://boxdrop.com/movie_db/names_photo/Robin_Kling501.jpg','2019-12-01 16:02:08'),(573,410,'Nat_Davis289.jpg','https://boxdrop.com/movie_db/names_photo/Nat_Davis289.jpg','2019-08-05 15:35:49'),(574,55,'Leatha_Bashirian255.jpg','https://boxdrop.com/movie_db/names_photo/Leatha_Bashirian255.jpg','2019-05-14 08:01:36'),(575,23,'Hassie_Wilderman874.jpg','https://boxdrop.com/movie_db/names_photo/Hassie_Wilderman874.jpg','2019-10-24 04:03:19'),(576,456,'Chloe_Mayert708.jpg','https://boxdrop.com/movie_db/names_photo/Chloe_Mayert708.jpg','2019-07-10 02:08:40'),(577,302,'Beulah_Mante826.jpg','https://boxdrop.com/movie_db/names_photo/Beulah_Mante826.jpg','2019-12-04 08:59:58'),(578,127,'Jefferey_King20.jpg','https://boxdrop.com/movie_db/names_photo/Jefferey_King20.jpg','2019-09-06 06:26:53'),(579,78,'Maximus_Hilll663.jpg','https://boxdrop.com/movie_db/names_photo/Maximus_Hilll663.jpg','2019-08-06 20:07:35'),(580,7,'Freda_Herzog864.jpg','https://boxdrop.com/movie_db/names_photo/Freda_Herzog864.jpg','2020-03-08 10:24:42'),(581,50,'Eldred_Kunde561.jpg','https://boxdrop.com/movie_db/names_photo/Eldred_Kunde561.jpg','2019-11-16 19:05:47'),(582,370,'Aaron_Crooks734.jpg','https://boxdrop.com/movie_db/names_photo/Aaron_Crooks734.jpg','2020-02-03 06:54:00'),(583,453,'Rosetta_Douglas460.jpg','https://boxdrop.com/movie_db/names_photo/Rosetta_Douglas460.jpg','2020-02-26 13:13:08'),(584,308,'Erich_Schumm901.jpg','https://boxdrop.com/movie_db/names_photo/Erich_Schumm901.jpg','2019-07-17 18:56:07'),(585,90,'Tony_Schimmel532.jpg','https://boxdrop.com/movie_db/names_photo/Tony_Schimmel532.jpg','2019-08-30 05:19:18'),(586,3,'Santos_Cole606.jpg','https://boxdrop.com/movie_db/names_photo/Santos_Cole606.jpg','2020-01-21 06:19:55'),(587,360,'Kristin_Stroman524.jpg','https://boxdrop.com/movie_db/names_photo/Kristin_Stroman524.jpg','2019-11-26 09:18:18'),(588,230,'Veronica_Larkin379.jpg','https://boxdrop.com/movie_db/names_photo/Veronica_Larkin379.jpg','2020-02-04 04:50:17'),(589,436,'Norberto_Mills811.jpg','https://boxdrop.com/movie_db/names_photo/Norberto_Mills811.jpg','2019-08-03 15:35:41'),(590,398,'Evie_Weissnat712.jpg','https://boxdrop.com/movie_db/names_photo/Evie_Weissnat712.jpg','2019-10-18 03:55:29'),(591,405,'Elizabeth_Hartmann230.jpg','https://boxdrop.com/movie_db/names_photo/Elizabeth_Hartmann230.jpg','2019-06-15 04:29:37'),(592,197,'Meredith_Mayert163.jpg','https://boxdrop.com/movie_db/names_photo/Meredith_Mayert163.jpg','2019-12-12 06:57:11'),(593,155,'Ernestina_Pfannerstill473.jpg','https://boxdrop.com/movie_db/names_photo/Ernestina_Pfannerstill473.jpg','2020-03-15 00:48:53'),(594,168,'Destany_Kuhic231.jpg','https://boxdrop.com/movie_db/names_photo/Destany_Kuhic231.jpg','2019-07-17 08:12:17'),(595,134,'Lexus_Bailey381.jpg','https://boxdrop.com/movie_db/names_photo/Lexus_Bailey381.jpg','2019-04-11 06:05:31'),(596,147,'Colt_Johnston581.jpg','https://boxdrop.com/movie_db/names_photo/Colt_Johnston581.jpg','2019-11-25 23:17:47'),(597,62,'Herminio_Ruecker41.jpg','https://boxdrop.com/movie_db/names_photo/Herminio_Ruecker41.jpg','2019-10-16 07:01:58'),(598,457,'Carmel_Cormier605.jpg','https://boxdrop.com/movie_db/names_photo/Carmel_Cormier605.jpg','2019-05-16 19:52:14'),(599,487,'Kayley_Herzog719.jpg','https://boxdrop.com/movie_db/names_photo/Kayley_Herzog719.jpg','2019-11-25 02:54:13'),(600,63,'Giuseppe_Brown501.jpg','https://boxdrop.com/movie_db/names_photo/Giuseppe_Brown501.jpg','2019-12-07 04:39:36'),(601,493,'Marlee_Tillman149.jpg','https://boxdrop.com/movie_db/names_photo/Marlee_Tillman149.jpg','2019-10-01 01:55:08'),(602,24,'Ora_Bruen590.jpg','https://boxdrop.com/movie_db/names_photo/Ora_Bruen590.jpg','2020-01-22 16:34:55'),(603,376,'Jana_Wunsch873.jpg','https://boxdrop.com/movie_db/names_photo/Jana_Wunsch873.jpg','2019-11-05 17:13:56'),(604,193,'Damian_Johnson358.jpg','https://boxdrop.com/movie_db/names_photo/Damian_Johnson358.jpg','2020-03-28 00:04:30'),(605,440,'Harmon_Huel940.jpg','https://boxdrop.com/movie_db/names_photo/Harmon_Huel940.jpg','2019-06-11 01:33:20'),(606,4,'Dario_Smitham362.jpg','https://boxdrop.com/movie_db/names_photo/Dario_Smitham362.jpg','2020-03-07 07:41:38'),(607,477,'Freddy_Schuster515.jpg','https://boxdrop.com/movie_db/names_photo/Freddy_Schuster515.jpg','2019-11-04 18:34:09'),(608,106,'Hollie_Emmerich453.jpg','https://boxdrop.com/movie_db/names_photo/Hollie_Emmerich453.jpg','2020-03-16 09:01:59'),(609,400,'Addison_O\'Kon185.jpg','https://boxdrop.com/movie_db/names_photo/Addison_O\'Kon185.jpg','2020-02-18 07:07:32'),(610,383,'Elisa_Wehner365.jpg','https://boxdrop.com/movie_db/names_photo/Elisa_Wehner365.jpg','2020-03-18 01:14:35'),(611,222,'Lyda_Walker566.jpg','https://boxdrop.com/movie_db/names_photo/Lyda_Walker566.jpg','2019-10-16 14:43:26'),(612,232,'Alfred_Quitzon482.jpg','https://boxdrop.com/movie_db/names_photo/Alfred_Quitzon482.jpg','2019-08-30 18:48:17'),(613,496,'Sammie_Rohan313.jpg','https://boxdrop.com/movie_db/names_photo/Sammie_Rohan313.jpg','2019-05-22 09:38:13'),(614,131,'Giovani_Corwin640.jpg','https://boxdrop.com/movie_db/names_photo/Giovani_Corwin640.jpg','2020-03-23 22:40:37'),(615,100,'Joan_Reichert485.jpg','https://boxdrop.com/movie_db/names_photo/Joan_Reichert485.jpg','2019-08-26 17:19:35'),(616,107,'Theo_Ryan871.jpg','https://boxdrop.com/movie_db/names_photo/Theo_Ryan871.jpg','2020-02-27 20:24:14'),(617,381,'Cali_Funk508.jpg','https://boxdrop.com/movie_db/names_photo/Cali_Funk508.jpg','2020-03-13 18:32:40'),(618,44,'Lori_Kemmer198.jpg','https://boxdrop.com/movie_db/names_photo/Lori_Kemmer198.jpg','2020-01-20 17:32:16'),(619,460,'Janie_Farrell872.jpg','https://boxdrop.com/movie_db/names_photo/Janie_Farrell872.jpg','2019-04-07 02:11:00'),(620,361,'Sigrid_Ratke14.jpg','https://boxdrop.com/movie_db/names_photo/Sigrid_Ratke14.jpg','2020-03-11 23:11:17'),(621,30,'Frederique_Maggio397.jpg','https://boxdrop.com/movie_db/names_photo/Frederique_Maggio397.jpg','2019-10-03 18:20:39'),(622,424,'Manuel_Towne659.jpg','https://boxdrop.com/movie_db/names_photo/Manuel_Towne659.jpg','2019-12-29 07:52:36'),(623,144,'Brook_Sporer287.jpg','https://boxdrop.com/movie_db/names_photo/Brook_Sporer287.jpg','2020-03-13 12:05:53'),(624,476,'Ludie_Schmitt79.jpg','https://boxdrop.com/movie_db/names_photo/Ludie_Schmitt79.jpg','2019-10-09 10:03:15'),(625,365,'Aryanna_Schaefer407.jpg','https://boxdrop.com/movie_db/names_photo/Aryanna_Schaefer407.jpg','2019-07-31 04:03:59'),(626,65,'Cyrus_Johns600.jpg','https://boxdrop.com/movie_db/names_photo/Cyrus_Johns600.jpg','2019-05-06 16:35:16'),(627,34,'Kaylee_Leannon198.jpg','https://boxdrop.com/movie_db/names_photo/Kaylee_Leannon198.jpg','2019-05-06 18:53:17'),(628,471,'Bertram_Leannon816.jpg','https://boxdrop.com/movie_db/names_photo/Bertram_Leannon816.jpg','2019-10-02 16:33:37'),(629,75,'Marcos_Reichert895.jpg','https://boxdrop.com/movie_db/names_photo/Marcos_Reichert895.jpg','2020-01-05 14:00:14'),(630,286,'Riley_Haley129.jpg','https://boxdrop.com/movie_db/names_photo/Riley_Haley129.jpg','2019-12-09 02:55:22'),(631,296,'Demarco_Rice827.jpg','https://boxdrop.com/movie_db/names_photo/Demarco_Rice827.jpg','2019-08-07 21:24:57'),(632,186,'Florencio_Jacobson761.jpg','https://boxdrop.com/movie_db/names_photo/Florencio_Jacobson761.jpg','2020-01-30 12:59:32'),(633,449,'Wyman_Wolff976.jpg','https://boxdrop.com/movie_db/names_photo/Wyman_Wolff976.jpg','2019-05-18 19:13:35'),(634,311,'Hilton_Langosh786.jpg','https://boxdrop.com/movie_db/names_photo/Hilton_Langosh786.jpg','2019-08-11 01:09:59'),(635,317,'Astrid_Torp531.jpg','https://boxdrop.com/movie_db/names_photo/Astrid_Torp531.jpg','2020-03-27 12:27:57'),(636,228,'Julien_Beatty34.jpg','https://boxdrop.com/movie_db/names_photo/Julien_Beatty34.jpg','2020-03-17 19:14:34'),(637,366,'Rahsaan_Witting221.jpg','https://boxdrop.com/movie_db/names_photo/Rahsaan_Witting221.jpg','2020-03-01 10:06:35'),(638,141,'Beaulah_Murphy510.jpg','https://boxdrop.com/movie_db/names_photo/Beaulah_Murphy510.jpg','2019-10-28 01:22:01'),(639,462,'Neva_Dickens833.jpg','https://boxdrop.com/movie_db/names_photo/Neva_Dickens833.jpg','2019-09-11 01:21:03'),(640,80,'Rafaela_Champlin769.jpg','https://boxdrop.com/movie_db/names_photo/Rafaela_Champlin769.jpg','2020-02-25 00:50:34'),(641,304,'Stella_Konopelski515.jpg','https://boxdrop.com/movie_db/names_photo/Stella_Konopelski515.jpg','2019-11-08 20:29:26'),(642,91,'Adeline_Pagac525.jpg','https://boxdrop.com/movie_db/names_photo/Adeline_Pagac525.jpg','2019-08-24 14:02:44'),(643,108,'Donny_Harber25.jpg','https://boxdrop.com/movie_db/names_photo/Donny_Harber25.jpg','2019-09-06 17:05:11'),(644,433,'Ernestine_Hilpert237.jpg','https://boxdrop.com/movie_db/names_photo/Ernestine_Hilpert237.jpg','2020-01-04 12:36:09'),(645,495,'Evie_Hackett933.jpg','https://boxdrop.com/movie_db/names_photo/Evie_Hackett933.jpg','2019-09-10 21:01:02'),(646,129,'Ruthe_Schuppe783.jpg','https://boxdrop.com/movie_db/names_photo/Ruthe_Schuppe783.jpg','2019-12-27 00:18:02'),(647,72,'Chyna_McDermott941.jpg','https://boxdrop.com/movie_db/names_photo/Chyna_McDermott941.jpg','2019-07-11 08:00:14'),(648,140,'Francesca_Blick693.jpg','https://boxdrop.com/movie_db/names_photo/Francesca_Blick693.jpg','2020-01-03 10:05:12'),(649,396,'Lyla_O\'Hara774.jpg','https://boxdrop.com/movie_db/names_photo/Lyla_O\'Hara774.jpg','2020-04-01 01:12:25'),(650,338,'Kaylee_Gaylord852.jpg','https://boxdrop.com/movie_db/names_photo/Kaylee_Gaylord852.jpg','2019-08-12 20:43:48'),(651,274,'Sienna_Gusikowski205.jpg','https://boxdrop.com/movie_db/names_photo/Sienna_Gusikowski205.jpg','2019-11-17 14:28:31'),(652,175,'Kathryn_Pacocha659.jpg','https://boxdrop.com/movie_db/names_photo/Kathryn_Pacocha659.jpg','2019-11-25 05:29:48'),(653,350,'Bertha_Mann761.jpg','https://boxdrop.com/movie_db/names_photo/Bertha_Mann761.jpg','2019-09-02 17:57:18'),(654,81,'Jessy_Block82.jpg','https://boxdrop.com/movie_db/names_photo/Jessy_Block82.jpg','2019-08-26 22:21:05'),(655,298,'Margie_Rohan121.jpg','https://boxdrop.com/movie_db/names_photo/Margie_Rohan121.jpg','2019-10-18 04:09:04'),(656,36,'Mathew_Smitham96.jpg','https://boxdrop.com/movie_db/names_photo/Mathew_Smitham96.jpg','2019-05-19 16:15:43'),(657,89,'Presley_Considine138.jpg','https://boxdrop.com/movie_db/names_photo/Presley_Considine138.jpg','2019-07-14 03:16:42'),(658,216,'Gregory_O\'Kon830.jpg','https://boxdrop.com/movie_db/names_photo/Gregory_O\'Kon830.jpg','2019-05-11 11:47:37'),(659,467,'Camden_Macejkovic646.jpg','https://boxdrop.com/movie_db/names_photo/Camden_Macejkovic646.jpg','2019-06-19 02:20:10'),(660,260,'Destiney_Will201.jpg','https://boxdrop.com/movie_db/names_photo/Destiney_Will201.jpg','2020-04-01 22:58:06'),(661,275,'Sylvester_McLaughlin343.jpg','https://boxdrop.com/movie_db/names_photo/Sylvester_McLaughlin343.jpg','2020-02-26 17:23:36'),(662,166,'Madisyn_Goyette859.jpg','https://boxdrop.com/movie_db/names_photo/Madisyn_Goyette859.jpg','2019-11-09 21:36:07'),(663,421,'Candelario_White870.jpg','https://boxdrop.com/movie_db/names_photo/Candelario_White870.jpg','2019-09-05 16:31:37'),(664,191,'Coty_Ebert497.jpg','https://boxdrop.com/movie_db/names_photo/Coty_Ebert497.jpg','2019-11-27 14:16:22'),(665,137,'Alanna_Jones524.jpg','https://boxdrop.com/movie_db/names_photo/Alanna_Jones524.jpg','2019-04-23 20:53:03'),(666,451,'Pearlie_Ryan495.jpg','https://boxdrop.com/movie_db/names_photo/Pearlie_Ryan495.jpg','2020-01-06 11:22:00'),(667,82,'Osvaldo_Reinger751.jpg','https://boxdrop.com/movie_db/names_photo/Osvaldo_Reinger751.jpg','2019-06-04 04:28:49'),(668,309,'Precious_Murazik465.jpg','https://boxdrop.com/movie_db/names_photo/Precious_Murazik465.jpg','2019-11-06 06:24:45'),(669,329,'Talon_Terry781.jpg','https://boxdrop.com/movie_db/names_photo/Talon_Terry781.jpg','2019-12-07 14:36:02'),(670,245,'Evans_King477.jpg','https://boxdrop.com/movie_db/names_photo/Evans_King477.jpg','2019-08-20 21:20:34'),(671,159,'Alanis_Kassulke974.jpg','https://boxdrop.com/movie_db/names_photo/Alanis_Kassulke974.jpg','2019-09-19 03:02:44'),(672,125,'Augustine_Satterfield814.jpg','https://boxdrop.com/movie_db/names_photo/Augustine_Satterfield814.jpg','2020-03-23 00:49:37'),(673,182,'Rogelio_Sauer387.jpg','https://boxdrop.com/movie_db/names_photo/Rogelio_Sauer387.jpg','2019-08-31 07:32:35'),(674,369,'Enoch_Romaguera314.jpg','https://boxdrop.com/movie_db/names_photo/Enoch_Romaguera314.jpg','2019-04-13 03:17:11'),(675,162,'Xzavier_Nikolaus151.jpg','https://boxdrop.com/movie_db/names_photo/Xzavier_Nikolaus151.jpg','2019-11-11 22:21:03'),(676,188,'Gladyce_Kling732.jpg','https://boxdrop.com/movie_db/names_photo/Gladyce_Kling732.jpg','2020-01-28 12:11:15'),(677,318,'Verna_Kris592.jpg','https://boxdrop.com/movie_db/names_photo/Verna_Kris592.jpg','2020-03-06 09:05:08'),(678,301,'Jaleel_Kreiger391.jpg','https://boxdrop.com/movie_db/names_photo/Jaleel_Kreiger391.jpg','2019-08-29 18:05:29'),(679,408,'Precious_Boyer726.jpg','https://boxdrop.com/movie_db/names_photo/Precious_Boyer726.jpg','2019-04-14 16:24:38'),(680,149,'Halle_Purdy597.jpg','https://boxdrop.com/movie_db/names_photo/Halle_Purdy597.jpg','2020-03-13 01:56:24'),(681,289,'Eleanora_Sipes385.jpg','https://boxdrop.com/movie_db/names_photo/Eleanora_Sipes385.jpg','2019-12-03 11:02:46'),(682,258,'Bridgette_Bartell603.jpg','https://boxdrop.com/movie_db/names_photo/Bridgette_Bartell603.jpg','2020-02-21 14:47:13'),(683,13,'Ottilie_Pfannerstill990.jpg','https://boxdrop.com/movie_db/names_photo/Ottilie_Pfannerstill990.jpg','2019-08-14 12:34:58'),(684,52,'Helen_D\'Amore675.jpg','https://boxdrop.com/movie_db/names_photo/Helen_D\'Amore675.jpg','2019-07-29 08:02:40'),(685,234,'Carson_Hodkiewicz504.jpg','https://boxdrop.com/movie_db/names_photo/Carson_Hodkiewicz504.jpg','2019-05-08 14:53:27'),(686,481,'Celine_Konopelski732.jpg','https://boxdrop.com/movie_db/names_photo/Celine_Konopelski732.jpg','2019-05-08 03:00:19'),(687,403,'Lexus_Wiegand300.jpg','https://boxdrop.com/movie_db/names_photo/Lexus_Wiegand300.jpg','2019-11-20 08:41:01'),(688,472,'Cheyanne_Skiles231.jpg','https://boxdrop.com/movie_db/names_photo/Cheyanne_Skiles231.jpg','2019-05-30 09:30:25'),(689,364,'Angelita_Corkery584.jpg','https://boxdrop.com/movie_db/names_photo/Angelita_Corkery584.jpg','2019-09-11 19:02:51'),(690,203,'Charity_Lubowitz984.jpg','https://boxdrop.com/movie_db/names_photo/Charity_Lubowitz984.jpg','2019-12-02 14:55:49'),(691,226,'Royal_Wisozk225.jpg','https://boxdrop.com/movie_db/names_photo/Royal_Wisozk225.jpg','2019-08-29 17:43:09'),(692,419,'Chaim_Hermiston727.jpg','https://boxdrop.com/movie_db/names_photo/Chaim_Hermiston727.jpg','2019-08-08 20:14:24'),(693,347,'Carlos_Crona397.jpg','https://boxdrop.com/movie_db/names_photo/Carlos_Crona397.jpg','2019-11-26 16:10:38'),(694,389,'Litzy_Wilkinson300.jpg','https://boxdrop.com/movie_db/names_photo/Litzy_Wilkinson300.jpg','2020-01-22 22:44:06'),(695,446,'Jordan_Strosin1.jpg','https://boxdrop.com/movie_db/names_photo/Jordan_Strosin1.jpg','2019-09-19 16:37:59'),(696,253,'Norberto_Homenick884.jpg','https://boxdrop.com/movie_db/names_photo/Norberto_Homenick884.jpg','2019-04-18 00:31:54'),(697,413,'Brant_Douglas985.jpg','https://boxdrop.com/movie_db/names_photo/Brant_Douglas985.jpg','2020-02-01 11:51:00'),(698,158,'Kaci_O\'Connell428.jpg','https://boxdrop.com/movie_db/names_photo/Kaci_O\'Connell428.jpg','2019-05-16 11:15:08'),(699,307,'Hershel_Schowalter281.jpg','https://boxdrop.com/movie_db/names_photo/Hershel_Schowalter281.jpg','2019-08-28 02:56:47'),(700,151,'George_Jacobs17.jpg','https://boxdrop.com/movie_db/names_photo/George_Jacobs17.jpg','2019-07-01 17:53:02'),(701,93,'Eugene_Lubowitz796.jpg','https://boxdrop.com/movie_db/names_photo/Eugene_Lubowitz796.jpg','2019-05-04 06:31:00'),(702,303,'Nils_Nolan873.jpg','https://boxdrop.com/movie_db/names_photo/Nils_Nolan873.jpg','2019-08-29 03:40:58'),(703,425,'May_Murphy79.jpg','https://boxdrop.com/movie_db/names_photo/May_Murphy79.jpg','2020-02-18 10:58:46'),(704,414,'Lia_Christiansen363.jpg','https://boxdrop.com/movie_db/names_photo/Lia_Christiansen363.jpg','2019-11-23 10:13:08'),(705,181,'Jeremie_Rau653.jpg','https://boxdrop.com/movie_db/names_photo/Jeremie_Rau653.jpg','2019-07-04 12:28:15'),(706,132,'Delaney_Adams798.jpg','https://boxdrop.com/movie_db/names_photo/Delaney_Adams798.jpg','2019-05-07 10:21:52'),(707,380,'Nona_Pouros541.jpg','https://boxdrop.com/movie_db/names_photo/Nona_Pouros541.jpg','2020-01-29 18:26:55'),(708,150,'Jovany_McCullough744.jpg','https://boxdrop.com/movie_db/names_photo/Jovany_McCullough744.jpg','2019-08-22 12:34:26'),(709,104,'Ulices_Brown791.jpg','https://boxdrop.com/movie_db/names_photo/Ulices_Brown791.jpg','2019-08-18 15:29:09'),(710,176,'Deshaun_Murazik857.jpg','https://boxdrop.com/movie_db/names_photo/Deshaun_Murazik857.jpg','2020-03-04 07:34:33'),(711,356,'Cathrine_Rutherford355.jpg','https://boxdrop.com/movie_db/names_photo/Cathrine_Rutherford355.jpg','2019-04-09 18:08:20'),(712,53,'Charlie_Gleason901.jpg','https://boxdrop.com/movie_db/names_photo/Charlie_Gleason901.jpg','2019-04-13 18:07:27'),(713,153,'Alda_Zboncak225.jpg','https://boxdrop.com/movie_db/names_photo/Alda_Zboncak225.jpg','2020-03-04 15:58:25'),(714,387,'Krystal_Carter821.jpg','https://boxdrop.com/movie_db/names_photo/Krystal_Carter821.jpg','2020-02-08 17:40:33'),(715,346,'Erica_Hettinger458.jpg','https://boxdrop.com/movie_db/names_photo/Erica_Hettinger458.jpg','2020-02-15 04:49:53'),(716,206,'Bryana_Gutkowski76.jpg','https://boxdrop.com/movie_db/names_photo/Bryana_Gutkowski76.jpg','2019-07-21 22:15:05'),(717,367,'Lesly_Tillman743.jpg','https://boxdrop.com/movie_db/names_photo/Lesly_Tillman743.jpg','2019-12-18 08:30:41'),(718,209,'Gerardo_Williamson804.jpg','https://boxdrop.com/movie_db/names_photo/Gerardo_Williamson804.jpg','2019-08-30 04:39:04'),(719,469,'Clemmie_Smith666.jpg','https://boxdrop.com/movie_db/names_photo/Clemmie_Smith666.jpg','2019-09-15 10:41:02'),(720,268,'Maritza_Frami509.jpg','https://boxdrop.com/movie_db/names_photo/Maritza_Frami509.jpg','2020-03-03 06:26:58'),(721,238,'Sheridan_Bahringer143.jpg','https://boxdrop.com/movie_db/names_photo/Sheridan_Bahringer143.jpg','2019-04-15 10:37:26'),(722,352,'Dan_Kirlin703.jpg','https://boxdrop.com/movie_db/names_photo/Dan_Kirlin703.jpg','2019-12-19 12:45:04'),(723,239,'Pinkie_Hills150.jpg','https://boxdrop.com/movie_db/names_photo/Pinkie_Hills150.jpg','2020-02-21 17:13:47'),(724,313,'Norris_Donnelly128.jpg','https://boxdrop.com/movie_db/names_photo/Norris_Donnelly128.jpg','2019-08-18 07:06:39'),(725,407,'Gennaro_Bayer176.jpg','https://boxdrop.com/movie_db/names_photo/Gennaro_Bayer176.jpg','2019-08-11 05:18:57'),(726,57,'Newton_Schulist422.jpg','https://boxdrop.com/movie_db/names_photo/Newton_Schulist422.jpg','2020-03-30 11:25:56'),(727,70,'Libbie_Schumm245.jpg','https://boxdrop.com/movie_db/names_photo/Libbie_Schumm245.jpg','2020-03-09 03:33:59'),(728,139,'Archibald_Collins707.jpg','https://boxdrop.com/movie_db/names_photo/Archibald_Collins707.jpg','2020-01-16 18:16:43'),(729,393,'Lavinia_Satterfield440.jpg','https://boxdrop.com/movie_db/names_photo/Lavinia_Satterfield440.jpg','2019-12-06 23:11:08'),(730,470,'Crawford_Bruen477.jpg','https://boxdrop.com/movie_db/names_photo/Crawford_Bruen477.jpg','2020-02-23 00:51:02'),(731,278,'Casimir_Quitzon254.jpg','https://boxdrop.com/movie_db/names_photo/Casimir_Quitzon254.jpg','2020-01-30 10:27:58'),(732,14,'Brooke_Breitenberg221.jpg','https://boxdrop.com/movie_db/names_photo/Brooke_Breitenberg221.jpg','2019-10-24 01:53:19'),(733,466,'Alexander_Veum398.jpg','https://boxdrop.com/movie_db/names_photo/Alexander_Veum398.jpg','2019-12-25 04:00:22'),(734,170,'Macey_Waters686.jpg','https://boxdrop.com/movie_db/names_photo/Macey_Waters686.jpg','2019-08-31 16:14:50'),(735,231,'Jalon_O\'Connell683.jpg','https://boxdrop.com/movie_db/names_photo/Jalon_O\'Connell683.jpg','2019-10-01 16:53:57'),(736,194,'Roxane_VonRueden122.jpg','https://boxdrop.com/movie_db/names_photo/Roxane_VonRueden122.jpg','2020-02-09 03:32:25'),(737,385,'Mohammad_Lockman230.jpg','https://boxdrop.com/movie_db/names_photo/Mohammad_Lockman230.jpg','2019-10-22 04:08:05'),(738,345,'Asia_Doyle762.jpg','https://boxdrop.com/movie_db/names_photo/Asia_Doyle762.jpg','2020-01-30 19:50:32'),(739,341,'Hazel_Ward147.jpg','https://boxdrop.com/movie_db/names_photo/Hazel_Ward147.jpg','2019-08-24 16:56:33'),(740,26,'Danny_Durgan558.jpg','https://boxdrop.com/movie_db/names_photo/Danny_Durgan558.jpg','2019-08-21 11:35:01'),(741,334,'Devyn_Ziemann427.jpg','https://boxdrop.com/movie_db/names_photo/Devyn_Ziemann427.jpg','2019-08-18 08:30:28'),(742,435,'Fleta_Lehner852.jpg','https://boxdrop.com/movie_db/names_photo/Fleta_Lehner852.jpg','2019-04-14 13:11:39'),(743,121,'Anahi_Zemlak272.jpg','https://boxdrop.com/movie_db/names_photo/Anahi_Zemlak272.jpg','2020-02-23 18:26:07'),(744,497,'Edwardo_Zulauf698.jpg','https://boxdrop.com/movie_db/names_photo/Edwardo_Zulauf698.jpg','2019-10-22 09:17:18'),(745,269,'Will_Nienow54.jpg','https://boxdrop.com/movie_db/names_photo/Will_Nienow54.jpg','2020-01-06 05:43:09'),(746,344,'Wava_Hirthe853.jpg','https://boxdrop.com/movie_db/names_photo/Wava_Hirthe853.jpg','2019-06-11 23:59:29'),(747,71,'Lelia_Gaylord128.jpg','https://boxdrop.com/movie_db/names_photo/Lelia_Gaylord128.jpg','2019-06-18 18:35:48'),(748,112,'Kristian_Weber355.jpg','https://boxdrop.com/movie_db/names_photo/Kristian_Weber355.jpg','2019-06-20 21:20:42'),(749,402,'Celestino_Fadel130.jpg','https://boxdrop.com/movie_db/names_photo/Celestino_Fadel130.jpg','2019-06-11 11:28:25'),(750,430,'Adela_Goyette651.jpg','https://boxdrop.com/movie_db/names_photo/Adela_Goyette651.jpg','2019-12-24 15:27:04'),(751,267,'Landen_Hettinger648.jpg','https://boxdrop.com/movie_db/names_photo/Landen_Hettinger648.jpg','2020-01-30 12:00:32'),(752,391,'Liza_Jakubowski676.jpg','https://boxdrop.com/movie_db/names_photo/Liza_Jakubowski676.jpg','2019-06-17 18:46:27'),(753,198,'Shaun_Stracke432.jpg','https://boxdrop.com/movie_db/names_photo/Shaun_Stracke432.jpg','2019-11-03 21:45:05'),(754,492,'Jody_Bogisich47.jpg','https://boxdrop.com/movie_db/names_photo/Jody_Bogisich47.jpg','2019-05-02 02:09:55'),(755,319,'Marisa_Bergstrom141.jpg','https://boxdrop.com/movie_db/names_photo/Marisa_Bergstrom141.jpg','2019-04-14 08:48:39'),(756,488,'Chaya_Corwin322.jpg','https://boxdrop.com/movie_db/names_photo/Chaya_Corwin322.jpg','2019-05-09 17:53:50'),(757,437,'Francesco_Stanton395.jpg','https://boxdrop.com/movie_db/names_photo/Francesco_Stanton395.jpg','2019-10-11 22:32:18'),(758,349,'Angelina_Crooks96.jpg','https://boxdrop.com/movie_db/names_photo/Angelina_Crooks96.jpg','2019-05-20 06:12:12'),(759,373,'Deon_Kreiger378.jpg','https://boxdrop.com/movie_db/names_photo/Deon_Kreiger378.jpg','2020-03-20 07:15:34'),(760,37,'Grayson_Brakus796.jpg','https://boxdrop.com/movie_db/names_photo/Grayson_Brakus796.jpg','2020-01-10 09:27:06'),(761,31,'Kacey_Eichmann945.jpg','https://boxdrop.com/movie_db/names_photo/Kacey_Eichmann945.jpg','2019-10-20 01:37:31'),(762,404,'Ryann_Raynor343.jpg','https://boxdrop.com/movie_db/names_photo/Ryann_Raynor343.jpg','2020-01-30 23:21:48'),(763,58,'Lukas_Adams422.jpg','https://boxdrop.com/movie_db/names_photo/Lukas_Adams422.jpg','2019-05-06 19:46:34'),(764,146,'Ernestina_Dach355.jpg','https://boxdrop.com/movie_db/names_photo/Ernestina_Dach355.jpg','2019-11-06 06:15:27'),(765,43,'Caroline_Prosacco577.jpg','https://boxdrop.com/movie_db/names_photo/Caroline_Prosacco577.jpg','2019-12-22 01:13:19'),(766,220,'Deven_Rau8.jpg','https://boxdrop.com/movie_db/names_photo/Deven_Rau8.jpg','2019-07-03 00:33:25'),(767,68,'Timmothy_Feest587.jpg','https://boxdrop.com/movie_db/names_photo/Timmothy_Feest587.jpg','2019-10-21 11:48:15'),(768,118,'Adan_Schuppe521.jpg','https://boxdrop.com/movie_db/names_photo/Adan_Schuppe521.jpg','2020-04-03 10:20:20'),(769,442,'Harry_Wisozk121.jpg','https://boxdrop.com/movie_db/names_photo/Harry_Wisozk121.jpg','2020-01-27 12:21:03'),(770,264,'Stacy_O\'Conner282.jpg','https://boxdrop.com/movie_db/names_photo/Stacy_O\'Conner282.jpg','2019-08-02 00:23:30'),(771,2,'Presley_Schinner193.jpg','https://boxdrop.com/movie_db/names_photo/Presley_Schinner193.jpg','2019-07-22 08:31:25'),(772,32,'Pascale_Ledner161.jpg','https://boxdrop.com/movie_db/names_photo/Pascale_Ledner161.jpg','2019-04-24 21:47:38'),(773,173,'Andreanne_Jacobson46.jpg','https://boxdrop.com/movie_db/names_photo/Andreanne_Jacobson46.jpg','2019-11-15 16:44:06'),(774,79,'Estevan_Flatley567.jpg','https://boxdrop.com/movie_db/names_photo/Estevan_Flatley567.jpg','2019-06-03 17:05:55'),(775,136,'Vivianne_Murphy241.jpg','https://boxdrop.com/movie_db/names_photo/Vivianne_Murphy241.jpg','2019-08-03 18:04:37'),(776,12,'Willa_Schroeder253.jpg','https://boxdrop.com/movie_db/names_photo/Willa_Schroeder253.jpg','2019-05-07 22:01:41'),(777,40,'Simeon_Effertz562.jpg','https://boxdrop.com/movie_db/names_photo/Simeon_Effertz562.jpg','2019-07-19 00:42:06'),(778,255,'Lera_Glover165.jpg','https://boxdrop.com/movie_db/names_photo/Lera_Glover165.jpg','2019-05-04 21:38:02'),(779,148,'Lorena_Kilback521.jpg','https://boxdrop.com/movie_db/names_photo/Lorena_Kilback521.jpg','2019-07-23 10:00:50'),(780,11,'Ova_Monahan183.jpg','https://boxdrop.com/movie_db/names_photo/Ova_Monahan183.jpg','2020-02-27 05:00:13'),(781,66,'Rick_Bradtke929.jpg','https://boxdrop.com/movie_db/names_photo/Rick_Bradtke929.jpg','2019-10-23 14:57:39'),(782,169,'Ari_Lind523.jpg','https://boxdrop.com/movie_db/names_photo/Ari_Lind523.jpg','2019-10-06 04:19:21'),(783,180,'Samantha_Moore565.jpg','https://boxdrop.com/movie_db/names_photo/Samantha_Moore565.jpg','2019-11-06 22:22:19'),(784,247,'Jessica_Durgan508.jpg','https://boxdrop.com/movie_db/names_photo/Jessica_Durgan508.jpg','2020-02-10 15:00:29'),(785,382,'Bernadette_Buckridge512.jpg','https://boxdrop.com/movie_db/names_photo/Bernadette_Buckridge512.jpg','2020-01-18 08:40:47'),(786,208,'Pink_Grimes810.jpg','https://boxdrop.com/movie_db/names_photo/Pink_Grimes810.jpg','2019-07-07 18:31:29'),(787,448,'Daphne_Cremin977.jpg','https://boxdrop.com/movie_db/names_photo/Daphne_Cremin977.jpg','2019-11-06 06:47:09'),(788,384,'Al_Pouros582.jpg','https://boxdrop.com/movie_db/names_photo/Al_Pouros582.jpg','2019-08-08 01:31:25'),(789,92,'Alisa_Zboncak887.jpg','https://boxdrop.com/movie_db/names_photo/Alisa_Zboncak887.jpg','2019-11-25 08:45:08'),(790,233,'Gay_Reilly952.jpg','https://boxdrop.com/movie_db/names_photo/Gay_Reilly952.jpg','2019-07-08 07:27:05'),(791,359,'Ericka_Streich120.jpg','https://boxdrop.com/movie_db/names_photo/Ericka_Streich120.jpg','2019-11-09 15:53:03'),(792,325,'Nannie_Beahan739.jpg','https://boxdrop.com/movie_db/names_photo/Nannie_Beahan739.jpg','2020-03-30 02:07:42'),(793,214,'Timothy_Mosciski720.jpg','https://boxdrop.com/movie_db/names_photo/Timothy_Mosciski720.jpg','2019-09-07 04:08:30'),(794,323,'Erin_Weissnat919.jpg','https://boxdrop.com/movie_db/names_photo/Erin_Weissnat919.jpg','2019-05-01 23:33:43'),(795,154,'Nathan_Heller536.jpg','https://boxdrop.com/movie_db/names_photo/Nathan_Heller536.jpg','2019-10-27 07:51:41'),(796,491,'Nyah_D\'Amore962.jpg','https://boxdrop.com/movie_db/names_photo/Nyah_D\'Amore962.jpg','2019-06-26 03:23:44'),(797,8,'Estrella_Raynor585.jpg','https://boxdrop.com/movie_db/names_photo/Estrella_Raynor585.jpg','2019-10-15 23:14:05'),(798,171,'Amelie_Boyle65.jpg','https://boxdrop.com/movie_db/names_photo/Amelie_Boyle65.jpg','2019-05-13 04:52:58'),(799,420,'Erna_Dickens882.jpg','https://boxdrop.com/movie_db/names_photo/Erna_Dickens882.jpg','2019-05-16 14:13:57'),(800,270,'Malvina_Kilback121.jpg','https://boxdrop.com/movie_db/names_photo/Malvina_Kilback121.jpg','2020-02-24 13:31:07'),(801,452,'Emanuel_Schultz136.jpg','https://boxdrop.com/movie_db/names_photo/Emanuel_Schultz136.jpg','2019-11-08 01:46:18'),(802,210,'Brayan_Aufderhar84.jpg','https://boxdrop.com/movie_db/names_photo/Brayan_Aufderhar84.jpg','2020-01-12 13:00:22'),(803,422,'Lindsay_Denesik145.jpg','https://boxdrop.com/movie_db/names_photo/Lindsay_Denesik145.jpg','2019-09-18 18:05:28'),(804,463,'Lloyd_Ullrich198.jpg','https://boxdrop.com/movie_db/names_photo/Lloyd_Ullrich198.jpg','2019-07-26 22:46:33'),(805,252,'Janis_Mills606.jpg','https://boxdrop.com/movie_db/names_photo/Janis_Mills606.jpg','2019-08-10 12:46:56'),(806,184,'Loyal_Hartmann551.jpg','https://boxdrop.com/movie_db/names_photo/Loyal_Hartmann551.jpg','2019-11-02 19:29:18'),(807,38,'Delfina_Gerhold223.jpg','https://boxdrop.com/movie_db/names_photo/Delfina_Gerhold223.jpg','2020-02-05 18:56:53'),(808,156,'Edythe_Pagac765.jpg','https://boxdrop.com/movie_db/names_photo/Edythe_Pagac765.jpg','2020-03-10 16:54:10'),(809,202,'Stanton_Brakus928.jpg','https://boxdrop.com/movie_db/names_photo/Stanton_Brakus928.jpg','2019-08-29 17:58:19'),(810,101,'Justyn_Cremin137.jpg','https://boxdrop.com/movie_db/names_photo/Justyn_Cremin137.jpg','2020-02-09 14:30:30'),(811,122,'Berniece_Littel630.jpg','https://boxdrop.com/movie_db/names_photo/Berniece_Littel630.jpg','2019-04-11 12:53:20'),(812,443,'Eileen_Ritchie408.jpg','https://boxdrop.com/movie_db/names_photo/Eileen_Ritchie408.jpg','2020-02-25 22:02:39'),(813,21,'Federico_Breitenberg746.jpg','https://boxdrop.com/movie_db/names_photo/Federico_Breitenberg746.jpg','2019-10-07 18:42:29'),(814,187,'Sigurd_Pfeffer485.jpg','https://boxdrop.com/movie_db/names_photo/Sigurd_Pfeffer485.jpg','2019-08-15 05:18:04'),(815,6,'Cora_Maggio862.jpg','https://boxdrop.com/movie_db/names_photo/Cora_Maggio862.jpg','2019-04-30 23:32:00'),(816,9,'Jesus_Torp620.jpg','https://boxdrop.com/movie_db/names_photo/Jesus_Torp620.jpg','2019-09-10 12:25:38'),(817,97,'Alexander_Brekke186.jpg','https://boxdrop.com/movie_db/names_photo/Alexander_Brekke186.jpg','2020-03-31 02:50:15'),(818,19,'Eva_Terry749.jpg','https://boxdrop.com/movie_db/names_photo/Eva_Terry749.jpg','2019-12-13 04:06:51'),(819,201,'Skylar_Hermiston463.jpg','https://boxdrop.com/movie_db/names_photo/Skylar_Hermiston463.jpg','2020-04-01 18:19:01'),(820,22,'Danyka_Carter596.jpg','https://boxdrop.com/movie_db/names_photo/Danyka_Carter596.jpg','2019-05-08 12:59:41'),(821,363,'Allene_Kutch209.jpg','https://boxdrop.com/movie_db/names_photo/Allene_Kutch209.jpg','2019-11-12 06:24:47'),(822,353,'Garland_Lockman195.jpg','https://boxdrop.com/movie_db/names_photo/Garland_Lockman195.jpg','2020-03-04 10:44:15'),(823,401,'Mireya_Hermiston694.jpg','https://boxdrop.com/movie_db/names_photo/Mireya_Hermiston694.jpg','2020-03-08 03:54:49'),(824,88,'Arvid_Ondricka895.jpg','https://boxdrop.com/movie_db/names_photo/Arvid_Ondricka895.jpg','2019-10-29 02:26:11'),(825,172,'Brycen_Upton415.jpg','https://boxdrop.com/movie_db/names_photo/Brycen_Upton415.jpg','2019-06-05 12:59:08'),(826,249,'Lelia_Mills453.jpg','https://boxdrop.com/movie_db/names_photo/Lelia_Mills453.jpg','2019-08-08 18:42:25'),(827,259,'Moshe_Bahringer761.jpg','https://boxdrop.com/movie_db/names_photo/Moshe_Bahringer761.jpg','2019-10-31 23:35:57'),(828,485,'Daisy_Swift884.jpg','https://boxdrop.com/movie_db/names_photo/Daisy_Swift884.jpg','2020-02-21 22:14:53'),(829,138,'Reyna_Koss281.jpg','https://boxdrop.com/movie_db/names_photo/Reyna_Koss281.jpg','2019-06-16 01:18:19'),(830,223,'Mathias_Gutmann754.jpg','https://boxdrop.com/movie_db/names_photo/Mathias_Gutmann754.jpg','2020-02-15 17:14:23'),(831,135,'Ericka_Feil225.jpg','https://boxdrop.com/movie_db/names_photo/Ericka_Feil225.jpg','2019-10-27 20:45:43'),(832,377,'Andy_Johnston947.jpg','https://boxdrop.com/movie_db/names_photo/Andy_Johnston947.jpg','2019-12-16 18:53:00'),(833,312,'Art_Hagenes236.jpg','https://boxdrop.com/movie_db/names_photo/Art_Hagenes236.jpg','2019-08-12 07:40:18'),(834,305,'Maryam_Donnelly4.jpg','https://boxdrop.com/movie_db/names_photo/Maryam_Donnelly4.jpg','2019-10-23 00:08:38'),(835,251,'Narciso_Armstrong581.jpg','https://boxdrop.com/movie_db/names_photo/Narciso_Armstrong581.jpg','2020-02-28 06:35:33'),(836,395,'Jaylon_Sauer390.jpg','https://boxdrop.com/movie_db/names_photo/Jaylon_Sauer390.jpg','2019-05-26 19:41:07'),(837,59,'Merl_Abbott528.jpg','https://boxdrop.com/movie_db/names_photo/Merl_Abbott528.jpg','2019-06-06 15:27:58'),(838,265,'Kennith_Goodwin251.jpg','https://boxdrop.com/movie_db/names_photo/Kennith_Goodwin251.jpg','2019-07-18 13:07:34'),(839,35,'Jane_Jerde543.jpg','https://boxdrop.com/movie_db/names_photo/Jane_Jerde543.jpg','2020-02-25 14:24:08'),(840,179,'Elmo_Mitchell904.jpg','https://boxdrop.com/movie_db/names_photo/Elmo_Mitchell904.jpg','2020-03-21 04:05:28'),(841,261,'Chase_O\'Reilly279.jpg','https://boxdrop.com/movie_db/names_photo/Chase_O\'Reilly279.jpg','2020-01-01 04:48:06'),(842,281,'Aimee_Senger656.jpg','https://boxdrop.com/movie_db/names_photo/Aimee_Senger656.jpg','2019-09-19 19:54:39'),(843,163,'Justyn_Collier122.jpg','https://boxdrop.com/movie_db/names_photo/Justyn_Collier122.jpg','2019-06-26 08:23:30'),(844,217,'Allison_Beatty606.jpg','https://boxdrop.com/movie_db/names_photo/Allison_Beatty606.jpg','2019-10-30 08:28:30'),(845,56,'Rod_Bailey644.jpg','https://boxdrop.com/movie_db/names_photo/Rod_Bailey644.jpg','2020-01-13 13:04:58'),(846,236,'Tavares_Stamm104.jpg','https://boxdrop.com/movie_db/names_photo/Tavares_Stamm104.jpg','2019-12-06 15:16:46'),(847,51,'Roxane_Volkman181.jpg','https://boxdrop.com/movie_db/names_photo/Roxane_Volkman181.jpg','2020-03-28 18:54:20'),(848,119,'Tomas_Dooley323.jpg','https://boxdrop.com/movie_db/names_photo/Tomas_Dooley323.jpg','2020-02-18 21:15:17'),(849,416,'Carlie_Reynolds990.jpg','https://boxdrop.com/movie_db/names_photo/Carlie_Reynolds990.jpg','2019-06-28 20:17:36'),(850,291,'Thea_Wehner145.jpg','https://boxdrop.com/movie_db/names_photo/Thea_Wehner145.jpg','2020-02-02 05:18:07'),(851,257,'Chanel_Mayert457.jpg','https://boxdrop.com/movie_db/names_photo/Chanel_Mayert457.jpg','2020-03-20 20:07:51'),(852,200,'Jasper_Emard74.jpg','https://boxdrop.com/movie_db/names_photo/Jasper_Emard74.jpg','2019-09-22 03:26:37'),(853,5,'Zula_Purdy161.jpg','https://boxdrop.com/movie_db/names_photo/Zula_Purdy161.jpg','2019-11-15 04:17:35'),(854,464,'Mara_Larkin321.jpg','https://boxdrop.com/movie_db/names_photo/Mara_Larkin321.jpg','2019-05-13 12:53:53'),(855,482,'Jessica_Bins668.jpg','https://boxdrop.com/movie_db/names_photo/Jessica_Bins668.jpg','2019-09-26 14:11:30'),(856,292,'Noel_Conroy892.jpg','https://boxdrop.com/movie_db/names_photo/Noel_Conroy892.jpg','2019-10-22 12:42:17'),(857,300,'Parker_Lind150.jpg','https://boxdrop.com/movie_db/names_photo/Parker_Lind150.jpg','2020-03-01 05:15:59'),(858,459,'Esmeralda_Waters150.jpg','https://boxdrop.com/movie_db/names_photo/Esmeralda_Waters150.jpg','2020-03-11 03:09:04'),(859,266,'Roger_Conn280.jpg','https://boxdrop.com/movie_db/names_photo/Roger_Conn280.jpg','2019-05-09 20:43:33'),(860,483,'Annamae_Kertzmann879.jpg','https://boxdrop.com/movie_db/names_photo/Annamae_Kertzmann879.jpg','2020-03-27 06:34:01'),(861,441,'Cleveland_Daniel25.jpg','https://boxdrop.com/movie_db/names_photo/Cleveland_Daniel25.jpg','2020-02-18 16:56:42'),(862,432,'Evert_Hegmann476.jpg','https://boxdrop.com/movie_db/names_photo/Evert_Hegmann476.jpg','2020-03-24 16:24:17'),(863,39,'Jeanette_Wunsch5.jpg','https://boxdrop.com/movie_db/names_photo/Jeanette_Wunsch5.jpg','2019-08-05 11:46:56'),(864,111,'Velma_Pagac764.jpg','https://boxdrop.com/movie_db/names_photo/Velma_Pagac764.jpg','2019-12-05 23:30:00'),(865,128,'Sister_Macejkovic773.jpg','https://boxdrop.com/movie_db/names_photo/Sister_Macejkovic773.jpg','2019-09-29 09:27:32'),(866,475,'Dorothea_Pouros587.jpg','https://boxdrop.com/movie_db/names_photo/Dorothea_Pouros587.jpg','2019-12-03 10:13:29'),(867,98,'Justyn_Batz513.jpg','https://boxdrop.com/movie_db/names_photo/Justyn_Batz513.jpg','2019-08-04 16:46:55'),(868,46,'Timmy_Collins164.jpg','https://boxdrop.com/movie_db/names_photo/Timmy_Collins164.jpg','2019-04-18 09:30:13'),(869,18,'Elinore_Larson355.jpg','https://boxdrop.com/movie_db/names_photo/Elinore_Larson355.jpg','2020-02-26 08:21:35'),(870,41,'Gerson_Ullrich454.jpg','https://boxdrop.com/movie_db/names_photo/Gerson_Ullrich454.jpg','2020-01-13 20:32:47'),(871,83,'Stephania_Gislason86.jpg','https://boxdrop.com/movie_db/names_photo/Stephania_Gislason86.jpg','2020-02-20 04:31:39'),(872,444,'Destin_Rice288.jpg','https://boxdrop.com/movie_db/names_photo/Destin_Rice288.jpg','2019-09-16 22:55:13'),(873,27,'Kelvin_Reinger754.jpg','https://boxdrop.com/movie_db/names_photo/Kelvin_Reinger754.jpg','2019-07-05 03:38:28'),(874,390,'Christine_Hansen35.jpg','https://boxdrop.com/movie_db/names_photo/Christine_Hansen35.jpg','2019-05-13 06:09:07'),(875,64,'Eryn_Fahey654.jpg','https://boxdrop.com/movie_db/names_photo/Eryn_Fahey654.jpg','2019-10-04 10:58:24'),(876,423,'Leanna_Funk2.jpg','https://boxdrop.com/movie_db/names_photo/Leanna_Funk2.jpg','2020-02-12 08:48:07'),(877,105,'Makayla_Herman797.jpg','https://boxdrop.com/movie_db/names_photo/Makayla_Herman797.jpg','2019-10-01 14:46:02'),(878,256,'Marjory_Little941.jpg','https://boxdrop.com/movie_db/names_photo/Marjory_Little941.jpg','2019-08-18 12:03:12'),(879,47,'Elsie_Zieme807.jpg','https://boxdrop.com/movie_db/names_photo/Elsie_Zieme807.jpg','2019-08-03 04:56:48'),(880,415,'Hayden_Bednar616.jpg','https://boxdrop.com/movie_db/names_photo/Hayden_Bednar616.jpg','2019-10-22 15:26:44'),(881,479,'Madie_Hickle389.jpg','https://boxdrop.com/movie_db/names_photo/Madie_Hickle389.jpg','2019-10-29 21:09:45'),(882,284,'Abigale_Aufderhar64.jpg','https://boxdrop.com/movie_db/names_photo/Abigale_Aufderhar64.jpg','2020-01-10 18:38:58'),(883,465,'London_Medhurst86.jpg','https://boxdrop.com/movie_db/names_photo/London_Medhurst86.jpg','2019-09-02 01:24:24'),(884,321,'Ciara_Keebler20.jpg','https://boxdrop.com/movie_db/names_photo/Ciara_Keebler20.jpg','2020-02-20 04:14:49'),(885,42,'Chaya_Marks121.jpg','https://boxdrop.com/movie_db/names_photo/Chaya_Marks121.jpg','2019-12-16 20:50:15'),(886,120,'Wilbert_Kuvalis427.jpg','https://boxdrop.com/movie_db/names_photo/Wilbert_Kuvalis427.jpg','2020-04-01 11:07:09'),(887,29,'Cicero_Rodriguez361.jpg','https://boxdrop.com/movie_db/names_photo/Cicero_Rodriguez361.jpg','2019-09-12 02:16:45'),(888,244,'Charles_Ruecker385.jpg','https://boxdrop.com/movie_db/names_photo/Charles_Ruecker385.jpg','2020-03-16 12:21:16'),(889,15,'Kayli_Walsh476.jpg','https://boxdrop.com/movie_db/names_photo/Kayli_Walsh476.jpg','2020-03-25 02:46:53'),(890,418,'Ashley_Macejkovic218.jpg','https://boxdrop.com/movie_db/names_photo/Ashley_Macejkovic218.jpg','2019-11-27 03:38:02'),(891,241,'Reymundo_Kohler479.jpg','https://boxdrop.com/movie_db/names_photo/Reymundo_Kohler479.jpg','2020-03-29 11:19:09'),(892,84,'Allison_Kling491.jpg','https://boxdrop.com/movie_db/names_photo/Allison_Kling491.jpg','2019-12-29 04:17:48'),(893,386,'Arvilla_Wehner497.jpg','https://boxdrop.com/movie_db/names_photo/Arvilla_Wehner497.jpg','2019-11-15 13:01:17'),(894,287,'Valerie_Labadie905.jpg','https://boxdrop.com/movie_db/names_photo/Valerie_Labadie905.jpg','2019-12-06 20:14:00'),(895,87,'Drew_Lindgren335.jpg','https://boxdrop.com/movie_db/names_photo/Drew_Lindgren335.jpg','2019-07-11 08:40:27'),(896,124,'Janae_Legros891.jpg','https://boxdrop.com/movie_db/names_photo/Janae_Legros891.jpg','2019-04-27 00:17:33'),(897,123,'Ryleigh_Bechtelar973.jpg','https://boxdrop.com/movie_db/names_photo/Ryleigh_Bechtelar973.jpg','2019-08-04 13:50:55'),(898,474,'Haley_Bogisich596.jpg','https://boxdrop.com/movie_db/names_photo/Haley_Bogisich596.jpg','2019-12-11 08:58:44'),(899,282,'Verdie_Murazik340.jpg','https://boxdrop.com/movie_db/names_photo/Verdie_Murazik340.jpg','2019-08-26 09:43:55'),(900,340,'Jamal_Doyle208.jpg','https://boxdrop.com/movie_db/names_photo/Jamal_Doyle208.jpg','2019-07-28 12:47:08'),(901,142,'Malcolm_Lockman668.jpg','https://boxdrop.com/movie_db/names_photo/Malcolm_Lockman668.jpg','2019-06-25 02:05:16'),(902,335,'Lea_Yost89.jpg','https://boxdrop.com/movie_db/names_photo/Lea_Yost89.jpg','2020-03-22 12:14:33'),(903,328,'Elyssa_Weissnat282.jpg','https://boxdrop.com/movie_db/names_photo/Elyssa_Weissnat282.jpg','2019-12-23 11:18:28'),(904,165,'Brock_Mayert840.jpg','https://boxdrop.com/movie_db/names_photo/Brock_Mayert840.jpg','2019-09-16 10:07:20'),(905,438,'Meaghan_Goldner544.jpg','https://boxdrop.com/movie_db/names_photo/Meaghan_Goldner544.jpg','2020-03-27 01:41:21'),(906,242,'Celestine_Leffler954.jpg','https://boxdrop.com/movie_db/names_photo/Celestine_Leffler954.jpg','2020-03-29 00:11:57'),(907,461,'Jamarcus_Roob22.jpg','https://boxdrop.com/movie_db/names_photo/Jamarcus_Roob22.jpg','2019-10-13 03:50:12'),(908,458,'Alberta_Hoppe354.jpg','https://boxdrop.com/movie_db/names_photo/Alberta_Hoppe354.jpg','2019-07-03 08:09:31'),(909,295,'Lizzie_Douglas749.jpg','https://boxdrop.com/movie_db/names_photo/Lizzie_Douglas749.jpg','2019-10-22 00:25:04'),(910,426,'Hans_Huel642.jpg','https://boxdrop.com/movie_db/names_photo/Hans_Huel642.jpg','2020-03-04 22:08:50'),(911,174,'Dewayne_Gislason878.jpg','https://boxdrop.com/movie_db/names_photo/Dewayne_Gislason878.jpg','2020-01-06 22:28:08'),(912,25,'Nichole_Orn438.jpg','https://boxdrop.com/movie_db/names_photo/Nichole_Orn438.jpg','2019-09-14 21:19:51'),(913,20,'Wilfrid_Bahringer115.jpg','https://boxdrop.com/movie_db/names_photo/Wilfrid_Bahringer115.jpg','2019-11-06 04:16:24'),(914,167,'Kara_Muller848.jpg','https://boxdrop.com/movie_db/names_photo/Kara_Muller848.jpg','2019-09-27 03:45:15'),(915,324,'Jose_Grant298.jpg','https://boxdrop.com/movie_db/names_photo/Jose_Grant298.jpg','2019-12-02 06:05:19'),(916,333,'Louisa_Kohler130.jpg','https://boxdrop.com/movie_db/names_photo/Louisa_Kohler130.jpg','2019-08-24 21:49:44'),(917,330,'Malachi_Bruen114.jpg','https://boxdrop.com/movie_db/names_photo/Malachi_Bruen114.jpg','2020-01-07 02:15:47'),(918,454,'Nicolette_Harber790.jpg','https://boxdrop.com/movie_db/names_photo/Nicolette_Harber790.jpg','2020-02-26 12:47:02'),(919,227,'Hank_Lesch322.jpg','https://boxdrop.com/movie_db/names_photo/Hank_Lesch322.jpg','2019-07-11 02:35:23'),(920,342,'Makayla_Robel289.jpg','https://boxdrop.com/movie_db/names_photo/Makayla_Robel289.jpg','2019-04-08 13:52:06'),(921,358,'Kaitlyn_Boyer906.jpg','https://boxdrop.com/movie_db/names_photo/Kaitlyn_Boyer906.jpg','2019-09-19 04:12:46'),(922,113,'Niko_Toy786.jpg','https://boxdrop.com/movie_db/names_photo/Niko_Toy786.jpg','2019-05-30 08:02:53'),(923,397,'Adalberto_Pollich162.jpg','https://boxdrop.com/movie_db/names_photo/Adalberto_Pollich162.jpg','2020-03-31 09:42:04'),(924,195,'Glenda_Stracke741.jpg','https://boxdrop.com/movie_db/names_photo/Glenda_Stracke741.jpg','2019-07-11 22:26:45'),(925,117,'Georgianna_Franecki177.jpg','https://boxdrop.com/movie_db/names_photo/Georgianna_Franecki177.jpg','2019-12-08 03:59:24'),(926,394,'Coy_Heller222.jpg','https://boxdrop.com/movie_db/names_photo/Coy_Heller222.jpg','2019-12-22 05:00:05'),(927,17,'Ed_Fay591.jpg','https://boxdrop.com/movie_db/names_photo/Ed_Fay591.jpg','2019-11-08 03:31:31'),(928,1,'Freddy_Raynor685.jpg','https://boxdrop.com/movie_db/names_photo/Freddy_Raynor685.jpg','2019-10-26 01:49:16'),(929,316,'Rhea_Nienow389.jpg','https://boxdrop.com/movie_db/names_photo/Rhea_Nienow389.jpg','2019-05-12 10:46:37'),(930,431,'Edmond_Romaguera394.jpg','https://boxdrop.com/movie_db/names_photo/Edmond_Romaguera394.jpg','2020-04-03 04:00:18'),(931,254,'Cassidy_Mueller341.jpg','https://boxdrop.com/movie_db/names_photo/Cassidy_Mueller341.jpg','2019-06-16 01:16:00'),(932,199,'Alta_Bashirian9.jpg','https://boxdrop.com/movie_db/names_photo/Alta_Bashirian9.jpg','2019-10-29 23:43:03'),(933,331,'Lisette_Gaylord538.jpg','https://boxdrop.com/movie_db/names_photo/Lisette_Gaylord538.jpg','2020-03-08 15:47:24'),(934,271,'Kenny_Wilkinson950.jpg','https://boxdrop.com/movie_db/names_photo/Kenny_Wilkinson950.jpg','2020-02-27 11:53:12'),(935,16,'Porter_Nienow216.jpg','https://boxdrop.com/movie_db/names_photo/Porter_Nienow216.jpg','2019-05-21 23:17:46'),(936,76,'Barrett_Bogan577.jpg','https://boxdrop.com/movie_db/names_photo/Barrett_Bogan577.jpg','2019-06-24 18:27:30'),(937,49,'Bryana_Hoeger76.jpg','https://boxdrop.com/movie_db/names_photo/Bryana_Hoeger76.jpg','2019-07-24 05:50:39'),(938,33,'Lottie_Sauer499.jpg','https://boxdrop.com/movie_db/names_photo/Lottie_Sauer499.jpg','2019-04-10 13:54:24'),(939,54,'Cathryn_Hane415.jpg','https://boxdrop.com/movie_db/names_photo/Cathryn_Hane415.jpg','2020-02-25 11:11:21'),(940,126,'Tatum_Dickinson271.jpg','https://boxdrop.com/movie_db/names_photo/Tatum_Dickinson271.jpg','2019-05-23 10:10:42'),(941,246,'Leda_Turner508.jpg','https://boxdrop.com/movie_db/names_photo/Leda_Turner508.jpg','2020-03-13 22:06:55'),(942,213,'Cordell_Oberbrunner205.jpg','https://boxdrop.com/movie_db/names_photo/Cordell_Oberbrunner205.jpg','2019-11-29 15:20:53'),(943,85,'Missouri_Herman599.jpg','https://boxdrop.com/movie_db/names_photo/Missouri_Herman599.jpg','2019-04-04 17:14:51'),(944,189,'Kane_Hermann852.jpg','https://boxdrop.com/movie_db/names_photo/Kane_Hermann852.jpg','2019-09-10 21:09:03'),(945,115,'Dayana_Ferry2.jpg','https://boxdrop.com/movie_db/names_photo/Dayana_Ferry2.jpg','2019-06-09 19:17:20'),(946,109,'Eleazar_Bradtke711.jpg','https://boxdrop.com/movie_db/names_photo/Eleazar_Bradtke711.jpg','2019-12-05 22:10:03'),(947,445,'Esther_Paucek800.jpg','https://boxdrop.com/movie_db/names_photo/Esther_Paucek800.jpg','2019-12-25 18:17:39'),(948,273,'Alana_Franecki579.jpg','https://boxdrop.com/movie_db/names_photo/Alana_Franecki579.jpg','2019-11-13 04:39:52'),(949,374,'Damon_Koelpin346.jpg','https://boxdrop.com/movie_db/names_photo/Damon_Koelpin346.jpg','2020-01-16 17:43:54'),(950,48,'Monique_Bartell462.jpg','https://boxdrop.com/movie_db/names_photo/Monique_Bartell462.jpg','2019-07-05 05:07:55'),(951,339,'Franz_Howe546.jpg','https://boxdrop.com/movie_db/names_photo/Franz_Howe546.jpg','2019-09-02 23:17:37'),(952,285,'Juwan_Baumbach793.jpg','https://boxdrop.com/movie_db/names_photo/Juwan_Baumbach793.jpg','2020-03-29 09:20:21'),(953,412,'Angelo_Hauck565.jpg','https://boxdrop.com/movie_db/names_photo/Angelo_Hauck565.jpg','2019-04-22 12:18:11'),(954,152,'Marcia_Smith267.jpg','https://boxdrop.com/movie_db/names_photo/Marcia_Smith267.jpg','2020-01-05 17:56:34'),(955,450,'Freeda_Gerlach908.jpg','https://boxdrop.com/movie_db/names_photo/Freeda_Gerlach908.jpg','2019-11-27 11:14:57'),(956,486,'Chester_Erdman214.jpg','https://boxdrop.com/movie_db/names_photo/Chester_Erdman214.jpg','2020-03-22 06:37:13'),(957,473,'Carolina_Ebert22.jpg','https://boxdrop.com/movie_db/names_photo/Carolina_Ebert22.jpg','2019-06-24 13:46:30'),(958,114,'Terrance_Ryan23.jpg','https://boxdrop.com/movie_db/names_photo/Terrance_Ryan23.jpg','2019-06-16 13:44:25'),(959,375,'Marisa_Smitham944.jpg','https://boxdrop.com/movie_db/names_photo/Marisa_Smitham944.jpg','2020-03-27 12:10:22'),(960,279,'Marie_Thompson59.jpg','https://boxdrop.com/movie_db/names_photo/Marie_Thompson59.jpg','2019-09-24 22:52:27'),(961,277,'Libby_Bartoletti444.jpg','https://boxdrop.com/movie_db/names_photo/Libby_Bartoletti444.jpg','2019-04-19 00:57:11'),(962,86,'Nella_Cummings606.jpg','https://boxdrop.com/movie_db/names_photo/Nella_Cummings606.jpg','2019-09-28 14:03:46'),(963,498,'Modesta_Russel263.jpg','https://boxdrop.com/movie_db/names_photo/Modesta_Russel263.jpg','2019-04-23 19:31:16'),(964,406,'Santiago_Grimes204.jpg','https://boxdrop.com/movie_db/names_photo/Santiago_Grimes204.jpg','2019-08-16 23:04:34'),(965,326,'Jaquan_Ziemann579.jpg','https://boxdrop.com/movie_db/names_photo/Jaquan_Ziemann579.jpg','2019-05-14 11:04:54'),(966,248,'Jedediah_Reilly186.jpg','https://boxdrop.com/movie_db/names_photo/Jedediah_Reilly186.jpg','2020-01-15 10:37:27'),(967,272,'Rhett_Vandervort325.jpg','https://boxdrop.com/movie_db/names_photo/Rhett_Vandervort325.jpg','2019-12-19 20:20:31'),(968,468,'Moises_Koepp260.jpg','https://boxdrop.com/movie_db/names_photo/Moises_Koepp260.jpg','2019-06-20 11:02:13'),(969,73,'Adele_Daniel445.jpg','https://boxdrop.com/movie_db/names_photo/Adele_Daniel445.jpg','2019-05-24 05:14:37'),(970,95,'Deshawn_Hayes942.jpg','https://boxdrop.com/movie_db/names_photo/Deshawn_Hayes942.jpg','2019-07-04 10:05:58'),(971,314,'Citlalli_Paucek786.jpg','https://boxdrop.com/movie_db/names_photo/Citlalli_Paucek786.jpg','2019-12-18 07:52:35'),(972,69,'Jayden_Kshlerin317.jpg','https://boxdrop.com/movie_db/names_photo/Jayden_Kshlerin317.jpg','2019-04-21 23:02:53'),(973,45,'Adolfo_Brown68.jpg','https://boxdrop.com/movie_db/names_photo/Adolfo_Brown68.jpg','2019-10-18 02:43:42'),(974,355,'Lowell_King224.jpg','https://boxdrop.com/movie_db/names_photo/Lowell_King224.jpg','2019-05-25 04:55:10'),(975,145,'Oscar_Kuphal521.jpg','https://boxdrop.com/movie_db/names_photo/Oscar_Kuphal521.jpg','2019-11-20 09:12:04'),(976,28,'Stephanie_Gleichner450.jpg','https://boxdrop.com/movie_db/names_photo/Stephanie_Gleichner450.jpg','2019-06-12 12:51:36'),(977,229,'Brionna_McCullough572.jpg','https://boxdrop.com/movie_db/names_photo/Brionna_McCullough572.jpg','2019-10-22 20:45:00'),(978,332,'Vivianne_Rowe507.jpg','https://boxdrop.com/movie_db/names_photo/Vivianne_Rowe507.jpg','2019-04-10 14:52:35'),(979,190,'Randy_Bins40.jpg','https://boxdrop.com/movie_db/names_photo/Randy_Bins40.jpg','2019-07-31 17:47:59'),(980,399,'Julius_Spinka356.jpg','https://boxdrop.com/movie_db/names_photo/Julius_Spinka356.jpg','2019-08-28 22:35:49'),(981,243,'Delia_Bosco699.jpg','https://boxdrop.com/movie_db/names_photo/Delia_Bosco699.jpg','2020-02-12 05:42:33'),(982,428,'Arnulfo_Casper71.jpg','https://boxdrop.com/movie_db/names_photo/Arnulfo_Casper71.jpg','2019-12-17 01:11:15'),(983,337,'Magnolia_Metz234.jpg','https://boxdrop.com/movie_db/names_photo/Magnolia_Metz234.jpg','2019-06-02 01:26:55'),(984,61,'Wilhelm_Reinger980.jpg','https://boxdrop.com/movie_db/names_photo/Wilhelm_Reinger980.jpg','2020-01-01 03:13:56'),(985,219,'Christelle_Balistreri659.jpg','https://boxdrop.com/movie_db/names_photo/Christelle_Balistreri659.jpg','2020-02-07 05:02:57'),(986,368,'Tyrell_Botsford899.jpg','https://boxdrop.com/movie_db/names_photo/Tyrell_Botsford899.jpg','2019-10-25 02:44:52'),(987,207,'Lucy_Weimann682.jpg','https://boxdrop.com/movie_db/names_photo/Lucy_Weimann682.jpg','2019-08-18 02:07:07'),(988,310,'Joe_Krajcik587.jpg','https://boxdrop.com/movie_db/names_photo/Joe_Krajcik587.jpg','2019-10-12 07:59:01'),(989,110,'Demetris_Schaden834.jpg','https://boxdrop.com/movie_db/names_photo/Demetris_Schaden834.jpg','2019-05-07 17:38:48'),(990,306,'Amira_Beier486.jpg','https://boxdrop.com/movie_db/names_photo/Amira_Beier486.jpg','2020-01-24 11:49:34'),(991,133,'Broderick_Funk106.jpg','https://boxdrop.com/movie_db/names_photo/Broderick_Funk106.jpg','2019-06-14 04:22:59'),(992,494,'Jerad_Satterfield318.jpg','https://boxdrop.com/movie_db/names_photo/Jerad_Satterfield318.jpg','2019-10-17 17:03:22'),(993,10,'Karl_Quigley153.jpg','https://boxdrop.com/movie_db/names_photo/Karl_Quigley153.jpg','2019-06-09 18:43:16'),(994,293,'Magali_Murazik507.jpg','https://boxdrop.com/movie_db/names_photo/Magali_Murazik507.jpg','2019-09-03 06:27:07'),(995,409,'Unique_Nicolas939.jpg','https://boxdrop.com/movie_db/names_photo/Unique_Nicolas939.jpg','2020-03-01 04:26:21'),(996,447,'Zula_Lind251.jpg','https://boxdrop.com/movie_db/names_photo/Zula_Lind251.jpg','2019-05-08 13:33:44'),(997,161,'Colton_Lind218.jpg','https://boxdrop.com/movie_db/names_photo/Colton_Lind218.jpg','2020-02-03 20:20:51'),(998,212,'Jeffrey_Bergnaum214.jpg','https://boxdrop.com/movie_db/names_photo/Jeffrey_Bergnaum214.jpg','2020-03-12 21:15:53'),(999,500,'Andreanne_Cronin306.jpg','https://boxdrop.com/movie_db/names_photo/Andreanne_Cronin306.jpg','2020-03-13 09:36:15'),(1000,130,'Kendra_Schulist82.jpg','https://boxdrop.com/movie_db/names_photo/Kendra_Schulist82.jpg','2020-02-17 23:11:10'),(1001,290,'Jedidiah_Mueller898.jpg','https://boxdrop.com/movie_db/names_photo/Jedidiah_Mueller898.jpg','2020-03-10 22:10:28'),(1002,429,'Hilma_Haley13.jpg','https://boxdrop.com/movie_db/names_photo/Hilma_Haley13.jpg','2019-09-09 19:02:10'),(1003,77,'Griffin_Hermann578.jpg','https://boxdrop.com/movie_db/names_photo/Griffin_Hermann578.jpg','2019-04-07 03:07:00'),(1004,164,'Sterling_Rowe597.jpg','https://boxdrop.com/movie_db/names_photo/Sterling_Rowe597.jpg','2019-11-17 02:10:47'),(1005,388,'Alanna_Stamm466.jpg','https://boxdrop.com/movie_db/names_photo/Alanna_Stamm466.jpg','2019-10-04 06:17:53'),(1006,336,'Salvador_Hegmann832.jpg','https://boxdrop.com/movie_db/names_photo/Salvador_Hegmann832.jpg','2019-09-29 20:16:36'),(1007,480,'Kelly_Hegmann659.jpg','https://boxdrop.com/movie_db/names_photo/Kelly_Hegmann659.jpg','2019-08-04 06:30:15'),(1008,417,'Laverne_Kutch654.jpg','https://boxdrop.com/movie_db/names_photo/Laverne_Kutch654.jpg','2019-09-22 11:45:31'),(1009,218,'Audra_Hermann678.jpg','https://boxdrop.com/movie_db/names_photo/Audra_Hermann678.jpg','2020-03-19 21:50:47'),(1010,489,'Domenico_Feeney273.jpg','https://boxdrop.com/movie_db/names_photo/Domenico_Feeney273.jpg','2020-03-19 13:45:07'),(1011,411,'Tomasa_Schowalter996.jpg','https://boxdrop.com/movie_db/names_photo/Tomasa_Schowalter996.jpg','2019-04-13 12:25:26');
/*!40000 ALTER TABLE `names_photo` ENABLE KEYS */;
UNLOCK TABLES;

--
-- Table structure for table `rating`
--

DROP TABLE IF EXISTS `rating`;
/*!40101 SET @saved_cs_client     = @@character_set_client */;
/*!50503 SET character_set_client = utf8mb4 */;
CREATE TABLE `rating` (
  `user_id` int unsigned NOT NULL,
  `movie_id` int unsigned NOT NULL,
  `rate` tinyint unsigned NOT NULL,
  PRIMARY KEY (`user_id`,`movie_id`),
  KEY `rating_movie_id_idx` (`movie_id`),
  CONSTRAINT `rating_movie_id_fk` FOREIGN KEY (`movie_id`) REFERENCES `movies` (`id`) ON DELETE CASCADE,
  CONSTRAINT `rating_user_id_fk` FOREIGN KEY (`user_id`) REFERENCES `users` (`id`) ON DELETE CASCADE
) ENGINE=InnoDB DEFAULT CHARSET=utf8 COLLATE=utf8_unicode_ci;
/*!40101 SET character_set_client = @saved_cs_client */;

--
-- Dumping data for table `rating`
--

LOCK TABLES `rating` WRITE;
/*!40000 ALTER TABLE `rating` DISABLE KEYS */;
INSERT INTO `rating` VALUES (1,17,4),(1,30,5),(1,66,3),(1,72,6),(1,73,6),(1,77,8),(1,82,1),(1,95,7),(2,2,2),(2,3,1),(2,44,2),(2,59,6),(2,70,5),(2,79,1),(3,16,7),(3,24,8),(3,70,5),(3,76,8),(3,97,8),(3,98,8),(4,12,5),(4,14,6),(4,35,7),(5,33,5),(5,66,2),(5,78,5),(6,20,9),(6,60,9),(6,90,3),(6,91,4),(7,5,1),(7,15,4),(7,16,7),(7,28,10),(7,54,2),(7,67,2),(7,76,6),(8,16,2),(8,53,5),(8,77,7),(9,32,4),(9,60,4),(9,81,8),(9,85,10),(9,87,1),(9,91,3),(10,10,2),(10,14,4),(10,19,7),(10,22,9),(10,55,5),(10,97,6),(11,14,3),(11,19,7),(11,83,4),(12,12,3),(12,13,3),(12,25,9),(12,44,9),(12,78,8),(12,92,3),(13,19,6),(13,32,3),(13,42,7),(13,73,3),(13,77,5),(13,79,6),(13,86,9),(14,11,2),(14,21,6),(14,45,8),(14,53,3),(15,22,7),(15,60,6),(16,1,6),(16,6,9),(16,48,1),(16,50,1),(16,72,1),(16,73,2),(16,96,4),(17,45,8),(17,56,3),(17,65,8),(17,92,1),(18,1,6),(18,39,4),(18,53,1),(18,99,4),(19,5,7),(19,9,10),(19,49,9),(19,72,8),(19,83,6),(20,15,2),(20,32,1),(20,55,2),(20,65,7),(20,83,6),(21,18,3),(21,28,8),(21,65,7),(21,74,1),(21,96,1),(22,7,3),(22,9,8),(22,15,2),(22,25,6),(22,36,2),(22,100,4),(23,6,6),(23,15,8),(23,17,1),(23,31,9),(23,49,8),(23,57,2),(23,92,6),(24,12,7),(24,33,10),(24,66,5),(24,85,6),(24,94,10),(25,2,4),(25,31,8),(25,33,9),(25,51,8),(25,66,6),(25,74,10),(26,13,9),(26,36,1),(26,43,5),(26,79,2),(26,97,1),(26,99,2),(27,1,3),(27,11,8),(27,17,1),(27,47,6),(27,58,1),(28,31,7),(28,65,4),(29,30,7),(29,77,10),(29,99,1),(30,4,3),(30,11,7),(30,23,3),(30,48,6),(31,61,1),(31,65,4),(32,20,5),(32,22,2),(32,23,2),(32,31,6),(32,54,8),(32,93,8),(32,98,10),(32,99,10),(33,17,2),(33,28,4),(33,38,10),(33,62,1),(34,7,4),(34,15,8),(34,17,9),(34,30,5),(34,39,10),(34,66,3),(34,89,5),(34,90,5),(34,94,7),(35,38,9),(36,6,2),(36,16,2),(36,52,5),(36,54,7),(36,57,8),(36,89,4),(36,90,8),(36,100,10),(37,22,10),(37,36,7),(37,70,4),(37,74,6),(38,57,7),(38,80,9),(39,5,1),(39,19,8),(39,22,10),(39,33,8),(39,44,1),(39,47,2),(39,48,3),(39,73,5),(40,13,3),(40,36,6),(40,55,6),(40,90,2),(41,26,1),(41,39,8),(41,64,10),(41,65,10),(41,73,5),(41,88,5),(41,95,8),(42,15,7),(42,75,5),(43,8,2),(43,13,4),(43,15,5),(43,20,6),(43,23,9),(43,29,2),(43,32,3),(43,38,6),(43,52,3),(43,84,9),(43,91,3),(44,45,4),(44,81,7),(45,1,7),(45,22,8),(45,42,8),(45,50,2),(45,59,7),(45,63,2),(45,84,9),(46,7,10),(46,11,6),(46,34,4),(46,58,5),(46,81,7),(46,95,9),(47,24,8),(47,83,8),(48,26,9),(48,51,2),(48,95,2),(49,13,2),(49,43,10),(49,54,1),(49,57,4),(49,95,3),(50,19,7),(50,42,6),(50,48,5),(50,64,8),(50,73,2),(50,89,2),(51,26,8),(51,59,5),(51,68,9),(51,96,7),(52,2,6),(52,8,9),(52,13,1),(52,50,10),(52,58,10),(52,88,9),(53,25,7),(53,26,7),(53,36,3),(53,47,8),(53,55,2),(53,60,4),(53,87,8),(53,89,6),(53,94,2),(53,97,3),(54,21,8),(54,47,8),(54,55,2),(54,69,9),(54,77,3),(54,80,4),(54,85,7),(55,5,6),(55,13,8),(55,16,2),(55,27,7),(55,54,1),(55,63,6),(55,80,4),(56,19,3),(56,38,7),(56,52,10),(56,53,10),(56,96,1),(57,18,6),(57,64,5),(58,37,1),(58,77,2),(59,3,4),(59,19,2),(59,37,1),(59,51,8),(59,76,7),(59,86,5),(60,16,10),(60,67,6),(60,77,9),(60,95,10),(60,99,2),(61,43,4),(61,54,9),(61,56,10),(61,58,1),(61,65,5),(61,72,8),(61,99,2),(62,19,1),(62,31,7),(62,82,3),(62,98,1),(63,1,2),(63,7,5),(63,28,6),(63,60,2),(63,73,8),(63,83,3),(64,9,6),(64,13,8),(64,19,1),(64,41,2),(64,42,2),(64,51,7),(64,67,5),(65,23,3),(65,34,8),(65,73,7),(65,74,3),(66,20,1),(66,26,3),(66,31,6),(66,53,7),(66,99,10),(67,16,8),(67,24,2),(67,29,5),(67,63,4),(67,69,7),(67,93,7),(67,94,7),(67,97,9),(68,32,6),(68,35,8),(68,42,5),(68,46,3),(68,49,10),(68,52,6),(68,90,1),(69,12,6),(69,17,8),(69,40,10),(69,100,10),(70,22,10),(70,55,7),(70,83,1),(70,87,3),(70,92,5),(70,95,7),(71,40,9),(71,57,8),(71,64,1),(71,70,4),(71,86,2),(71,93,5),(71,95,7),(72,70,4),(72,79,8),(72,80,9),(72,92,5),(72,95,7),(73,13,5),(73,51,4),(73,62,3),(73,81,9),(73,85,1),(74,5,10),(74,10,4),(74,22,9),(74,28,2),(74,33,5),(74,51,10),(74,70,4),(74,99,7),(75,1,8),(75,4,10),(75,9,3),(75,54,2),(75,78,3),(75,84,10),(75,94,6),(75,96,6),(76,9,2),(76,24,9),(76,33,4),(76,46,1),(76,59,7),(76,67,1),(76,92,4),(76,94,7),(76,96,6),(77,8,1),(77,9,2),(77,31,3),(77,75,5),(78,8,1),(78,23,8),(78,37,5),(78,46,10),(78,78,6),(78,85,9),(79,28,9),(79,73,8),(79,79,6),(80,10,2),(80,20,6),(80,28,10),(80,35,4),(80,38,5),(80,43,8),(80,76,5),(81,1,7),(81,39,4),(81,67,10),(82,13,2),(82,27,9),(82,41,6),(82,61,6),(82,80,6),(82,87,9),(82,92,2),(83,22,6),(83,51,2),(83,75,3),(83,77,10),(84,24,7),(85,9,9),(85,57,4),(85,59,5),(85,64,7),(85,70,10),(85,94,2),(85,100,5),(86,48,9),(86,54,2),(86,93,1),(87,13,1),(87,41,5),(87,51,10),(87,77,2),(88,56,2),(88,63,9),(88,79,10),(88,99,3),(89,6,6),(89,32,10),(89,59,3),(89,73,10),(89,91,9),(90,3,5),(90,80,3),(90,91,9),(92,1,3),(92,17,1),(92,23,5),(92,28,7),(93,9,4),(93,14,9),(94,2,10),(94,19,2),(94,30,7),(94,56,10),(94,75,10),(94,93,9),(94,98,1),(95,41,2),(95,52,8),(95,70,4),(95,86,5),(96,27,6),(97,3,3),(97,9,7),(97,62,2),(97,89,6),(98,10,6),(98,27,3),(98,32,7),(98,85,3),(99,24,1),(99,55,8),(99,61,2),(99,63,6),(99,87,4),(99,98,9),(100,13,7),(100,21,1),(100,46,3),(100,77,9);
/*!40000 ALTER TABLE `rating` ENABLE KEYS */;
UNLOCK TABLES;

--
-- Table structure for table `reviews`
--

DROP TABLE IF EXISTS `reviews`;
/*!40101 SET @saved_cs_client     = @@character_set_client */;
/*!50503 SET character_set_client = utf8mb4 */;
CREATE TABLE `reviews` (
  `id` int unsigned NOT NULL AUTO_INCREMENT,
  `user_id` int unsigned NOT NULL,
  `movie_id` int unsigned NOT NULL,
  `head` varchar(255) CHARACTER SET utf8 COLLATE utf8_unicode_ci NOT NULL,
  `body` text CHARACTER SET utf8 COLLATE utf8_unicode_ci NOT NULL,
  `created_at` datetime DEFAULT CURRENT_TIMESTAMP,
  PRIMARY KEY (`id`),
  KEY `reviews_user_id_fk` (`user_id`),
  KEY `reviews_movie_id_created_at_idx` (`movie_id`,`created_at`),
  CONSTRAINT `reviews_movie_id_fk` FOREIGN KEY (`movie_id`) REFERENCES `movies` (`id`) ON DELETE CASCADE,
  CONSTRAINT `reviews_user_id_fk` FOREIGN KEY (`user_id`) REFERENCES `users` (`id`) ON DELETE CASCADE
) ENGINE=InnoDB AUTO_INCREMENT=301 DEFAULT CHARSET=utf8 COLLATE=utf8_unicode_ci;
/*!40101 SET character_set_client = @saved_cs_client */;

--
-- Dumping data for table `reviews`
--

LOCK TABLES `reviews` WRITE;
/*!40000 ALTER TABLE `reviews` DISABLE KEYS */;
INSERT INTO `reviews` VALUES (1,48,38,'voluptatem','Alice a little before she had found her head pressing against the door, and the reason and all sorts of things--I can\'t remember half of fright and half believed herself in a melancholy way, being.','2020-03-16 10:33:31'),(2,29,38,'rerum','Alice as it spoke (it was exactly the right way of escape, and wondering whether she could for sneezing. There was nothing on it were nine o\'clock in the kitchen that did not feel encouraged to ask.','2020-03-14 20:48:54'),(3,100,58,'laboriosam','Alice felt dreadfully puzzled. The Hatter\'s remark seemed to be lost, as she heard was a treacle-well.\' \'There\'s no such thing!\' Alice was just possible it had some kind of authority among them,.','2020-03-14 07:48:18'),(4,75,4,'vitae','So they sat down, and nobody spoke for some time with great curiosity. \'Soles and eels, of course,\' he said in a low, trembling voice. \'There\'s more evidence to come before that!\' \'Call the next.','2020-03-16 07:59:03'),(5,50,30,'et','However, everything is queer to-day.\' Just then her head to hide a smile: some of the crowd below, and there was nothing on it but tea. \'I don\'t think they play at all this time, and was going to.','2020-03-27 23:54:40'),(6,46,57,'omnis','I have ordered\'; and she jumped up in great fear lest she should chance to be ashamed of yourself for asking such a wretched height to be.\' \'It is wrong from beginning to see anything; then she.','2020-04-01 07:00:28'),(7,15,90,'vitae','Dormouse denied nothing, being fast asleep. \'After that,\' continued the Hatter, it woke up again as quickly as she spoke--fancy CURTSEYING as you\'re falling through the door, and knocked. \'There\'s.','2020-03-18 18:42:41'),(8,78,98,'voluptatem','So she called softly after it, and finding it very hard indeed to make herself useful, and looking anxiously about as it was too late to wish that! She went on at last, with a deep voice, \'are done.','2020-04-03 07:56:17'),(9,37,65,'ea','I THINK,\' said Alice. \'Oh, don\'t bother ME,\' said the Gryphon. \'They can\'t have anything to say, she simply bowed, and took the watch and looked along the passage into the garden at once; but, alas.','2020-04-01 14:57:40'),(10,83,82,'dignissimos','Dormouse went on, \'and most of \'em do.\' \'I don\'t like them raw.\' \'Well, be off, then!\' said the King; \'and don\'t look at the great concert given by the officers of the legs of the sort,\' said the.','2020-03-25 10:23:49'),(11,66,93,'atque','Has lasted the rest of the Lizard\'s slate-pencil, and the other side. The further off from England the nearer is to find herself still in sight, and no more to come, so she waited. The Gryphon sat.','2020-03-18 14:30:22'),(12,26,24,'omnis','Alice waited till she shook the house, and the March Hare. Alice was not an encouraging tone. Alice looked all round her once more, while the Mouse replied rather impatiently: \'any shrimp could have.','2020-03-30 00:44:41'),(13,75,92,'dolor','And welcome little fishes in With gently smiling jaws!\' \'I\'m sure those are not the same, shedding gallons of tears, but said nothing. \'When we were little,\' the Mock Turtle yawned and shut his.','2020-03-11 15:36:40'),(14,94,39,'reprehenderit','Alice. \'Nothing,\' said Alice. \'Come, let\'s hear some of them at last, and managed to swallow a morsel of the game, the Queen jumped up on to himself as he spoke, and then keep tight hold of its.','2020-03-29 11:13:33'),(15,92,64,'laudantium','Queen: so she went back for a little wider. \'Come, it\'s pleased so far,\' thought Alice, and she did not like to hear the Rabbit noticed Alice, as she swam about, trying to put everything upon Bill!.','2020-03-29 16:42:04'),(16,41,39,'omnis','Mock Turtle in the trial one way of escape, and wondering whether she ought not to lie down upon her: she gave a little bit, and said to one of them attempted to explain the paper. \'If there\'s no.','2020-03-25 09:14:01'),(17,1,70,'minima','Alice as he found it advisable--\"\' \'Found WHAT?\' said the Caterpillar. \'Well, perhaps you haven\'t found it so yet,\' said the Dormouse. \'Fourteenth of March, I think that very few things indeed were.','2020-03-27 03:28:12'),(18,77,100,'eveniet','I should like to go down--Here, Bill! the master says you\'re to go down the little golden key, and Alice\'s first thought was that you think you\'re changed, do you?\' \'I\'m afraid I can\'t see you?\' She.','2020-03-24 21:03:15'),(19,28,52,'non','So Alice got up in a languid, sleepy voice. \'Who are YOU?\' said the Mouse in the last time she had to leave off being arches to do with this creature when I learn music.\' \'Ah! that accounts for it,\'.','2020-04-01 06:15:56'),(20,3,77,'harum','Alice did not dare to laugh; and, as there was not otherwise than what it meant till now.\' \'If that\'s all you know the song, \'I\'d have said to the King, \'that only makes the matter with it. There.','2020-03-27 23:34:15'),(21,81,49,'aut','Majesty!\' the soldiers shouted in reply. \'Please come back with the strange creatures of her childhood: and how she was beginning to see if she had sat down again very sadly and quietly, and looked.','2020-04-01 10:27:45'),(22,34,96,'aut','Queen furiously, throwing an inkstand at the top with its legs hanging down, but generally, just as well. The twelve jurors were writing down \'stupid things!\' on their slates, when the White Rabbit,.','2020-03-19 13:00:20'),(23,38,11,'odit','Queen in front of them, and was just in time to see its meaning. \'And just as well. The twelve jurors were writing down \'stupid things!\' on their throne when they hit her; and when Alice had learnt.','2020-03-13 17:02:44'),(24,93,75,'quos','Alice. \'Well, I can\'t remember,\' said the Footman. \'That\'s the most important piece of rudeness was more than that, if you were never even introduced to a snail. \"There\'s a porpoise close behind us,.','2020-03-23 05:36:56'),(25,76,76,'dolore','Off--\' \'Nonsense!\' said Alice, in a tone of delight, and rushed at the March Hare. \'Sixteenth,\' added the Gryphon, \'she wants for to know your history, she do.\' \'I\'ll tell it her,\' said the King. \'I.','2020-03-16 08:20:46'),(26,56,42,'voluptas','Alice got up very sulkily and crossed over to the confused clamour of the bill, \"French, music, AND WASHING--extra.\"\' \'You couldn\'t have done just as the large birds complained that they were.','2020-03-25 08:17:19'),(27,68,82,'deserunt','Rabbit came up to Alice, and she felt a little shriek, and went down on the trumpet, and then dipped suddenly down, so suddenly that Alice had been looking at everything that Alice quite jumped; but.','2020-03-18 23:48:38'),(28,65,43,'magni','March Hare took the hookah out of his shrill little voice, the name again!\' \'I won\'t interrupt again. I dare say you\'re wondering why I don\'t know what \"it\" means well enough, when I breathe\"!\' \'It.','2020-04-01 05:35:32'),(29,73,59,'laboriosam','Caterpillar sternly. \'Explain yourself!\' \'I can\'t go no lower,\' said the Cat, as soon as it turned a corner, \'Oh my ears and whiskers, how late it\'s getting!\' She was moving them about as it was.','2020-03-21 11:56:03'),(30,81,65,'dicta','Mock Turtle angrily: \'really you are painting those roses?\' Five and Seven said nothing, but looked at it uneasily, shaking it every now and then; such as, \'Sure, I don\'t believe you do either!\' And.','2020-03-24 02:17:57'),(31,22,22,'dolorem','Lory hastily. \'I don\'t see how he can thoroughly enjoy The pepper when he sneezes; For he can thoroughly enjoy The pepper when he sneezes; For he can EVEN finish, if he would deny it too: but the.','2020-03-21 07:05:57'),(32,4,23,'consequuntur','What made you so awfully clever?\' \'I have answered three questions, and that is rather a handsome pig, I think.\' And she opened the door that led into the teapot. \'At any rate I\'ll never go THERE.','2020-03-23 12:00:09'),(33,91,80,'explicabo','Gryphon, sighing in his confusion he bit a large ring, with the tarts, you know--\' She had quite a conversation of it appeared. \'I don\'t think--\' \'Then you should say what you had been found and.','2020-03-18 22:07:15'),(34,23,19,'labore','YOU must cross-examine THIS witness.\' \'Well, if I can go back by railway,\' she said to herself, as she swam nearer to watch them, and he hurried off. Alice thought this must ever be A secret, kept.','2020-03-13 10:00:08'),(35,32,25,'ut','Classics master, though. He was an old conger-eel, that used to read fairy-tales, I fancied that kind of rule, \'and vinegar that makes the matter worse. You MUST have meant some mischief, or else.','2020-03-23 15:03:10'),(36,96,13,'officiis','I to do this, so that they could not help bursting out laughing: and when she noticed that one of the house down!\' said the King said to herself; \'I should have croqueted the Queen\'s ears--\' the.','2020-03-19 04:39:47'),(37,74,29,'quibusdam','Mock Turtle went on, without attending to her, still it was too dark to see its meaning. \'And just as the Caterpillar seemed to rise like a frog; and both footmen, Alice noticed, had powdered hair.','2020-03-14 09:33:42'),(38,8,12,'officiis','I\'ve seen that done,\' thought Alice. \'I\'m glad I\'ve seen that done,\' thought Alice. \'I\'ve read that in about half no time! Take your choice!\' The Duchess took her choice, and was in confusion,.','2020-03-27 17:13:28'),(39,40,1,'autem','March Hare went on. \'I do,\' Alice hastily replied; \'at least--at least I know all the arches are gone from this side of the Shark, But, when the tide rises and sharks are around, His voice has a.','2020-03-12 16:50:31'),(40,86,16,'saepe','But do cats eat bats?\' and sometimes, \'Do bats eat cats?\' for, you see, because some of YOUR business, Two!\' said Seven. \'Yes, it IS his business!\' said Five, \'and I\'ll tell you how the game was in.','2020-03-17 15:56:31'),(41,77,41,'ut','The miserable Hatter dropped his teacup and bread-and-butter, and then sat upon it.) \'I\'m glad they\'ve begun asking riddles.--I believe I can listen all day about it!\' Last came a rumbling of little.','2020-03-15 12:35:19'),(42,57,44,'maxime','I know?\' said Alice, a little before she gave a little girl or a watch to take MORE than nothing.\' \'Nobody asked YOUR opinion,\' said Alice. \'I\'ve so often read in the air: it puzzled her too much,.','2020-03-13 22:31:23'),(43,23,22,'fugiat','Paris, and Paris is the same side of the sense, and the Queen, who were all talking together: she made her draw back in a court of justice before, but she heard a little anxiously. \'Yes,\' said.','2020-03-12 10:15:16'),(44,87,95,'nostrum','The baby grunted again, and looking at everything about her, to pass away the time. Alice had been all the right house, because the chimneys were shaped like the look of the creature, but on the.','2020-04-02 15:06:27'),(45,80,67,'architecto','I wonder if I must, I must,\' the King very decidedly, and the little door: but, alas! the little door: but, alas! the little door, so she waited. The Gryphon lifted up both its paws in surprise..','2020-03-24 04:10:48'),(46,60,2,'autem','White Rabbit returning, splendidly dressed, with a little ledge of rock, and, as she had accidentally upset the milk-jug into his plate. Alice did not much surprised at her feet as the Lory hastily..','2020-04-02 06:58:56'),(47,89,63,'natus','Duchess said to itself \'The Duchess! The Duchess! Oh my dear Dinah! I wonder what CAN have happened to you? Tell us all about for it, she found that her flamingo was gone across to the table, half.','2020-03-11 05:46:37'),(48,24,80,'facilis','And the moral of that dark hall, and wander about among those beds of bright flowers and the fan, and skurried away into the jury-box, and saw that, in her haste, she had been anything near the.','2020-03-17 15:20:33'),(49,43,46,'qui','Alice, \'it would be four thousand miles down, I think--\' (she was rather glad there WAS no one listening, this time, as it is.\' \'Then you keep moving round, I suppose?\' \'Yes,\' said Alice, who was.','2020-03-19 18:47:14'),(50,98,74,'modi','She had already heard her sentence three of her or of anything else. CHAPTER V. Advice from a bottle marked \'poison,\' so Alice went on so long that they had any sense, they\'d take the roof of the.','2020-03-11 07:18:50'),(51,71,93,'qui','King: \'however, it may kiss my hand if it had been, it suddenly appeared again. \'By-the-bye, what became of the sort,\' said the Duchess. An invitation from the Gryphon, half to itself, half to.','2020-04-03 11:36:46'),(52,86,45,'voluptas','So she went on in a day did you manage on the floor: in another moment that it made no mark; but he now hastily began again, using the ink, that was sitting on a three-legged stool in the air. \'--as.','2020-03-31 19:31:40'),(53,22,94,'placeat','Mouse. \'Of course,\' the Gryphon hastily. \'Go on with the Gryphon. \'They can\'t have anything to put everything upon Bill! I wouldn\'t say anything about it, so she waited. The Gryphon lifted up both.','2020-03-20 22:12:18'),(54,56,61,'explicabo','I didn\'t!\' interrupted Alice. \'You must be,\' said the Queen, \'and take this child away with me,\' thought Alice, \'and if it wasn\'t trouble enough hatching the eggs,\' said the Duck: \'it\'s generally a.','2020-03-22 11:50:51'),(55,95,42,'sit','After a while, finding that nothing more happened, she decided to remain where she was surprised to find her in an angry voice--the Rabbit\'s--\'Pat! Pat! Where are you?\' And then a row of lamps.','2020-03-15 00:01:37'),(56,76,71,'sit','Queen. \'Can you play croquet?\' The soldiers were always getting up and down in a very curious to see what this bottle does. I do hope it\'ll make me giddy.\' And then, turning to the other, and.','2020-03-20 19:59:50'),(57,82,33,'voluptatum','I fancied that kind of serpent, that\'s all I can reach the key; and if I chose,\' the Duchess asked, with another hedgehog, which seemed to be found: all she could get to the other: the Duchess and.','2020-03-24 11:18:37'),(58,15,5,'quia','Canary called out as loud as she spoke. (The unfortunate little Bill had left off sneezing by this time?\' she said this, she noticed that they could not join the dance? Will you, won\'t you, will you.','2020-03-25 03:57:53'),(59,54,1,'quisquam','The first witness was the first verse,\' said the Hatter. \'You MUST remember,\' remarked the King, and he wasn\'t one?\' Alice asked. \'We called him Tortoise because he was going on, as she had someone.','2020-03-17 17:17:55'),(60,100,34,'nemo','Mock Turtle to the jury, in a coaxing tone, and added \'It isn\'t directed at all,\' said Alice: \'allow me to sell you a present of everything I\'ve said as yet.\' \'A cheap sort of chance of this, so she.','2020-03-26 10:00:14'),(61,68,59,'tenetur','Though they were all shaped like the name: however, it only grinned when it saw Alice. It looked good-natured, she thought: still it had a door leading right into a tree. By the time at the thought.','2020-03-20 05:31:43'),(62,35,56,'consequatur','I NEVER get any older than I am so VERY remarkable in that; nor did Alice think it would be QUITE as much right,\' said the Mock Turtle went on, \'\"--found it advisable to go on with the distant green.','2020-03-11 05:02:13'),(63,21,59,'suscipit','Alice remained looking thoughtfully at the bottom of a tree in the direction it pointed to, without trying to explain the paper. \'If there\'s no use in crying like that!\' said Alice indignantly. \'Ah!.','2020-04-01 16:00:15'),(64,35,63,'qui','Alice. \'Now we shall get on better.\' \'I\'d rather not,\' the Cat remarked. \'Don\'t be impertinent,\' said the Dodo, pointing to the game, the Queen in front of them, with her head to feel very sleepy.','2020-03-23 00:18:55'),(65,5,33,'qui','Gryphon, and the Queen\'s absence, and were quite dry again, the cook and the small ones choked and had just begun to think that there ought! And when I was going on rather better now,\' she added in.','2020-03-30 08:58:05'),(66,36,76,'dicta','Why, there\'s hardly room to open them again, and made another snatch in the pictures of him), while the Mock Turtle sighed deeply, and began, in a very pretty dance,\' said Alice to herself, for this.','2020-03-24 03:18:01'),(67,25,22,'porro','Gryphon. \'I mean, what makes them so often, you know.\' \'I DON\'T know,\' said the King. \'Shan\'t,\' said the Duchess, \'chop off her unfortunate guests to execution--once more the shriek of the creature,.','2020-03-18 21:00:06'),(68,20,47,'esse','I wish you were all shaped like ears and whiskers, how late it\'s getting!\' She was walking hand in her own children. \'How should I know?\' said Alice, \'I\'ve often seen them at dinn--\' she checked.','2020-03-11 06:30:48'),(69,15,76,'alias','And she went on, taking first one side and then raised himself upon tiptoe, put his shoes off. \'Give your evidence,\' the King added in a tone of great dismay, and began whistling. \'Oh, there\'s no.','2020-03-13 00:57:59'),(70,8,9,'recusandae','NOT be an advantage,\' said Alice, who felt ready to make the arches. The chief difficulty Alice found at first was moderate. But the insolence of his shrill little voice, the name of nearly.','2020-03-20 16:41:51'),(71,17,84,'eaque','CHAPTER II. The Pool of Tears \'Curiouser and curiouser!\' cried Alice (she was so much into the sky. Twinkle, twinkle--\"\' Here the Dormouse go on crying in this way! Stop this moment, I tell you!\'.','2020-03-29 15:59:35'),(72,79,99,'officiis','And she kept fanning herself all the unjust things--\' when his eye chanced to fall upon Alice, as the White Rabbit was no label this time she heard one of the bread-and-butter. Just at this.','2020-03-27 13:16:39'),(73,16,94,'magnam','Hatter was out of his head. But at any rate it would feel very uneasy: to be no use in crying like that!\' He got behind Alice as he spoke, and added \'It isn\'t mine,\' said the Hatter, who turned pale.','2020-03-14 01:48:52'),(74,3,69,'non','I don\'t take this young lady to see it trot away quietly into the teapot. \'At any rate it would be quite as much use in crying like that!\' By this time it vanished quite slowly, beginning with the.','2020-03-25 00:38:39'),(75,94,2,'omnis','The first thing I\'ve got to grow larger again, and went on at last, and they sat down with one finger pressed upon its forehead (the position in dancing.\' Alice said; \'there\'s a large dish of tarts.','2020-03-24 05:10:59'),(76,2,61,'corporis','English, who wanted leaders, and had just begun to dream that she never knew so much at this, she came up to the game, the Queen shrieked out. \'Behead that Dormouse! Turn that Dormouse out of sight:.','2020-03-11 07:23:16'),(77,60,37,'error','Turtle.\' These words were followed by a row of lamps hanging from the shock of being upset, and their curls got entangled together. Alice was rather doubtful whether she could not remember ever.','2020-03-21 04:47:43'),(78,17,81,'eum','Alice desperately: \'he\'s perfectly idiotic!\' And she tried to fancy to herself \'It\'s the first question, you know.\' \'Who is this?\' She said it to his ear. Alice considered a little pattering of feet.','2020-03-13 09:13:04'),(79,95,52,'culpa','Oh, how I wish you wouldn\'t have come here.\' Alice didn\'t think that will be much the same thing,\' said the Duchess, the Duchess! Oh! won\'t she be savage if I\'ve kept her waiting!\' Alice felt a very.','2020-03-16 15:06:28'),(80,43,99,'reprehenderit','Let me see: I\'ll give them a new idea to Alice, she went in without knocking, and hurried upstairs, in great disgust, and walked a little bottle on it, and on both sides at once. \'Give your.','2020-04-01 07:17:28'),(81,84,79,'enim','Alice, \'to speak to this last remark that had made her draw back in their mouths; and the bright eager eyes were looking up into the garden. Then she went in without knocking, and hurried off to the.','2020-03-28 22:32:12'),(82,75,9,'nemo','I shall see it quite plainly through the air! Do you think, at your age, it is you hate--C and D,\' she added aloud. \'Do you take me for his housemaid,\' she said to the door, and the reason so many.','2020-03-13 02:12:56'),(83,1,95,'unde','I shall have some fun now!\' thought Alice. \'I\'ve read that in about half no time! Take your choice!\' The Duchess took her choice, and was just beginning to feel a little glass box that was linked.','2020-03-15 22:52:23'),(84,55,15,'eos','So she stood watching them, and he hurried off. Alice thought over all the rest were quite silent, and looked anxiously round, to make SOME change in my kitchen AT ALL. Soup does very well as pigs,.','2020-03-29 19:07:25'),(85,70,63,'accusamus','Caterpillar. Alice said very politely, \'if I had it written down: but I hadn\'t begun my tea--not above a week or so--and what with the other queer noises, would change to tinkling sheep-bells, and.','2020-03-18 10:24:15'),(86,24,86,'voluptatem','I ever saw in my kitchen AT ALL. Soup does very well without--Maybe it\'s always pepper that makes them sour--and camomile that makes the matter worse. You MUST have meant some mischief, or else.','2020-03-16 02:03:18'),(87,46,3,'odio','Duchess, \'as pigs have to whisper a hint to Time, and round goes the clock in a twinkling! Half-past one, time for dinner!\' (\'I only wish people knew that: then they both cried. \'Wake up, Dormouse!\'.','2020-03-14 10:28:03'),(88,85,61,'voluptatem','Caterpillar. Alice thought to herself. \'I dare say you never had to kneel down on their throne when they hit her; and the words have got altered.\' \'It is wrong from beginning to end,\' said the.','2020-03-13 05:34:42'),(89,96,87,'numquam','Rabbit hastily interrupted. \'There\'s a great crowd assembled about them--all sorts of things, and she, oh! she knows such a thing. After a while, finding that nothing more to be listening, so she.','2020-03-12 03:53:37'),(90,30,90,'sint','Alice in a hurry that she was walking by the English, who wanted leaders, and had come back again, and the poor child, \'for I can\'t show it you myself,\' the Mock Turtle repeated thoughtfully. \'I.','2020-04-03 10:08:18'),(91,89,32,'optio','White Rabbit hurried by--the frightened Mouse splashed his way through the glass, and she walked on in a minute or two the Caterpillar seemed to follow, except a tiny golden key, and Alice\'s first.','2020-03-28 22:24:58'),(92,51,49,'a','WOULD not remember the simple rules their friends had taught them: such as, that a moment\'s pause. The only things in the long hall, and close to them, and he went on, \'you see, a dog growls when.','2020-03-30 17:04:14'),(93,68,67,'in','Cat, and vanished. Alice was a general chorus of voices asked. \'Why, SHE, of course,\' the Mock Turtle yawned and shut his eyes.--\'Tell her about the twentieth time that day. \'A likely story indeed!\'.','2020-04-01 01:30:36'),(94,29,62,'possimus','There was certainly not becoming. \'And that\'s the queerest thing about it.\' (The jury all wrote down all three to settle the question, and they can\'t prove I did: there\'s no meaning in it,\' said the.','2020-04-02 11:44:37'),(95,18,72,'voluptatem','I hadn\'t quite finished my tea when I get it home?\' when it had no reason to be said. At last the Caterpillar took the watch and looked at each other for some time in silence: at last she stretched.','2020-03-12 13:35:36'),(96,61,2,'adipisci','This seemed to Alice a little queer, won\'t you?\' \'Not a bit,\' said the Queen, but she felt very curious to see what this bottle does. I do hope it\'ll make me grow smaller, I can find out the.','2020-03-23 16:08:28'),(97,51,36,'neque','Duchess replied, in a deep voice, \'are done with a little girl,\' said Alice, who had spoken first. \'That\'s none of my own. I\'m a hatter.\' Here the other side of the doors of the song, she kept.','2020-03-21 23:19:50'),(98,11,51,'consectetur','And yet you incessantly stand on your head-- Do you think you could only see her. She is such a neck as that! No, no! You\'re a serpent; and there\'s no use denying it. I suppose you\'ll be telling me.','2020-03-28 03:38:02'),(99,30,65,'perspiciatis','Then it got down off the subjects on his slate with one finger; and the pair of white kid gloves: she took up the other, saying, in a great deal too far off to other parts of the Nile On every.','2020-03-16 03:35:00'),(100,66,99,'incidunt','Some of the baby, the shriek of the garden, where Alice could think of anything to put down yet, before the trial\'s over!\' thought Alice. \'I\'m glad I\'ve seen that done,\' thought Alice. \'I\'m glad.','2020-04-02 14:25:13'),(101,27,90,'debitis','I\'ve said as yet.\' \'A cheap sort of lullaby to it in less than no time she\'d have everybody executed, all round. \'But she must have got in as well,\' the Hatter continued, \'in this way:-- \"Up above.','2020-03-12 20:45:21'),(102,85,73,'aut','Dormouse fell asleep instantly, and neither of the way--\' \'THAT generally takes some time,\' interrupted the Gryphon. \'I\'ve forgotten the little creature down, and nobody spoke for some way, and then.','2020-03-24 19:55:28'),(103,92,70,'cum','The Footman seemed to be done, I wonder?\' As she said this, she noticed a curious feeling!\' said Alice; \'all I know I have none, Why, I do hope it\'ll make me smaller, I suppose.\' So she called.','2020-03-26 20:45:32'),(104,33,88,'repellat','Alice, \'and if it had lost something; and she told her sister, as well she might, what a long argument with the words \'DRINK ME,\' but nevertheless she uncorked it and put it in asking riddles that.','2020-03-25 03:25:35'),(105,56,63,'excepturi','Alice angrily. \'It wasn\'t very civil of you to death.\"\' \'You are old,\' said the cook. The King laid his hand upon her face. \'Wake up, Alice dear!\' said her sister; \'Why, what a Gryphon is, look at.','2020-04-03 10:15:40'),(106,78,45,'deserunt','I am very tired of swimming about here, O Mouse!\' (Alice thought this a good deal: this fireplace is narrow, to be true): If she should chance to be an advantage,\' said Alice, in a very little!.','2020-03-14 00:25:51'),(107,94,28,'reiciendis','Alice, feeling very curious to see the Hatter grumbled: \'you shouldn\'t have put it into his cup of tea, and looked at Alice, as she wandered about in the distance, sitting sad and lonely on a.','2020-03-28 02:46:33'),(108,93,61,'necessitatibus','Where CAN I have dropped them, I wonder?\' And here poor Alice in a sort of people live about here?\' \'In THAT direction,\' the Cat went on, \'\"--found it advisable to go through next walking about at.','2020-03-15 19:59:30'),(109,95,21,'accusantium','I\'ll stay down here with me! There are no mice in the window?\' \'Sure, it\'s an arm, yer honour!\' \'Digging for apples, indeed!\' said the King, rubbing his hands; \'so now let the jury--\' \'If any one.','2020-04-01 03:02:08'),(110,23,12,'nulla','There are no mice in the sand with wooden spades, then a voice outside, and stopped to listen. The Fish-Footman began by producing from under his arm a great hurry to get into the sea, \'and in that.','2020-03-30 10:36:31'),(111,93,84,'qui','Alice was silent. The King looked anxiously at the thought that she wanted to send the hedgehog to, and, as the March Hare,) \'--it was at the time he had never heard before, \'Sure then I\'m here!.','2020-03-21 03:20:28'),(112,14,43,'cumque','Mock Turtle in a melancholy air, and, after folding his arms and frowning at the end of trials, \"There was some attempts at applause, which was a different person then.\' \'Explain all that,\' he said.','2020-03-27 16:17:06'),(113,19,24,'architecto','Dormouse,\' the Queen left off, quite out of it, and fortunately was just in time to avoid shrinking away altogether. \'That WAS a curious dream!\' said Alice, quite forgetting her promise. \'Treacle,\'.','2020-03-16 06:48:26'),(114,94,49,'id','Duck and a large cauldron which seemed to be ashamed of yourself for asking such a noise inside, no one to listen to me! I\'LL soon make you grow taller, and the pair of boots every Christmas.\' And.','2020-03-11 16:35:11'),(115,89,59,'pariatur','Alice (she was so ordered about in the grass, merely remarking that a red-hot poker will burn you if you could draw treacle out of sight. Alice remained looking thoughtfully at the corners: next the.','2020-03-22 21:54:56'),(116,48,16,'omnis','Hatter: \'but you could draw treacle out of a muchness\"--did you ever eat a bat?\' when suddenly, thump! thump! down she came up to them she heard something like this:-- \'Fury said to herself; \'his.','2020-03-20 19:13:25'),(117,48,33,'hic','King. \'I can\'t remember half of them--and it belongs to the baby, the shriek of the other bit. Her chin was pressed hard against it, that attempt proved a failure. Alice heard it before,\' said.','2020-03-24 13:46:37'),(118,88,40,'aliquid','King said, for about the games now.\' CHAPTER X. The Lobster Quadrille is!\' \'No, indeed,\' said Alice. \'Exactly so,\' said Alice. \'I\'ve tried the roots of trees, and I\'ve tried banks, and I\'ve tried.','2020-03-25 18:37:05'),(119,2,21,'laudantium','Hatter: \'it\'s very easy to know what to say which), and they lived at the flowers and those cool fountains, but she added, to herself, \'I don\'t see,\' said the Mock Turtle, and to wonder what I say,\'.','2020-03-20 11:09:53'),(120,28,58,'ipsam','As she said to herself \'It\'s the thing yourself, some winter day, I will just explain to you never tasted an egg!\' \'I HAVE tasted eggs, certainly,\' said Alice, very earnestly. \'I\'ve had nothing.','2020-03-14 07:22:29'),(121,83,5,'sequi','Duchess took her choice, and was just possible it had come back in their mouths--and they\'re all over their shoulders, that all the rats and--oh dear!\' cried Alice hastily, afraid that it had a wink.','2020-03-23 10:47:06'),(122,2,76,'numquam','I\'ll go round and swam slowly back again, and made believe to worry it; then Alice put down the chimney!\' \'Oh! So Bill\'s got the other--Bill! fetch it here, lad!--Here, put \'em up at the time they.','2020-03-15 15:12:19'),(123,33,94,'et','Mock Turtle: \'why, if a fish came to ME, and told me you had been anxiously looking across the garden, called out in a mournful tone, \'he won\'t do a thing before, but she knew she had wept when she.','2020-03-21 03:04:35'),(124,37,27,'molestiae','Alice whispered to the Gryphon. \'Of course,\' the Dodo had paused as if he would not allow without knowing how old it was, even before she gave a little snappishly. \'You\'re enough to get her head to.','2020-03-24 01:10:17'),(125,15,59,'quis','King hastily said, and went in. The door led right into a line along the sea-shore--\' \'Two lines!\' cried the Mock Turtle persisted. \'How COULD he turn them out again. The Mock Turtle with a deep.','2020-03-22 04:01:57'),(126,38,8,'magni','Rabbit just under the window, she suddenly spread out her hand in hand with Dinah, and saying \"Come up again, dear!\" I shall think nothing of the lefthand bit. * * * * * * * * * * CHAPTER II. The.','2020-03-28 00:03:13'),(127,43,52,'ea','And she thought to herself, \'Which way? Which way?\', holding her hand in hand, in couples: they were lying on their slates, \'SHE doesn\'t believe there\'s an atom of meaning in it,\' but none of them.','2020-03-14 19:34:32'),(128,50,62,'corporis','Alice had learnt several things of this ointment--one shilling the box-- Allow me to him: She gave me a good many little girls in my life!\' Just as she could, for her to speak with. Alice waited.','2020-03-27 09:07:19'),(129,75,44,'veritatis','VII. A Mad Tea-Party There was certainly too much pepper in my own tears! That WILL be a footman in livery, with a deep voice, \'are done with a soldier on each side, and opened their eyes and mouths.','2020-04-02 18:17:19'),(130,10,64,'et','Alice, who was peeping anxiously into its mouth again, and we won\'t talk about her other little children, and everybody laughed, \'Let the jury had a door leading right into a conversation. Alice.','2020-03-27 23:28:55'),(131,2,57,'vero','After a while, finding that nothing more happened, she decided to remain where she was up to her that she was considering in her own ears for having missed their turns, and she hurried out of a.','2020-03-27 21:56:57'),(132,79,50,'maxime','I\'ll tell you my history, and you\'ll understand why it is to give the hedgehog had unrolled itself, and began to repeat it, when a sharp hiss made her look up in a court of justice before, but she.','2020-03-20 22:42:20'),(133,89,67,'eum','Alice. The poor little thing was waving its right ear and left off staring at the cook was leaning over the list, feeling very glad to get hold of its little eyes, but it is.\' \'Then you keep moving.','2020-04-03 07:05:07'),(134,90,90,'molestiae','And with that she was getting very sleepy; \'and they all spoke at once, she found this a good deal: this fireplace is narrow, to be otherwise than what it meant till now.\' \'If that\'s all I can.','2020-03-25 22:42:52'),(135,87,18,'molestias','However, at last in the other. \'I beg pardon, your Majesty,\' said Alice a good deal to ME,\' said the Cat, \'if you don\'t like it, yer honour, at all, at all!\' \'Do as I used--and I don\'t like it, yer.','2020-03-16 03:43:17'),(136,47,70,'ipsum','March Hare. \'Exactly so,\' said Alice. \'Did you say things are \"much of a well--\' \'What did they draw the treacle from?\' \'You can draw water out of its voice. \'Back to land again, and went down to.','2020-03-16 05:52:09'),(137,22,49,'voluptas','King say in a trembling voice to its feet, \'I move that the mouse doesn\'t get out.\" Only I don\'t like them raw.\' \'Well, be off, then!\' said the Cat. \'I don\'t know what to uglify is, you see, as well.','2020-03-22 01:35:11'),(138,45,54,'deleniti','I\'m sure she\'s the best plan.\' It sounded an excellent opportunity for making her escape; so she felt unhappy. \'It was a good deal to ME,\' said Alice to herself, \'in my going out altogether, like a.','2020-03-26 21:43:48'),(139,42,82,'quas','Alice, as she could have been changed in the middle. Alice kept her eyes to see some meaning in it,\' but none of YOUR adventures.\' \'I could tell you how the game was in such a wretched height to.','2020-04-02 15:17:44'),(140,80,57,'dolorum','I tell you, you coward!\' and at once in the night? Let me see: four times five is twelve, and four times five is twelve, and four times six is thirteen, and four times seven is--oh dear! I wish I.','2020-03-28 18:41:36'),(141,40,18,'dicta','I wonder?\' As she said to herself, and began whistling. \'Oh, there\'s no use in knocking,\' said the Mock Turtle. Alice was too small, but at the Lizard in head downwards, and the Queen said to.','2020-04-01 06:59:05'),(142,64,83,'natus','King: \'leave out that it might end, you know,\' the Mock Turtle. So she swallowed one of the fact. \'I keep them to sell,\' the Hatter were having tea at it: a Dormouse was sitting next to no toys to.','2020-03-16 10:14:55'),(143,70,14,'esse','Queen shouted at the March Hare was said to one of the door opened inwards, and Alice\'s first thought was that you weren\'t to talk to.\' \'How are you getting on?\' said Alice, feeling very curious.','2020-03-22 13:41:39'),(144,44,45,'blanditiis','Alice thought this a very interesting dance to watch,\' said Alice, as she said this, she came upon a time there were ten of them, with her head!\' Those whom she sentenced were taken into custody by.','2020-03-28 21:07:47'),(145,57,53,'aliquam','Jack-in-the-box, and up I goes like a tunnel for some time in silence: at last turned sulky, and would only say, \'I am older than I am in the same side of the court. (As that is enough,\' Said his.','2020-03-17 23:58:19'),(146,8,58,'voluptate','Caterpillar. Here was another long passage, and the fan, and skurried away into the garden door. Poor Alice! It was all about, and make one quite giddy.\' \'All right,\' said the Caterpillar; and it.','2020-03-16 15:52:31'),(147,10,86,'cupiditate','Tell her to wink with one finger, as he fumbled over the jury-box with the Mouse was swimming away from him, and said nothing. \'When we were little,\' the Mock Turtle, \'but if they do, why then.','2020-03-18 14:51:58'),(148,8,98,'qui','HIGH TO LEAVE THE COURT.\' Everybody looked at each other for some time in silence: at last she stretched her arms folded, quietly smoking a long breath, and till the Pigeon in a day did you begin?\'.','2020-04-01 10:06:36'),(149,53,97,'dolor','Alice noticed with some curiosity. \'What a curious dream, dear, certainly: but now run in to your tea; it\'s getting late.\' So Alice began to get in?\' \'There might be hungry, in which case it would.','2020-03-23 13:21:24'),(150,88,39,'hic','There was no use their putting their heads downward! The Antipathies, I think--\' (for, you see, so many tea-things are put out here?\' she asked. \'Yes, that\'s it,\' said the Duchess; \'and the moral of.','2020-04-02 19:51:31'),(151,14,35,'veritatis','Five. \'I heard the Rabbit coming to look over their slates; \'but it doesn\'t matter a bit,\' she thought it over a little bit, and said \'That\'s very curious!\' she thought. \'But everything\'s curious.','2020-03-15 18:37:41'),(152,8,36,'quod','WHAT? The other guests had taken advantage of the singers in the other. In the very tones of her sister, who was a table in the newspapers, at the moment, \'My dear! I wish you wouldn\'t have come.','2020-03-14 16:58:09'),(153,83,53,'sapiente','His voice has a timid voice at her own mind (as well as she swam nearer to make it stop. \'Well, I\'d hardly finished the goose, with the Gryphon. \'I\'ve forgotten the Duchess was sitting between them,.','2020-03-15 12:22:01'),(154,90,24,'atque','She did it so yet,\' said the Hatter, and, just as well. The twelve jurors were writing down \'stupid things!\' on their slates, and she trembled till she had not long to doubt, for the end of the.','2020-03-22 18:19:55'),(155,34,70,'veniam','I suppose you\'ll be telling me next that you weren\'t to talk about wasting IT. It\'s HIM.\' \'I don\'t quite understand you,\' she said, \'for her hair goes in such a dreadful time.\' So Alice began to get.','2020-04-01 13:57:53'),(156,81,74,'laboriosam','Dormouse is asleep again,\' said the Hatter and the second verse of the water, and seemed to quiver all over their slates; \'but it doesn\'t matter much,\' thought Alice, and looking at the thought that.','2020-03-11 22:13:57'),(157,87,44,'ipsa','I\'ll tell you what year it is?\' \'Of course not,\' said the Mock Turtle in the direction in which the March Hare, who had got burnt, and eaten up by wild beasts and other unpleasant things, all.','2020-03-23 04:40:24'),(158,56,57,'ad','I wonder if I would talk on such a long hookah, and taking not the right word) \'--but I shall have to turn round on its axis--\' \'Talking of axes,\' said the Gryphon. \'Then, you know,\' the Mock Turtle.','2020-03-21 12:04:28'),(159,57,99,'asperiores','Alice had no reason to be ashamed of yourself for asking such a curious plan!\' exclaimed Alice. \'That\'s the first position in which you usually see Shakespeare, in the last few minutes to see that.','2020-03-27 05:45:28'),(160,1,14,'odit','THEIR eyes bright and eager with many a strange tale, perhaps even with the time,\' she said to the end: then stop.\' These were the two creatures, who had meanwhile been examining the roses. \'Off.','2020-03-12 23:58:15'),(161,52,8,'similique','Alice said; but was dreadfully puzzled by the officers of the bottle was NOT marked \'poison,\' it is I hate cats and dogs.\' It was high time you were me?\' \'Well, perhaps your feelings may be ONE.\'.','2020-03-20 13:59:10'),(162,72,61,'ut','I\'ve fallen by this time?\' she said to herself, and nibbled a little recovered from the trees had a vague sort of circle, (\'the exact shape doesn\'t matter,\' it said,) and then all the while, till at.','2020-03-29 05:25:22'),(163,94,79,'commodi','Seaography: then Drawling--the Drawling-master was an uncomfortably sharp chin. However, she soon found an opportunity of saying to herself, and nibbled a little before she came in sight of the.','2020-03-25 16:33:37'),(164,59,46,'aut','Latin Grammar, \'A mouse--of a mouse--to a mouse--a mouse--O mouse!\') The Mouse looked at Alice, as the whole she thought to herself. Imagine her surprise, when the White Rabbit, with a melancholy.','2020-03-30 01:56:19'),(165,76,46,'porro','Rabbit\'s voice along--\'Catch him, you by the way, was the Rabbit whispered in a piteous tone. And the moral of THAT is--\"Take care of themselves.\"\' \'How fond she is only a mouse that had a wink of.','2020-03-14 15:25:02'),(166,85,90,'atque','Tortoise because he was obliged to have been was not a mile high,\' said Alice. \'Why, SHE,\' said the Duck. \'Found IT,\' the Mouse with an M--\' \'Why with an anxious look at the other, and making quite.','2020-03-20 06:40:31'),(167,80,93,'necessitatibus','So she swallowed one of the reeds--the rattling teacups would change to tinkling sheep-bells, and the whole thing, and she grew no larger: still it had some kind of serpent, that\'s all I can listen.','2020-03-22 18:31:48'),(168,25,62,'sunt','Just then she remembered the number of cucumber-frames there must be!\' thought Alice. \'I\'m glad they\'ve begun asking riddles.--I believe I can say.\' This was such a nice little dog near our house I.','2020-03-18 08:01:45'),(169,45,15,'sequi','The other side will make you a present of everything I\'ve said as yet.\' \'A cheap sort of present!\' thought Alice. \'I\'ve so often read in the distance, sitting sad and lonely on a summer day: The.','2020-03-12 15:57:40'),(170,86,79,'amet','Alice, and she felt sure she would feel with all their simple sorrows, and find a number of executions the Queen furiously, throwing an inkstand at the mushroom for a great hurry to get dry very.','2020-03-21 15:07:23'),(171,84,66,'molestias','Alice said; \'there\'s a large crowd collected round it: there were no tears. \'If you\'re going to leave it behind?\' She said this she looked down at her feet, they seemed to be told so. \'It\'s really.','2020-03-11 11:08:15'),(172,52,71,'ipsum','I should be free of them say, \'Look out now, Five! Don\'t go splashing paint over me like a serpent. She had not attended to this mouse? Everything is so out-of-the-way down here, that I should think.','2020-03-29 17:43:23'),(173,10,8,'voluptas','Five and Seven said nothing, but looked at Alice, and she said to herself, \'it would have this cat removed!\' The Queen turned angrily away from her as she could do to ask: perhaps I shall have to.','2020-03-31 14:36:30'),(174,27,67,'similique','King replied. Here the Queen said severely \'Who is this?\' She said the King, \'or I\'ll have you executed.\' The miserable Hatter dropped his teacup instead of the trees behind him. \'--or next day,.','2020-04-03 03:16:38'),(175,7,27,'sed','Queen, and in another moment down went Alice after it, and then hurried on, Alice started to her to wink with one eye; but to get out again. That\'s all.\' \'Thank you,\' said the Queen, \'and he shall.','2020-03-17 03:57:59'),(176,80,58,'ut','Mock Turtle Soup is made from,\' said the Cat. \'Do you mean that you weren\'t to talk nonsense. The Queen\'s Croquet-Ground A large rose-tree stood near the door began sneezing all at once. \'Give your.','2020-03-20 17:24:18'),(177,35,51,'beatae','Alice\'s shoulder, and it put the Dormouse denied nothing, being fast asleep. \'After that,\' continued the Gryphon. \'How the creatures argue. It\'s enough to get in?\' she repeated, aloud. \'I shall be.','2020-03-17 10:31:53'),(178,18,28,'dignissimos','Alice, and she at once without waiting for the pool a little more conversation with her head pressing against the ceiling, and had just begun to think about stopping herself before she made out that.','2020-03-14 07:50:49'),(179,30,76,'sit','I THINK,\' said Alice. \'Why, you don\'t know where Dinn may be,\' said the Caterpillar angrily, rearing itself upright as it happens; and if it thought that she knew that were of the soldiers remaining.','2020-04-01 15:02:44'),(180,74,5,'cumque','France-- Then turn not pale, beloved snail, but come and join the dance?\"\' \'Thank you, sir, for your interesting story,\' but she saw them, they set to partners--\' \'--change lobsters, and retire in.','2020-03-13 11:05:31'),(181,22,58,'saepe','Gryphon whispered in a great hurry; \'and their names were Elsie, Lacie, and Tillie; and they went on again: \'Twenty-four hours, I THINK; or is it twelve? I--\' \'Oh, don\'t talk about wasting IT. It\'s.','2020-03-30 17:43:42'),(182,94,1,'vel','Pinch him! Off with his head!\"\' \'How dreadfully savage!\' exclaimed Alice. \'And be quick about it,\' added the Dormouse, not choosing to notice this question, but hurriedly went on, turning to Alice.','2020-03-30 14:46:15'),(183,50,19,'nemo','White Rabbit; \'in fact, there\'s nothing written on the top of it. She stretched herself up on tiptoe, and peeped over the wig, (look at the stick, running a very difficult question. However, at last.','2020-03-26 04:04:28'),(184,62,95,'doloremque','Exactly as we needn\'t try to find that the hedgehog a blow with its mouth and yawned once or twice she had peeped into the garden. Then she went on, \'you see, a dog growls when it\'s angry, and wags.','2020-03-28 07:27:53'),(185,34,48,'quam','Alas! it was a real nose; also its eyes by this time?\' she said to herself, as well say,\' added the Hatter, who turned pale and fidgeted. \'Give your evidence,\' the King said, with a great interest.','2020-03-28 08:30:21'),(186,73,17,'iusto','This seemed to be treated with respect. \'Cheshire Puss,\' she began, in a louder tone. \'ARE you to get into her head. \'If I eat or drink anything; so I\'ll just see what was coming. It was so full of.','2020-03-22 03:32:25'),(187,14,25,'veniam','I wish you wouldn\'t keep appearing and vanishing so suddenly: you make one quite giddy.\' \'All right,\' said the Duchess: \'what a clear way you can;--but I must go back by railway,\' she said these.','2020-03-14 23:35:21'),(188,88,23,'alias','Queen, \'and he shall tell you more than three.\' \'Your hair wants cutting,\' said the Duchess, digging her sharp little chin. \'I\'ve a right to think,\' said Alice indignantly, and she was quite silent.','2020-03-21 18:43:48'),(189,32,14,'commodi','Alice, \'or perhaps they won\'t walk the way I want to be?\' it asked. \'Oh, I\'m not looking for the Duchess to play croquet with the tea,\' the March Hare. \'I didn\'t know that cats COULD grin.\' \'They.','2020-03-29 06:17:16'),(190,90,38,'et','When the Mouse to tell its age, there was room for this, and Alice could bear: she got back to the Caterpillar, and the second time round, she came suddenly upon an open place, with a round face,.','2020-03-22 06:39:12'),(191,41,69,'nam','They all returned from him to be true): If she should meet the real Mary Ann, and be turned out of the shepherd boy--and the sneeze of the guinea-pigs cheered, and was in a tone of great dismay, and.','2020-03-12 21:48:31'),(192,95,75,'facilis','Mouse was swimming away from her as she could not think of any good reason, and as for the pool as it happens; and if I only wish they COULD! I\'m sure she\'s the best way to change the subject. \'Ten.','2020-03-11 00:29:17'),(193,20,13,'quam','Alice indignantly. \'Let me alone!\' \'Serpent, I say again!\' repeated the Pigeon, but in a moment: she looked down into its eyes again, to see if there were TWO little shrieks, and more faintly came,.','2020-03-29 16:25:10'),(194,2,49,'est','Alice did not sneeze, were the verses the White Rabbit interrupted: \'UNimportant, your Majesty means, of course,\' he said to herself. (Alice had no idea how to speak first, \'why your cat grins like.','2020-04-01 16:02:19'),(195,89,76,'ut','I can reach the key; and if I shall see it again, but it is.\' \'I quite agree with you,\' said the Hatter. This piece of rudeness was more than nine feet high, and her face like the look of the Nile.','2020-03-15 14:20:23'),(196,54,10,'debitis','Mock Turtle to sing you a song?\' \'Oh, a song, please, if the Queen jumped up on to himself in an encouraging tone. Alice looked down at her rather inquisitively, and seemed to be sure, she had asked.','2020-03-17 06:59:18'),(197,33,48,'sunt','HAVE my shoulders got to? And oh, my poor little thing sobbed again (or grunted, it was done. They had not long to doubt, for the garden!\' and she could remember them, all these changes are! I\'m.','2020-03-28 23:19:38'),(198,11,82,'iusto','This did not sneeze, were the cook, to see it trot away quietly into the garden door. Poor Alice! It was all about, and make out who was reading the list of singers. \'You may not have lived much.','2020-04-03 07:04:33'),(199,67,73,'est','When the sands are all dry, he is gay as a boon, Was kindly permitted to pocket the spoon: While the Owl had the best way you go,\' said the Duchess: \'and the moral of that is--\"Birds of a tree. \'Did.','2020-03-25 20:48:09'),(200,77,100,'tempora','However, she got to grow up any more if you\'d rather not.\' \'We indeed!\' cried the Mouse, who was a different person then.\' \'Explain all that,\' said the Hatter, \'you wouldn\'t talk about her any more.','2020-03-15 18:11:24'),(201,20,49,'sint','I suppose.\' So she began again. \'I should like to see if he were trying which word sounded best. Some of the court, arm-in-arm with the tarts, you know--\' (pointing with his head!\' or \'Off with his.','2020-03-14 11:56:54'),(202,16,33,'voluptas','Alice, \'to speak to this last remark, \'it\'s a vegetable. It doesn\'t look like one, but it is.\' \'I quite forgot you didn\'t like cats.\' \'Not like cats!\' cried the Gryphon, before Alice could speak.','2020-03-14 12:34:34'),(203,73,3,'quisquam','Alice, who had followed him into the wood. \'It\'s the oldest rule in the kitchen that did not quite know what to do with this creature when I was going a journey, I should have liked teaching it.','2020-03-18 10:26:28'),(204,56,4,'debitis','Alice,) and round Alice, every now and then, \'we went to the little dears came jumping merrily along hand in hand, in couples: they were nice grand words to say.) Presently she began looking at.','2020-03-13 21:52:56'),(205,17,45,'molestias','Queen turned crimson with fury, and, after waiting till she shook the house, and wondering whether she could not stand, and she crossed her hands up to her ear, and whispered \'She\'s under sentence.','2020-03-27 13:29:33'),(206,42,57,'placeat','As she said to Alice. \'Nothing,\' said Alice. \'Did you say pig, or fig?\' said the Mouse, who seemed to Alice for protection. \'You shan\'t be beheaded!\' \'What for?\' said the Rabbit say, \'A barrowful of.','2020-03-13 09:13:18'),(207,14,36,'recusandae','Edwin and Morcar, the earls of Mercia and Northumbria--\"\' \'Ugh!\' said the King. \'When did you manage on the Duchess\'s knee, while plates and dishes crashed around it--once more the shriek of the.','2020-03-21 13:02:08'),(208,32,33,'aliquam','THAT\'S a good opportunity for making her escape; so she began shrinking directly. As soon as she heard a little scream, half of them--and it belongs to the Queen. \'You make me larger, it must be.','2020-04-01 20:55:06'),(209,49,33,'ab','But the snail replied \"Too far, too far!\" and gave a little irritated at the mushroom for a rabbit! I suppose Dinah\'ll be sending me on messages next!\' And she began very cautiously: \'But I don\'t.','2020-03-17 00:53:22'),(210,82,38,'in','COULD grin.\' \'They all can,\' said the Duchess; \'I never heard of such a puzzled expression that she was out of a good deal on where you want to stay with it as to the Dormouse, without considering.','2020-03-23 21:05:51'),(211,9,36,'sunt','The Hatter looked at the number of cucumber-frames there must be!\' thought Alice. \'I don\'t know what a Gryphon is, look at the time it vanished quite slowly, beginning with the bread-and-butter.','2020-04-02 14:13:26'),(212,47,41,'qui','Alice, seriously, \'I\'ll have nothing more to be seen--everything seemed to quiver all over with William the Conqueror.\' (For, with all her riper years, the simple rules their friends had taught.','2020-03-13 15:13:55'),(213,83,58,'rerum','She generally gave herself very good advice, (though she very soon finished it off. * * * * * * * * * * * * * * * * * * * * * * * * * * * * * * * * \'Come, my head\'s free at last!\' said Alice.','2020-03-28 16:53:38'),(214,23,50,'consequatur','I suppose, by being drowned in my size; and as for the moment he was going off into a sort of a feather flock together.\"\' \'Only mustard isn\'t a bird,\' Alice remarked. \'Oh, you can\'t be Mabel, for I.','2020-03-19 22:10:44'),(215,30,99,'laudantium','She went on all the rest waited in silence. Alice was not an encouraging opening for a rabbit! I suppose I ought to eat some of the court. (As that is enough,\' Said his father; \'don\'t give yourself.','2020-03-26 19:37:02'),(216,49,49,'eum','Queen. \'It proves nothing of tumbling down stairs! How brave they\'ll all think me at all.\' \'In that case,\' said the Hatter, \'I cut some more tea,\' the Hatter began, in a hot tureen! Who for such a.','2020-03-15 14:57:18'),(217,47,65,'non','HE taught us Drawling, Stretching, and Fainting in Coils.\' \'What was that?\' inquired Alice. \'Reeling and Writhing, of course, to begin at HIS time of life. The King\'s argument was, that she did not.','2020-03-10 23:19:43'),(218,82,20,'architecto','Mock Turtle, and said nothing. \'When we were little,\' the Mock Turtle persisted. \'How COULD he turn them out of the evening, beautiful Soup! \'Beautiful Soup! Who cares for you?\' said Alice, feeling.','2020-03-21 07:10:57'),(219,68,37,'sed','March Hare. \'I didn\'t know it was written to nobody, which isn\'t usual, you know.\' Alice had got its head impatiently, and said, very gravely, \'I think, you ought to be no sort of way, \'Do cats eat.','2020-03-14 21:19:57'),(220,24,84,'culpa','Duchess. \'Everything\'s got a moral, if only you can find them.\' As she said this, she came suddenly upon an open place, with a sigh. \'I only took the opportunity of taking it away. She did not.','2020-03-23 20:31:13'),(221,81,65,'dolores','Stretching, and Fainting in Coils.\' \'What was that?\' inquired Alice. \'Reeling and Writhing, of course, Alice could see it pop down a jar from one foot up the other, saying, in a hurry: a large crowd.','2020-03-15 22:00:32'),(222,41,94,'eligendi','I should like to see if she had succeeded in curving it down into its nest. Alice crouched down among the people near the right way of settling all difficulties, great or small. \'Off with his head!\'.','2020-03-21 07:53:19'),(223,1,72,'impedit','White Rabbit hurried by--the frightened Mouse splashed his way through the doorway; \'and even if my head would go through,\' thought poor Alice, \'when one wasn\'t always growing larger and smaller,.','2020-03-24 04:49:17'),(224,27,49,'occaecati','I fancied that kind of serpent, that\'s all the first verse,\' said the Hatter: \'let\'s all move one place on.\' He moved on as he fumbled over the wig, (look at the bottom of the cakes, and was going.','2020-03-22 07:50:48'),(225,5,9,'fuga','I\'ll come up: if not, I\'ll stay down here with me! There are no mice in the act of crawling away: besides all this, there was no use their putting their heads downward! The Antipathies, I think--\'.','2020-03-28 08:10:25'),(226,86,13,'omnis','I needn\'t be so kind,\' Alice replied, so eagerly that the hedgehog a blow with its eyelids, so he did,\' said the Hatter, it woke up again with a whiting. Now you know.\' He was an old Crab took the.','2020-03-16 00:44:02'),(227,44,33,'amet','And certainly there was a large cauldron which seemed to be a letter, written by the hedge!\' then silence, and then she had but to open them again, and Alice thought she might as well to introduce.','2020-04-01 10:33:11'),(228,53,27,'voluptatem','So she went on, \'and most things twinkled after that--only the March Hare moved into the garden door. Poor Alice! It was the Duchess\'s voice died away, even in the window, and on it except a little.','2020-03-31 09:58:10'),(229,90,76,'repudiandae','The Mouse did not much like keeping so close to the Caterpillar, just as she passed; it was perfectly round, she found this a good opportunity for repeating his remark, with variations. \'I shall be.','2020-03-25 01:35:32'),(230,76,20,'corrupti','Dormouse, who seemed to Alice an excellent opportunity for repeating his remark, with variations. \'I shall do nothing of the room. The cook threw a frying-pan after her as hard as she ran; but the.','2020-03-20 09:27:32'),(231,74,24,'nisi','Once more she found herself at last in the pool, and the whole party look so grave and anxious.) Alice could think of nothing better to say which), and they repeated their arguments to her, \'if we.','2020-03-16 01:55:21'),(232,68,21,'animi','I had it written up somewhere.\' Down, down, down. Would the fall was over. Alice was rather glad there WAS no one to listen to her, And mentioned me to sell you a song?\' \'Oh, a song, please, if the.','2020-04-01 12:38:26'),(233,89,49,'quasi','When the pie was all ridges and furrows; the balls were live hedgehogs, the mallets live flamingoes, and the poor little thing grunted in reply (it had left off when they liked, and left foot, so as.','2020-03-31 16:50:27'),(234,40,56,'perferendis','So she began thinking over all the unjust things--\' when his eye chanced to fall upon Alice, as she did not seem to dry me at all.\' \'In that case,\' said the Queen, \'and take this child away with.','2020-03-26 05:41:14'),(235,86,63,'ipsa','Alice whispered, \'that it\'s done by everybody minding their own business,\' the Duchess said in a moment: she looked down at her with large eyes full of soup. \'There\'s certainly too much overcome to.','2020-03-25 09:19:10'),(236,39,66,'nostrum','But the insolence of his great wig.\' The judge, by the White Rabbit with pink eyes ran close by her. There was a child,\' said the Dormouse, not choosing to notice this question, but hurriedly went.','2020-03-13 12:56:24'),(237,27,80,'soluta','The Mouse gave a little way forwards each time and a crash of broken glass, from which she concluded that it ought to be executed for having missed their turns, and she swam nearer to watch them,.','2020-03-28 20:08:48'),(238,60,27,'rerum','Alice)--\'and perhaps you haven\'t found it very hard indeed to make ONE respectable person!\' Soon her eye fell on a three-legged stool in the act of crawling away: besides all this, there was.','2020-03-20 21:19:05'),(239,51,87,'expedita','Bill,\' thought Alice,) \'Well, I should like to have wondered at this, but at the door-- Pray, what is the same as they would call after her: the last word with such a puzzled expression that she had.','2020-03-31 05:33:22'),(240,76,55,'illo','Will you, won\'t you join the dance?\"\' \'Thank you, it\'s a set of verses.\' \'Are they in the sea, \'and in that poky little house, and the executioner myself,\' said the Caterpillar. \'I\'m afraid I am,.','2020-03-10 19:13:55'),(241,95,62,'unde','Alice opened the door of the cattle in the chimney close above her: then, saying to herself \'It\'s the oldest rule in the sea, though you mayn\'t believe it--\' \'I never heard of such a very little!.','2020-03-21 14:53:45'),(242,68,39,'quam','Hatter: \'I\'m on the breeze that followed them, the melancholy words:-- \'Soo--oop of the shelves as she said to herself, as usual. \'Come, there\'s half my plan done now! How puzzling all these changes.','2020-03-17 00:11:20'),(243,95,20,'voluptatem','For the Mouse had changed his mind, and was just beginning to see if she were looking over their shoulders, that all the jurymen on to her in such confusion that she had been looking over his.','2020-04-02 11:39:44'),(244,66,84,'corporis','Alice ventured to taste it, and finding it very hard indeed to make out what it meant till now.\' \'If that\'s all the players, except the Lizard, who seemed too much frightened that she was not.','2020-04-02 17:08:57'),(245,95,41,'blanditiis','Queen said to herself \'That\'s quite enough--I hope I shan\'t go, at any rate I\'ll never go THERE again!\' said Alice to find it out, we should all have our heads cut off, you know. Please, Ma\'am, is.','2020-04-02 10:09:52'),(246,4,69,'maxime','I\'m a deal faster than it does.\' \'Which would NOT be an old conger-eel, that used to it in with a growl, And concluded the banquet--] \'What IS the same tone, exactly as if he wasn\'t going to leave.','2020-03-31 06:46:46'),(247,65,72,'tenetur','Alice; \'you needn\'t be so easily offended, you know!\' The Mouse did not like to hear the words:-- \'I speak severely to my right size: the next witness would be QUITE as much right,\' said the King..','2020-03-21 10:48:34'),(248,89,53,'asperiores','The three soldiers wandered about for them, but they were playing the Queen furiously, throwing an inkstand at the sudden change, but very politely: \'Did you say it.\' \'That\'s nothing to do: once or.','2020-03-26 17:06:51'),(249,21,29,'accusamus','Pigeon; \'but if they do, why then they\'re a kind of rule, \'and vinegar that makes them sour--and camomile that makes you forget to talk. I can\'t get out of the busy farm-yard--while the lowing of.','2020-04-03 12:32:50'),(250,9,6,'quaerat','Alice began to feel very sleepy and stupid), whether the pleasure of making a daisy-chain would be offended again. \'Mine is a long way back, and see that she began looking at Alice as it went, as if.','2020-04-02 18:47:54'),(251,91,47,'ad','YOU must cross-examine the next witness. It quite makes my forehead ache!\' Alice watched the White Rabbit, trotting slowly back again, and Alice rather unwillingly took the least notice of her.','2020-03-30 15:45:21'),(252,71,18,'atque','I WAS when I sleep\" is the same as they all moved off, and Alice was so small as this is May it won\'t be raving mad--at least not so mad as it went. So she was quite pleased to find that the best.','2020-03-17 05:47:19'),(253,26,31,'earum','ONE with such a hurry that she was ever to get an opportunity of adding, \'You\'re looking for eggs, I know I have to fly; and the beak-- Pray how did you manage to do so. \'Shall we try another figure.','2020-03-31 13:04:50'),(254,45,77,'neque','Duchess; \'and that\'s a fact.\' Alice did not much larger than a real nose; also its eyes were getting extremely small for a minute or two, they began running when they liked, and left off when they.','2020-03-23 07:26:33'),(255,17,20,'quo','I\'m mad?\' said Alice. \'Call it what you mean,\' said Alice. \'Why, you don\'t even know what \"it\" means well enough, when I was sent for.\' \'You ought to go from here?\' \'That depends a good deal: this.','2020-03-11 05:22:32'),(256,32,12,'aliquid','HE taught us Drawling, Stretching, and Fainting in Coils.\' \'What was that?\' inquired Alice. \'Reeling and Writhing, of course, Alice could think of what work it would be QUITE as much as she wandered.','2020-03-23 11:57:19'),(257,82,99,'ea','I should think very likely true.) Down, down, down. There was no one else seemed inclined to say but \'It belongs to the Gryphon. \'Well, I should be like then?\' And she began very cautiously: \'But I.','2020-03-25 03:03:17'),(258,50,76,'ut','And she kept tossing the baby with some curiosity. \'What a funny watch!\' she remarked. \'It tells the day and night! You see the Hatter began, in a sulky tone, as it can be,\' said the Hatter. He came.','2020-03-20 10:48:46'),(259,19,15,'eaque','The Frog-Footman repeated, in the kitchen. \'When I\'M a Duchess,\' she said to herself; \'the March Hare had just upset the week before. \'Oh, I beg your acceptance of this rope--Will the roof.','2020-03-16 04:18:18'),(260,60,13,'ut','Caterpillar, just as I\'d taken the highest tree in front of the treat. When the procession came opposite to Alice, she went on without attending to her; \'but those serpents! There\'s no pleasing.','2020-04-01 20:29:29'),(261,56,63,'eos','Just then she heard one of the goldfish kept running in her life, and had been looking over his shoulder as she stood looking at them with one finger for the fan and gloves--that is, if I like being.','2020-04-02 00:56:49'),(262,82,20,'voluptates','Alice quite hungry to look down and saying to herself, \'Why, they\'re only a pack of cards, after all. I needn\'t be so stingy about it, and finding it very hard indeed to make out exactly what they.','2020-03-31 22:39:57'),(263,34,70,'sequi','White Rabbit cried out, \'Silence in the sun. (IF you don\'t even know what to say anything. \'Why,\' said the Queen, tossing her head to keep herself from being broken. She hastily put down her anger.','2020-03-25 21:53:37'),(264,73,54,'illum','I\'ve got back to my boy, I beat him when he finds out who I am! But I\'d better take him his fan and gloves--that is, if I fell off the cake. * * * * * * * * * * \'What a curious feeling!\' said Alice;.','2020-03-23 00:52:33'),(265,99,81,'dolor','He looked anxiously over his shoulder as she could not even get her head on her lap as if she were saying lessons, and began smoking again. This time Alice waited a little, and then they both sat.','2020-03-26 18:06:14'),(266,59,90,'aut','YOUR table,\' said Alice; \'it\'s laid for a little hot tea upon its nose. The Dormouse had closed its eyes by this time, and was going to do anything but sit with its head, it WOULD twist itself round.','2020-03-29 23:17:47'),(267,28,30,'voluptate','The Lobster Quadrille is!\' \'No, indeed,\' said Alice. \'Exactly so,\' said the Dormouse. \'Fourteenth of March, I think you\'d better leave off,\' said the Dodo had paused as if he would deny it too: but.','2020-03-10 21:34:31'),(268,7,54,'rerum','Alice, and tried to curtsey as she could. \'No,\' said the Caterpillar, just as I was going a journey, I should understand that better,\' Alice said with some surprise that the best thing to get very.','2020-03-25 21:23:35'),(269,61,52,'tempora','Tell her to begin.\' He looked anxiously over his shoulder with some severity; \'it\'s very easy to take the hint; but the Rabbit came near her, about the right way of expecting nothing but the Mouse.','2020-03-14 01:38:39'),(270,31,77,'quis','I BEG your pardon!\' cried Alice hastily, afraid that she had this fit) An obstacle that came between Him, and ourselves, and it. Don\'t let him know she liked them best, For this must ever be A.','2020-03-29 23:26:49'),(271,72,62,'autem','Duchess said after a few minutes it puffed away without speaking, but at any rate, there\'s no meaning in it, \'and what is the driest thing I ever was at the top with its tongue hanging out of court!.','2020-03-24 23:42:25'),(272,89,53,'et','Hatter. \'It isn\'t directed at all,\' said Alice: \'she\'s so extremely--\' Just then she remembered how small she was going off into a large dish of tarts upon it: they looked so good, that it signifies.','2020-03-24 07:35:59'),(273,60,38,'quam','And beat him when he sneezes: He only does it to annoy, Because he knows it teases.\' CHORUS. (In which the wretched Hatter trembled so, that Alice had been found and handed them round as prizes..','2020-03-11 22:16:56'),(274,28,78,'quaerat','The long grass rustled at her with large eyes like a snout than a rat-hole: she knelt down and began bowing to the law, And argued each case with MINE,\' said the Mock Turtle went on. \'Would you tell.','2020-03-24 00:01:01'),(275,53,88,'ea','Time!\' \'Perhaps not,\' Alice replied in an offended tone, and everybody laughed, \'Let the jury consider their verdict,\' the King sharply. \'Do you play croquet?\' The soldiers were always getting up.','2020-03-25 12:38:36'),(276,91,8,'et','Oh dear! I shall be punished for it to his son, \'I feared it might not escape again, and Alice could not think of any good reason, and as it didn\'t much matter which way it was very fond of.','2020-03-20 22:34:15'),(277,50,72,'nulla','Some of the Mock Turtle. \'Hold your tongue!\' said the Mock Turtle said with some surprise that the pebbles were all talking at once, while all the things between whiles.\' \'Then you keep moving.','2020-03-17 10:19:46'),(278,28,84,'sequi','But if I\'m Mabel, I\'ll stay down here till I\'m somebody else\"--but, oh dear!\' cried Alice, jumping up in her lessons in here? Why, there\'s hardly enough of me left to make it stop. \'Well, I\'d hardly.','2020-03-13 15:20:25'),(279,42,1,'quis','Father William,\' the young man said, \'And your hair has become very white; And yet you incessantly stand on your head-- Do you think you might do very well to introduce it.\' \'I don\'t like them raw.\'.','2020-03-29 05:07:05'),(280,37,40,'pariatur','O Mouse!\' (Alice thought this must be collected at once set to work shaking him and punching him in the sea!\' cried the Mock Turtle, \'Drive on, old fellow! Don\'t be all day to day.\' This was not a.','2020-03-22 10:58:30'),(281,82,96,'adipisci','Alice. \'I\'m glad I\'ve seen that done,\' thought Alice. One of the cattle in the pool was getting so used to do:-- \'How doth the little thing was to find that her neck from being broken. She hastily.','2020-03-13 22:55:31'),(282,30,10,'et','Father William replied to his son, \'I feared it might tell her something worth hearing. For some minutes the whole head appeared, and then hurried on, Alice started to her feet in the common way. So.','2020-03-15 17:06:23'),(283,26,36,'consequatur','WHAT? The other guests had taken his watch out of its mouth and began to tremble. Alice looked all round the thistle again; then the different branches of Arithmetic--Ambition, Distraction,.','2020-03-26 00:09:42'),(284,63,86,'vel','HAVE my shoulders got to? And oh, my poor hands, how is it directed to?\' said one of the Mock Turtle had just succeeded in getting its body tucked away, comfortably enough, under her arm, that it.','2020-03-24 04:53:37'),(285,87,94,'et','Alice called out \'The Queen! The Queen!\' and the pair of white kid gloves: she took courage, and went down to nine inches high. CHAPTER VI. Pig and Pepper For a minute or two the Caterpillar took.','2020-04-01 07:23:20'),(286,63,58,'ut','Alice, \'they\'re sure to happen,\' she said to herself, \'after such a noise inside, no one else seemed inclined to say whether the pleasure of making a daisy-chain would be of any that do,\' Alice said.','2020-03-30 05:40:06'),(287,55,51,'atque','Soup! Beau--ootiful Soo--oop! Soo--oop of the court,\" and I had to be managed? I suppose you\'ll be telling me next that you have to turn round on its axis--\' \'Talking of axes,\' said the King. \'When.','2020-03-19 13:34:49'),(288,11,14,'molestiae','Hatter. This piece of bread-and-butter in the distance, screaming with passion. She had quite a chorus of \'There goes Bill!\' then the Mock Turtle, \'they--you\'ve seen them, of course?\' \'Yes,\' said.','2020-03-20 10:18:05'),(289,89,39,'voluptate','White Rabbit was no more of it appeared. \'I don\'t believe it,\' said Alice. \'You must be,\' said the Duchess: you\'d better leave off,\' said the Duchess: you\'d better finish the story for yourself.\'.','2020-04-01 18:10:18'),(290,92,41,'earum','Mock Turtle replied; \'and then the different branches of Arithmetic--Ambition, Distraction, Uglification, and Derision.\' \'I never could abide figures!\' And with that she had felt quite unhappy at.','2020-03-19 19:21:31'),(291,26,82,'odit','White Rabbit, with a kind of authority over Alice. \'Stand up and picking the daisies, when suddenly a White Rabbit interrupted: \'UNimportant, your Majesty means, of course,\' the Dodo replied very.','2020-03-14 01:41:01'),(292,49,76,'sunt','Mock Turtle went on. \'I do,\' Alice hastily replied; \'only one doesn\'t like changing so often, you know.\' \'And what are they made of?\' \'Pepper, mostly,\' said the King. \'Then it ought to speak, but.','2020-03-24 05:44:51'),(293,54,76,'dolorem','It was the only one way of nursing it, (which was to twist it up into the air. This time Alice waited till she fancied she heard her sentence three of her or of anything to say, she simply bowed,.','2020-03-20 07:05:28'),(294,59,96,'omnis','Alice; \'I might as well as I do,\' said Alice sadly. \'Hand it over afterwards, it occurred to her great delight it fitted! Alice opened the door with his head!\' or \'Off with their fur clinging close.','2020-03-18 01:37:06'),(295,77,96,'quod','Grief, they used to call him Tortoise--\' \'Why did they live at the house, quite forgetting her promise. \'Treacle,\' said the Footman, and began talking again. \'Dinah\'ll miss me very much to-night, I.','2020-03-18 18:13:24'),(296,36,58,'tenetur','It sounded an excellent opportunity for croqueting one of them didn\'t know how to begin.\' He looked at it gloomily: then he dipped it into his cup of tea, and looked at each other for some time in.','2020-03-28 21:40:01'),(297,92,65,'velit','However, this bottle does. I do it again and again.\' \'You are old,\' said the Hatter. He came in sight of the room. The cook threw a frying-pan after her as she could, for her to begin.\' For, you.','2020-03-29 13:04:11'),(298,67,17,'molestiae','An enormous puppy was looking at Alice the moment they saw her, they hurried back to the whiting,\' said the Hatter: \'it\'s very interesting. I never heard before, \'Sure then I\'m here! Digging for.','2020-03-26 07:45:11'),(299,1,30,'enim','Mabel after all, and I never understood what it was: at first she would keep, through all her life. Indeed, she had found the fan and gloves--that is, if I must, I must,\' the King exclaimed, turning.','2020-04-01 06:57:41'),(300,3,88,'est','Bill! catch hold of it; and the March Hare went \'Sh! sh!\' and the procession came opposite to Alice, \'Have you seen the Mock Turtle sighed deeply, and began, in a very respectful tone, but frowning.','2020-03-23 18:57:09');
/*!40000 ALTER TABLE `reviews` ENABLE KEYS */;
UNLOCK TABLES;

--
-- Table structure for table `users`
--

DROP TABLE IF EXISTS `users`;
/*!40101 SET @saved_cs_client     = @@character_set_client */;
/*!50503 SET character_set_client = utf8mb4 */;
CREATE TABLE `users` (
  `id` int unsigned NOT NULL AUTO_INCREMENT,
  `first_name` varchar(100) CHARACTER SET utf8 COLLATE utf8_unicode_ci NOT NULL,
  `last_name` varchar(100) CHARACTER SET utf8 COLLATE utf8_unicode_ci NOT NULL,
  `gender` enum('M','F') CHARACTER SET utf8 COLLATE utf8_unicode_ci DEFAULT NULL,
  `birthday` date DEFAULT NULL,
  `info` text CHARACTER SET utf8 COLLATE utf8_unicode_ci,
  `created_at` datetime DEFAULT CURRENT_TIMESTAMP,
  `updated_at` datetime DEFAULT CURRENT_TIMESTAMP ON UPDATE CURRENT_TIMESTAMP,
  PRIMARY KEY (`id`)
) ENGINE=InnoDB AUTO_INCREMENT=301 DEFAULT CHARSET=utf8 COLLATE=utf8_unicode_ci;
/*!40101 SET character_set_client = @saved_cs_client */;

--
-- Dumping data for table `users`
--

LOCK TABLES `users` WRITE;
/*!40000 ALTER TABLE `users` DISABLE KEYS */;
INSERT INTO `users` VALUES (1,'Marianne','Frami','M','1992-06-20','Eum quia delectus ipsam. Eaque ut rerum aperiam veritatis deserunt eos dolor. Inventore voluptate autem rerum sit vel et suscipit quidem. Quasi quos consequatur iure quo sed explicabo.','2014-09-18 01:59:19','2019-07-01 16:11:15'),(2,'Rae','Brekke','M','1929-05-09',NULL,'2018-12-16 03:39:01','2020-04-03 16:21:20'),(3,'Delpha','Mann','F','1997-12-27',NULL,'2015-09-13 03:20:25','2020-04-03 16:21:20'),(4,'Neva','Skiles','F','1950-03-30','Vel ut est ut amet fugiat et sed. Eligendi minus eligendi aut voluptas. Enim quidem in occaecati iure. Eaque nisi pariatur nulla.','2019-09-09 21:04:55','2020-02-16 10:22:19'),(5,'Brendan','Borer','M','1958-08-15','Voluptatibus incidunt aut quos veritatis et quis totam. At ut iure ut odit eligendi. Qui sint illum repellat eos voluptas velit.','2018-02-11 03:35:04','2019-12-14 02:42:45'),(6,'Dusty','Prosacco','M','1944-07-15',NULL,'2014-01-28 12:16:28','2020-04-03 16:21:20'),(7,'Glen','McClure','M','1965-10-31',NULL,'2018-09-05 00:04:34','2020-04-03 16:21:20'),(8,'Muhammad','Ankunding','F','1982-05-12',NULL,'2020-02-26 19:37:38','2020-04-03 16:21:20'),(9,'Fredy','Ruecker','F','1939-06-15',NULL,'2014-02-28 14:06:06','2020-04-03 16:21:20'),(10,'Virgil','Cummings','M','1978-07-29','Provident vel est vel rem ullam. Ut sed rerum praesentium accusamus repellendus ullam. Mollitia dolor omnis in sed id voluptate velit. Illo aspernatur esse eum suscipit sunt.','2011-09-28 01:23:33','2019-11-05 17:35:29'),(11,'Cordell','Stiedemann','M','1990-03-07',NULL,'2013-08-07 23:16:28','2020-04-03 16:21:20'),(12,'Andre','Lowe','M','1950-06-09',NULL,'2014-08-01 05:23:06','2020-04-03 16:21:20'),(13,'Kitty','DuBuque','M','1952-11-27','Quidem quis doloribus soluta cupiditate quia et aut. Molestias adipisci vel maxime fugit a non. Porro nobis nisi et et. Dignissimos repellendus omnis maiores quo quaerat consequatur necessitatibus.','2019-10-09 22:59:40','2020-04-03 16:17:35'),(14,'Electa','Koch','F','1943-08-28',NULL,'2014-10-16 06:41:25','2020-04-03 16:21:20'),(15,'Abbey','Haley','M','1959-01-20',NULL,'2015-03-10 03:31:35','2020-04-03 16:21:20'),(16,'Novella','Goldner','M','1934-11-14',NULL,'2013-05-20 05:40:50','2020-04-03 16:21:20'),(17,'Nellie','Brekke','F','1951-11-01','Quod ipsa et ullam non. Hic tempore hic ducimus omnis voluptates modi qui. Libero alias possimus voluptates numquam similique quasi. Autem nihil illum quam sequi ipsa impedit eos.','2016-05-11 01:59:15','2020-01-01 23:36:57'),(18,'Romaine','Klocko','M','1997-08-25','Provident et quas nostrum aut id. Eligendi ut in quod sequi repudiandae ipsa porro. Aut enim exercitationem quam vel. Modi totam adipisci nihil adipisci.','2015-10-26 15:27:48','2019-12-27 08:53:56'),(19,'Bella','Veum','F','1928-03-20',NULL,'2010-07-11 03:32:23','2020-04-03 16:21:20'),(20,'Caden','West','M','1930-05-12',NULL,'2010-07-19 17:31:04','2020-04-03 16:21:20'),(21,'Hulda','Dare','F','1958-03-17',NULL,'2018-08-07 09:48:07','2020-04-03 16:21:20'),(22,'Cortney','Veum','M','1941-09-25',NULL,'2017-05-09 04:35:56','2020-04-03 16:21:20'),(23,'Milo','Veum','M','1992-10-19',NULL,'2011-09-19 07:26:25','2020-04-03 16:21:20'),(24,'Catherine','Mayer','M','1932-06-23',NULL,'2012-12-25 05:56:53','2020-04-03 16:21:20'),(25,'Mandy','Bahringer','F','1996-08-17',NULL,'2013-10-26 02:27:44','2020-04-03 16:21:20'),(26,'Diamond','Stanton','F','1936-08-15',NULL,'2017-11-22 17:20:49','2020-04-03 16:21:20'),(27,'Curt','Lebsack','F','1930-05-31',NULL,'2013-06-05 13:57:52','2020-04-03 16:21:20'),(28,'Laurel','Graham','M','1956-05-13',NULL,'2017-08-21 17:42:28','2020-04-03 16:21:20'),(29,'Emerald','Dicki','F','1941-03-16',NULL,'2018-11-26 05:49:41','2020-04-03 16:21:20'),(30,'Blanca','Blick','M','1930-12-12','Velit veniam in fuga. Debitis sequi quis consequatur cum et nisi. Autem sed nesciunt ipsa. Optio possimus pariatur vel dolorum fuga. Eveniet architecto dicta sit est ut dolores.','2010-09-02 02:32:38','2019-12-05 17:02:34'),(31,'Gina','Hegmann','M','1953-05-08',NULL,'2014-01-18 14:48:17','2020-04-03 16:21:20'),(32,'Marta','Pollich','M','1926-10-25','Ea asperiores aut qui et. Sit maxime repellat autem sed qui at.','2019-08-17 05:50:03','2020-04-03 16:17:35'),(33,'Jarred','Hyatt','M','1964-05-10',NULL,'2018-03-03 16:58:04','2020-04-03 16:21:20'),(34,'Pierre','Gorczany','M','1953-12-21','Ducimus harum odit rem qui. Ipsam ut fuga tempora aspernatur. Et nesciunt aut excepturi ipsam sequi sint.','2013-06-20 03:11:19','2019-12-19 22:06:18'),(35,'Chet','Ruecker','M','1930-05-22',NULL,'2018-06-14 13:43:21','2020-04-03 16:21:20'),(36,'Verlie','Schulist','M','1969-02-05',NULL,'2015-05-25 03:24:35','2020-04-03 16:21:20'),(37,'Liana','Lakin','F','1979-10-03',NULL,'2012-03-11 04:44:55','2020-04-03 16:21:20'),(38,'Name','Parisian','F','1921-03-16',NULL,'2017-08-19 21:48:26','2020-04-03 16:21:20'),(39,'Ova','Stark','M','1961-01-21',NULL,'2013-12-20 14:31:00','2020-04-03 16:21:20'),(40,'Brennan','Farrell','M','1967-12-17',NULL,'2013-10-22 02:44:06','2020-04-03 16:21:20'),(41,'Geoffrey','Muller','F','1965-12-18','Et omnis et sed consectetur veritatis. Libero laborum sed magni qui officiis consequatur reprehenderit. Ad ea doloremque reprehenderit id eveniet soluta. Qui doloremque animi rem quas assumenda.','2017-05-17 12:52:01','2020-01-15 20:08:20'),(42,'Virginia','Volkman','F','1943-05-09',NULL,'2018-07-09 15:45:38','2020-04-03 16:21:20'),(43,'Jake','Prosacco','M','1994-05-26',NULL,'2017-12-23 01:03:29','2020-04-03 16:21:20'),(44,'Tony','Lowe','M','1988-04-27',NULL,'2019-11-28 04:57:21','2020-04-03 16:21:20'),(45,'Ignatius','Price','F','1967-12-11',NULL,'2018-09-10 20:21:54','2020-04-03 16:21:20'),(46,'Sylvia','Halvorson','M','1937-05-19','Voluptatibus non quidem omnis id. Ex explicabo omnis deserunt quo. Corporis reiciendis maiores consequatur.','2018-04-15 13:04:11','2020-02-12 20:17:18'),(47,'Valerie','Harvey','M','1943-11-11',NULL,'2014-08-20 16:43:46','2020-04-03 16:21:20'),(48,'Yazmin','Murazik','M','1973-11-20',NULL,'2013-06-21 16:35:42','2020-04-03 16:21:20'),(49,'Hudson','Bauch','F','1990-06-15',NULL,'2014-04-05 09:56:18','2020-04-03 16:21:20'),(50,'Yessenia','McLaughlin','M','1931-12-18',NULL,'2013-05-17 19:59:17','2020-04-03 16:21:20'),(51,'Dax','Bernier','F','1964-04-26','Magnam quam consequatur voluptas id sint officiis ab. Distinctio consectetur et repellendus aut. Iure sit totam repellendus amet qui quia. Enim perferendis praesentium ad saepe quis.','2016-06-25 04:11:31','2019-05-28 23:41:43'),(52,'Elisa','Hickle','M','1958-10-27',NULL,'2015-09-01 20:18:55','2020-04-03 16:21:20'),(53,'Juliet','Kuhn','M','1943-11-10',NULL,'2014-10-20 12:02:12','2020-04-03 16:21:20'),(54,'Kristina','Erdman','F','1957-11-25',NULL,'2018-12-17 08:25:50','2020-04-03 16:21:20'),(55,'Sally','Roberts','F','1933-08-06','Qui assumenda sapiente ullam odio consectetur. Esse atque placeat minima nemo. Distinctio deleniti ullam ipsum non.','2014-04-07 00:11:39','2019-07-14 14:52:21'),(56,'Judah','Reinger','F','1926-03-26',NULL,'2019-05-22 07:52:59','2020-04-03 16:21:20'),(57,'Rowan','Ratke','M','1929-06-11','Fugiat placeat architecto qui ex et impedit ut ut. Impedit numquam eveniet non non. Velit sed temporibus aliquid est nihil modi.','2017-03-27 13:47:51','2019-04-23 15:32:44'),(58,'Aliya','Stokes','M','1993-07-19',NULL,'2016-11-30 18:09:39','2020-04-03 16:21:20'),(59,'Jody','Smith','F','1920-09-07',NULL,'2018-11-28 20:06:39','2020-04-03 16:21:20'),(60,'Dante','Walsh','F','1993-10-06',NULL,'2019-02-25 04:03:41','2020-04-03 16:21:20'),(61,'Nelson','Cartwright','M','1949-03-10',NULL,'2017-08-04 20:20:14','2020-04-03 16:21:20'),(62,'Benny','Wilderman','F','1932-07-19',NULL,'2013-04-24 00:01:02','2020-04-03 16:21:20'),(63,'Gladys','Romaguera','M','1979-03-18',NULL,'2014-03-09 01:04:15','2020-04-03 16:21:20'),(64,'Laisha','Zemlak','M','1967-01-18',NULL,'2019-09-22 18:36:11','2020-04-03 16:21:20'),(65,'Lucienne','Will','F','1974-04-02','Ducimus est velit suscipit sint qui. Est atque optio qui id.\nReprehenderit dolorem ullam ipsum eaque et. Cumque est laudantium accusantium iusto ipsa.','2015-05-08 12:13:05','2019-08-14 19:50:20'),(66,'August','Reynolds','F','1944-10-14',NULL,'2014-03-18 17:04:44','2020-04-03 16:21:20'),(67,'Ilene','Hilll','M','1969-02-25',NULL,'2018-04-28 19:17:03','2020-04-03 16:21:20'),(68,'Vincent','Auer','F','1951-12-18',NULL,'2012-10-17 12:42:17','2020-04-03 16:21:20'),(69,'Arch','Goyette','F','1977-05-02',NULL,'2011-04-07 13:52:37','2020-04-03 16:21:20'),(70,'Melyssa','VonRueden','F','1987-12-23',NULL,'2014-10-07 09:53:34','2020-04-03 16:21:20'),(71,'Horacio','Klein','F','1993-07-01',NULL,'2015-01-04 12:05:25','2020-04-03 16:21:20'),(72,'Philip','Ziemann','F','1920-06-09',NULL,'2010-07-23 09:13:20','2020-04-03 16:21:20'),(73,'Geovany','Moen','M','1985-12-04','Qui quos iste aut explicabo provident delectus. Tenetur quo a ex molestiae. Minus sint consequatur quisquam praesentium provident ab. Qui laborum doloremque sed illum aut velit quis soluta.','2011-12-31 21:06:51','2019-06-19 20:11:11'),(74,'Janelle','Gulgowski','M','1987-05-20',NULL,'2019-05-24 21:29:45','2020-04-03 16:21:20'),(75,'Domenic','Eichmann','F','1952-10-16',NULL,'2014-12-25 20:03:27','2020-04-03 16:21:20'),(76,'Chelsea','Mraz','F','1991-11-10','Modi numquam ad ut. Accusamus eius repellendus magnam dolore rerum. Ex aliquam accusamus maxime iusto. Aut molestiae accusamus quas fugiat est similique.','2017-12-25 05:09:09','2019-06-22 20:47:37'),(77,'Hildegard','Grady','M','1967-07-03',NULL,'2014-05-15 02:38:11','2020-04-03 16:21:20'),(78,'Dangelo','Emmerich','M','1933-01-29','Eaque quidem eum cupiditate voluptatem. Tempora qui quia natus ducimus tempora unde ut. Id aut harum rerum nostrum.','2012-05-28 23:59:49','2020-03-21 07:28:00'),(79,'Alberta','Senger','M','1961-09-12','A sit consequuntur totam. Dolorem repudiandae eos eum quae est iusto. Impedit vel in vel qui et.','2015-05-27 01:19:15','2019-08-30 12:57:38'),(80,'Myrna','Mraz','F','1959-03-05',NULL,'2020-02-25 06:09:16','2020-04-03 16:21:20'),(81,'Gianni','Medhurst','F','1922-04-04',NULL,'2011-09-18 23:26:02','2020-04-03 16:21:20'),(82,'Jovan','Tremblay','M','1994-12-19',NULL,'2013-07-14 03:13:40','2020-04-03 16:21:20'),(83,'Lisette','Berge','M','1967-09-10',NULL,'2015-07-14 01:48:10','2020-04-03 16:21:20'),(84,'Idella','Lesch','F','1985-05-21','Beatae nulla voluptas aut reiciendis ea. Occaecati consequatur dolores voluptate quo dolor.','2018-10-21 19:23:28','2020-03-07 15:22:31'),(85,'Lela','Cremin','M','1953-12-15','Cumque voluptatibus expedita nobis ea porro aliquid. Alias et quisquam minus aliquam explicabo maiores quis. Est quos repellat minus voluptatem est veritatis.','2015-09-18 11:44:02','2019-10-24 00:01:47'),(86,'Daphney','Hettinger','M','1921-05-08','Non error voluptatem ut sunt ipsa autem accusamus. Atque ab inventore et quia veniam. Eligendi eveniet suscipit soluta enim quia odio. Reprehenderit et nemo quas eius eligendi quod vel autem.','2011-05-14 21:09:57','2020-03-20 20:20:53'),(87,'Rachel','Feil','M','1927-10-30',NULL,'2018-03-06 21:23:01','2020-04-03 16:21:20'),(88,'Noelia','Dietrich','M','1958-07-23',NULL,'2015-03-30 03:30:46','2020-04-03 16:21:20'),(89,'Saige','Bednar','M','1983-02-05','Eligendi neque molestias occaecati incidunt. Pariatur harum tempore voluptatem occaecati perferendis. Commodi optio pariatur in. Ut non consequuntur minima dolores laboriosam. At et est atque.','2013-01-03 13:40:51','2019-06-16 00:03:04'),(90,'Abraham','Zemlak','F','1940-09-06',NULL,'2014-10-04 12:03:22','2020-04-03 16:21:20'),(91,'Briana','Smitham','F','1950-08-13',NULL,'2015-02-28 14:10:44','2020-04-03 16:21:20'),(92,'Jamal','Hayes','M','1998-08-12',NULL,'2013-09-05 23:32:03','2020-04-03 16:21:20'),(93,'German','Zulauf','M','1995-03-24','Repellat eaque deserunt aut quae magnam nam ipsa voluptatum. Tempora numquam voluptas minima ut architecto. Quia quibusdam dolore id et maiores.','2013-05-26 16:47:56','2019-09-08 04:49:37'),(94,'Tressa','West','F','1991-09-14',NULL,'2014-05-20 23:51:44','2020-04-03 16:21:20'),(95,'Harrison','Borer','M','1931-07-27',NULL,'2010-11-02 03:10:15','2020-04-03 16:21:20'),(96,'Gilda','Stokes','M','1977-12-30',NULL,'2013-07-13 09:37:33','2020-04-03 16:21:20'),(97,'Van','Reinger','M','1965-12-08',NULL,'2010-04-05 21:15:45','2020-04-03 16:21:20'),(98,'Michele','Block','F','1969-10-31',NULL,'2015-05-07 04:10:40','2020-04-03 16:21:20'),(99,'Brendon','Donnelly','M','1964-03-30','Veniam minima commodi ipsum. Eligendi repellat qui autem eum. Autem possimus officia praesentium cumque autem totam. Aut ut magnam in molestiae accusantium natus.','2014-04-17 05:18:29','2019-04-27 05:56:32'),(100,'Marquise','Klein','F','1920-11-28',NULL,'2016-04-22 15:41:50','2020-04-03 16:21:20'),(101,'Chelsie','Hammes','M','1989-10-06',NULL,'2017-06-19 23:38:55','2020-04-03 16:21:20'),(102,'Nikolas','Dach','M','1992-07-05',NULL,'2018-01-27 07:24:18','2020-04-03 16:21:20'),(103,'Sasha','Goodwin','M','1992-12-27',NULL,'2013-02-23 23:25:41','2020-04-03 16:21:20'),(104,'Rebecca','Schumm','F','1987-02-23',NULL,'2013-09-01 08:39:28','2020-04-03 16:21:20'),(105,'Cleta','Bruen','F','1996-06-19',NULL,'2018-03-23 22:22:57','2020-04-03 16:21:20'),(106,'Rodrigo','Corkery','M','1980-08-25',NULL,'2014-09-18 09:07:26','2020-04-03 16:21:20'),(107,'Curt','Wilderman','M','1993-07-09',NULL,'2016-02-07 07:16:51','2020-04-03 16:21:20'),(108,'Loyce','Carroll','F','1985-05-30','YOU sing,\' said the King, going up to her to speak first, \'why your cat grins like that?\' \'It\'s a Cheshire cat,\' said the Duchess. \'I make you grow taller, and the three gardeners, oblong and flat,.','2016-03-28 00:43:49','2020-04-03 16:15:35'),(109,'Madyson','Hegmann','F','1986-03-15',NULL,'2011-10-10 15:15:38','2020-04-03 16:21:20'),(110,'Christy','Abshire','F','1994-07-01',NULL,'2018-11-15 15:29:20','2020-04-03 16:21:20'),(111,'Keven','Schneider','F','1993-08-14',NULL,'2015-01-15 13:54:17','2020-04-03 16:21:20'),(112,'Erika','Huel','M','1984-05-03',NULL,'2014-10-15 10:06:12','2020-04-03 16:21:20'),(113,'Malika','Roob','F','1980-07-11',NULL,'2014-01-13 22:54:22','2020-04-03 16:21:20'),(114,'Sabryna','Casper','F','1989-04-30',NULL,'2016-10-31 12:58:46','2020-04-03 16:21:20'),(115,'Maye','Kilback','M','1984-10-23',NULL,'2011-03-21 05:21:44','2020-04-03 16:21:20'),(116,'Glenda','Hermiston','M','1995-10-09',NULL,'2018-06-27 21:47:07','2020-04-03 16:21:20'),(117,'Owen','Torp','F','1984-03-05',NULL,'2018-09-11 16:59:18','2020-04-03 16:21:20'),(118,'Ladarius','Koch','M','1993-04-05',NULL,'2013-07-10 02:27:30','2020-04-03 16:21:20'),(119,'Federico','Metz','F','1993-07-05',NULL,'2010-08-06 06:33:00','2020-04-03 16:21:20'),(120,'Hilma','Rutherford','M','1987-07-03',NULL,'2013-03-22 17:48:37','2020-04-03 16:21:20'),(121,'Geovanny','Kuphal','F','1996-09-09','I can\'t tell you how the Dodo solemnly presented the thimble, looking as solemn as she could. \'The Dormouse is asleep again,\' said the Hatter. \'Nor I,\' said the Queen, who were giving it a minute or.','2015-04-01 21:29:32','2020-04-03 16:15:35'),(122,'Jude','Nitzsche','M','1980-09-12',NULL,'2010-05-27 17:57:36','2020-04-03 16:21:20'),(123,'Eileen','Klocko','F','1993-02-06',NULL,'2011-04-14 02:11:33','2020-04-03 16:21:20'),(124,'Bianka','Douglas','M','1983-03-03',NULL,'2014-02-26 18:27:47','2020-04-03 16:21:20'),(125,'Fabian','Cormier','F','1996-03-25',NULL,'2015-10-30 08:07:47','2020-04-03 16:21:20'),(126,'Khalil','Bayer','F','1991-05-28',NULL,'2015-08-21 02:22:51','2020-04-03 16:21:20'),(127,'Juwan','Altenwerth','F','1988-01-15','King very decidedly, and he checked himself suddenly: the others looked round also, and all sorts of things--I can\'t remember things as I tell you!\' But she waited for some minutes. The Caterpillar.','2011-02-13 19:39:40','2020-04-03 16:15:35'),(128,'Isai','Keeling','F','1985-09-13',NULL,'2013-05-08 19:41:55','2020-04-03 16:21:20'),(129,'Araceli','Brakus','M','1984-02-09',NULL,'2014-09-10 13:22:03','2020-04-03 16:21:20'),(130,'Ada','Weimann','M','1983-02-25','You MUST have meant some mischief, or else you\'d have signed your name like an arrow. The Cat\'s head with great curiosity. \'Soles and eels, of course,\' said the Hatter. This piece of evidence we\'ve.','2016-10-16 08:11:50','2020-04-03 16:15:35'),(131,'Kaylin','Lueilwitz','F','1983-02-24',NULL,'2010-12-29 10:42:16','2020-04-03 16:21:20'),(132,'Bennie','Leuschke','M','1986-01-04',NULL,'2017-01-17 18:01:43','2020-04-03 16:21:20'),(133,'Theresa','Dickinson','F','1980-04-30',NULL,'2016-01-15 06:56:47','2020-04-03 16:21:20'),(134,'Julian','Pfannerstill','M','1983-04-30',NULL,'2010-04-10 13:55:47','2020-04-03 16:21:20'),(135,'Reid','Franecki','F','1995-05-11',NULL,'2019-02-11 09:23:12','2020-04-03 16:21:20'),(136,'Autumn','Nitzsche','M','1986-07-27','Alice waited a little, half expecting to see anything; then she noticed that they must be on the top of its right ear and left off when they arrived, with a yelp of delight, which changed into alarm.','2017-05-04 13:53:49','2020-04-03 16:15:35'),(137,'Victor','Haag','F','1986-06-22','Forty-two. ALL PERSONS MORE THAN A MILE HIGH TO LEAVE THE COURT.\' Everybody looked at each other for some time after the others. \'We must burn the house if it thought that it signifies much,\' she.','2011-03-26 15:07:11','2020-04-03 16:15:35'),(138,'Ellen','Osinski','F','1992-05-16',NULL,'2017-07-22 10:27:53','2020-04-03 16:21:20'),(139,'Kiara','Hauck','M','1982-03-13',NULL,'2014-01-19 12:59:55','2020-04-03 16:21:20'),(140,'Stefanie','Blick','M','1993-07-20',NULL,'2018-08-28 07:00:47','2020-04-03 16:21:20'),(141,'Candelario','Olson','F','1980-12-01','Queen was silent. The Dormouse slowly opened his eyes. \'I wasn\'t asleep,\' he said to herself, and began to cry again, for really I\'m quite tired of being upset, and their curls got entangled.','2013-01-17 11:11:06','2020-04-03 16:15:35'),(142,'Edgar','Sporer','F','1983-08-18',NULL,'2016-01-27 08:49:29','2020-04-03 16:21:20'),(143,'Janick','Carroll','F','1995-02-06',NULL,'2018-10-13 05:58:00','2020-04-03 16:21:20'),(144,'Reina','Thompson','F','1984-05-17','Alice, looking down with one finger, as he spoke. \'A cat may look at it!\' This speech caused a remarkable sensation among the distant green leaves. As there seemed to be lost, as she swam nearer to.','2011-05-18 10:56:45','2020-04-03 16:15:35'),(145,'Bailey','Howe','M','1996-04-06',NULL,'2016-04-23 08:51:03','2020-04-03 16:21:20'),(146,'Kaela','Rogahn','F','1987-12-16',NULL,'2014-04-02 12:33:44','2020-04-03 16:21:20'),(147,'Marquise','Konopelski','F','1990-09-10',NULL,'2018-10-13 13:21:57','2020-04-03 16:21:20'),(148,'Kellen','Ebert','M','1989-04-29',NULL,'2018-04-06 10:20:24','2020-04-03 16:21:20'),(149,'Margaretta','Fisher','F','1994-04-08',NULL,'2013-11-06 05:30:26','2020-04-03 16:21:20'),(150,'Richard','McClure','F','1983-02-06',NULL,'2010-06-13 13:20:35','2020-04-03 16:21:20'),(151,'Isabel','Kreiger','F','1992-05-24',NULL,'2014-09-14 17:02:21','2020-04-03 16:21:20'),(152,'Taurean','Harber','F','1992-05-30','How the Owl and the Mock Turtle: \'nine the next, and so on; then, when you\'ve cleared all the jelly-fish out of a water-well,\' said the Gryphon: and it said nothing. \'Perhaps it doesn\'t matter which.','2016-07-27 07:08:32','2020-04-03 16:15:35'),(153,'Ofelia','Wehner','F','1984-08-09',NULL,'2015-12-25 12:01:26','2020-04-03 16:21:20'),(154,'Raphaelle','Klocko','F','1985-06-29','I should like to show you! A little bright-eyed terrier, you know, with oh, such long ringlets, and mine doesn\'t go in at once.\' However, she got used to it in asking riddles that have no answers.\'.','2018-02-17 12:50:00','2020-04-03 16:15:35'),(155,'Buddy','Donnelly','F','1993-05-12',NULL,'2010-11-10 22:13:40','2020-04-03 16:21:20'),(156,'Asha','Gusikowski','M','1990-01-29',NULL,'2012-02-05 16:31:35','2020-04-03 16:21:20'),(157,'Edgardo','Feest','F','1990-01-10',NULL,'2012-01-14 00:37:59','2020-04-03 16:21:20'),(158,'Simeon','Heathcote','F','1999-08-13',NULL,'2012-08-13 04:25:23','2020-04-03 16:21:20'),(159,'River','Friesen','F','1987-09-30','PRECIOUS nose\'; as an unusually large saucepan flew close by it, and very nearly carried it off. \'If everybody minded their own business!\' \'Ah, well! It means much the most important piece of it had.','2016-09-14 16:35:23','2020-04-03 16:15:35'),(160,'Maci','Senger','M','1999-08-01','Alice thought decidedly uncivil. \'But perhaps it was a different person then.\' \'Explain all that,\' he said in a hoarse, feeble voice: \'I heard the Queen said severely \'Who is it directed to?\' said.','2011-09-24 23:37:34','2020-04-03 16:15:35'),(161,'Jessika','Connelly','M','1994-06-03',NULL,'2015-10-27 19:39:00','2020-04-03 16:21:20'),(162,'Rory','Stiedemann','F','1993-01-31','Lory positively refused to tell you--all I know who I am! But I\'d better take him his fan and gloves--that is, if I would talk on such a tiny little thing!\' It did so indeed, and much sooner than.','2017-10-01 05:04:45','2020-04-03 16:15:35'),(163,'Kevon','Schiller','F','1981-11-19',NULL,'2016-05-30 03:52:02','2020-04-03 16:21:20'),(164,'Cornelius','Reichert','M','1989-11-10','Yet you balanced an eel on the glass table and the turtles all advance! They are waiting on the ground near the right way of settling all difficulties, great or small. \'Off with her head!\' Those.','2016-06-19 17:47:41','2020-04-03 16:15:35'),(165,'Tyrel','Pollich','M','1983-05-22',NULL,'2012-04-03 22:38:04','2020-04-03 16:21:20'),(166,'Kacie','Hand','M','1987-01-22','Alice did not answer, so Alice ventured to remark. \'Tut, tut, child!\' said the Queen, stamping on the breeze that followed them, the melancholy words:-- \'Soo--oop of the hall: in fact she was.','2015-05-12 04:25:16','2020-04-03 16:15:35'),(167,'Heidi','Quitzon','F','1984-11-14','Gryphon, half to itself, \'Oh dear! Oh dear! I wish I could let you out, you know.\' \'Not the same size: to be rude, so she took up the fan and gloves. \'How queer it seems,\' Alice said very politely,.','2015-07-15 10:11:34','2020-04-03 16:15:35'),(168,'Wilmer','McClure','F','1982-11-21',NULL,'2018-10-28 21:06:50','2020-04-03 16:21:20'),(169,'Raphael','Hackett','F','1999-07-16',NULL,'2011-10-15 15:11:28','2020-04-03 16:21:20'),(170,'Carlie','Carter','M','1988-10-18','They all returned from him to you, Though they were nowhere to be no use now,\' thought poor Alice, \'to speak to this last remark that had a consultation about this, and after a minute or two, they.','2016-03-23 08:55:43','2020-04-03 16:15:35'),(171,'Shania','Kerluke','M','1985-01-29',NULL,'2014-07-14 19:16:29','2020-04-03 16:21:20'),(172,'Karina','Jacobs','F','1998-09-13',NULL,'2015-02-01 01:46:42','2020-04-03 16:21:20'),(173,'Casandra','Ernser','F','1998-01-09',NULL,'2017-08-21 22:21:50','2020-04-03 16:21:20'),(174,'Noe','Glover','F','1993-10-02',NULL,'2015-07-27 01:33:13','2020-04-03 16:21:20'),(175,'Luis','Zboncak','M','1994-05-27','I\'d only been the whiting,\' said Alice, (she had kept a piece of rudeness was more and more puzzled, but she heard a little shriek, and went in. The door led right into a tree. By the time he had to.','2011-04-25 21:36:52','2020-04-03 16:15:35'),(176,'Caterina','Cruickshank','M','1990-06-26','White Rabbit, \'but it sounds uncommon nonsense.\' Alice said nothing: she had got so much at first, but, after watching it a minute or two, she made out the answer to it?\' said the Knave, \'I didn\'t.','2017-11-13 01:26:23','2020-04-03 16:15:35'),(177,'Katelynn','Smitham','M','1988-12-05',NULL,'2016-09-18 18:52:36','2020-04-03 16:21:20'),(178,'Juanita','Gislason','F','1992-11-28',NULL,'2014-07-08 18:00:02','2020-04-03 16:21:20'),(179,'Lura','Oberbrunner','M','1997-06-30','Soup, so rich and green, Waiting in a melancholy tone: \'it doesn\'t seem to dry me at all.\' \'In that case,\' said the Dormouse, not choosing to notice this last remark. \'Of course twinkling begins.','2017-12-01 23:03:07','2020-04-03 16:15:35'),(180,'Estrella','Harris','M','1988-06-27',NULL,'2010-11-13 19:28:47','2020-04-03 16:21:20'),(181,'Devin','Muller','M','1989-08-29',NULL,'2014-05-21 12:41:05','2020-04-03 16:21:20'),(182,'Vernie','Schaden','M','1982-07-24','Queen said severely \'Who is it twelve? I--\' \'Oh, don\'t bother ME,\' said the Gryphon. \'Then, you know,\' the Mock Turtle, \'they--you\'ve seen them, of course?\' \'Yes,\' said Alice, swallowing down her.','2012-01-11 17:30:56','2020-04-03 16:15:35'),(183,'Agnes','Daugherty','F','1983-07-14','I shall think nothing of the window, and one foot to the King, \'and don\'t be nervous, or I\'ll kick you down stairs!\' \'That is not said right,\' said the Mock Turtle\'s heavy sobs. Lastly, she pictured.','2012-06-28 16:15:35','2020-04-03 16:15:35'),(184,'Breana','Turner','M','1989-09-11',NULL,'2014-11-18 12:14:35','2020-04-03 16:21:20'),(185,'Marilou','Barrows','F','1997-08-11','I beg your pardon!\' said the Caterpillar. \'I\'m afraid I\'ve offended it again!\' For the Mouse was swimming away from her as she could. The next thing was snorting like a candle. I wonder what you\'re.','2014-04-08 17:06:35','2020-04-03 16:15:35'),(186,'Estelle','Kuvalis','M','1998-09-19',NULL,'2015-06-29 15:54:58','2020-04-03 16:21:20'),(187,'Annabelle','Willms','M','1980-06-27',NULL,'2015-05-26 21:50:28','2020-04-03 16:21:20'),(188,'Felipe','Ankunding','M','1985-12-21','I can\'t quite follow it as to size,\' Alice hastily replied; \'only one doesn\'t like changing so often, of course had to do with this creature when I was a different person then.\' \'Explain all that,\'.','2012-03-24 13:28:46','2020-04-03 16:15:35'),(189,'Dorian','Klein','F','1988-02-15','But, now that I\'m perfectly sure I have to go down the chimney as she spoke. \'I must be getting home; the night-air doesn\'t suit my throat!\' and a sad tale!\' said the Queen. An invitation from the.','2013-02-22 23:41:22','2020-04-03 16:15:35'),(190,'Kristofer','Paucek','M','1982-06-07',NULL,'2012-04-17 15:02:19','2020-04-03 16:21:20'),(191,'Timmothy','Tromp','M','1987-06-29','Allow me to sell you a song?\' \'Oh, a song, please, if the Queen put on her toes when they liked, and left off sneezing by this time, and was going to be, from one of the jurors were writing down.','2018-04-01 10:16:20','2020-04-03 16:15:35'),(192,'Morton','Prosacco','M','1989-11-24',NULL,'2016-08-05 03:40:45','2020-04-03 16:21:20'),(193,'Hilton','Metz','M','1986-09-29','Alice. It looked good-natured, she thought: still it was as much use in waiting by the carrier,\' she thought; \'and how funny it\'ll seem to be\"--or if you\'d rather not.\' \'We indeed!\' cried the.','2013-11-16 03:34:37','2020-04-03 16:15:35'),(194,'Thurman','Sauer','F','1983-09-28','Said he thanked the whiting kindly, but he now hastily began again, using the ink, that was linked into hers began to tremble. Alice looked all round her, calling out in a melancholy way, being.','2012-03-07 02:32:19','2020-04-03 16:15:35'),(195,'Muhammad','Lindgren','F','1998-03-04',NULL,'2016-03-26 08:37:43','2020-04-03 16:21:20'),(196,'Luther','Douglas','F','1999-05-26','I\'m angry. Therefore I\'m mad.\' \'I call it purring, not growling,\' said Alice. \'You are,\' said the Footman. \'That\'s the most curious thing I ever was at in all their simple joys, remembering her own.','2014-09-29 11:49:39','2020-04-03 16:15:35'),(197,'Margot','O\'Conner','F','1982-03-20',NULL,'2018-12-06 17:24:15','2020-04-03 16:21:20'),(198,'Sarah','Considine','M','1992-07-25',NULL,'2017-12-12 13:21:38','2020-04-03 16:21:20'),(199,'Burley','Reynolds','M','1995-12-03',NULL,'2015-01-21 13:57:53','2020-04-03 16:21:20'),(200,'Vaughn','Casper','M','1981-08-28','COULD he turn them out with trying, the poor little thing howled so, that he had a consultation about this, and Alice rather unwillingly took the least idea what to beautify is, I suppose?\' said.','2013-04-15 19:17:08','2020-04-03 16:15:35'),(201,'Randy','Graham','F','2000-03-14',NULL,'2014-10-18 21:16:40','2020-04-03 16:21:20'),(202,'Hosea','Jakubowski','M','1995-10-18',NULL,'2013-12-23 12:00:52','2020-04-03 16:21:20'),(203,'Tom','Barrows','F','1998-02-06',NULL,'2014-02-15 09:14:23','2020-04-03 16:21:20'),(204,'Jany','Reinger','F','1982-11-09',NULL,'2011-08-19 16:36:29','2020-04-03 16:21:20'),(205,'Macie','Erdman','M','1999-08-27',NULL,'2017-01-13 21:32:18','2020-04-03 16:21:20'),(206,'Payton','Hoeger','M','1989-06-21','Knave was standing before them, in chains, with a cart-horse, and expecting every moment to be lost, as she spoke. (The unfortunate little Bill had left off staring at the frontispiece if you like,\'.','2011-02-05 07:39:59','2020-04-03 16:15:35'),(207,'Jordon','Carroll','F','1988-02-06',NULL,'2012-06-23 03:44:48','2020-04-03 16:21:20'),(208,'Ashlynn','Flatley','M','1991-10-20','Ugh, Serpent!\' \'But I\'m not used to do:-- \'How doth the little creature down, and nobody spoke for some way of expecting nothing but a pack of cards: the Knave \'Turn them over!\' The Knave of Hearts,.','2011-04-13 06:18:40','2020-04-03 16:15:35'),(209,'Lester','Legros','M','1994-06-10','Hatter hurriedly left the court, \'Bring me the truth: did you do lessons?\' said Alice, looking down at them, and then nodded. \'It\'s no business there, at any rate: go and live in that case I can.','2014-10-13 10:49:35','2020-04-03 16:15:35'),(210,'Marlee','Buckridge','M','1996-07-10',NULL,'2016-11-01 00:45:31','2020-04-03 16:21:20'),(211,'Cory','Wolf','F','1999-01-10','The chief difficulty Alice found at first she thought it would be wasting our breath.\" \"I\'ll be judge, I\'ll be jury,\" Said cunning old Fury: \"I\'ll try the patience of an oyster!\' \'I wish the.','2014-09-08 18:50:14','2020-04-03 16:15:35'),(212,'Freeman','Weber','M','1985-04-22',NULL,'2011-10-17 04:22:04','2020-04-03 16:21:20'),(213,'Rhiannon','Pfeffer','F','1989-02-21',NULL,'2018-11-17 18:57:00','2020-04-03 16:21:20'),(214,'Damian','Russel','M','1989-07-12',NULL,'2018-01-03 19:55:07','2020-04-03 16:21:20'),(215,'Keira','Rogahn','M','1999-12-05',NULL,'2016-08-21 21:10:28','2020-04-03 16:21:20'),(216,'Daniela','Gutmann','M','1990-10-23',NULL,'2014-06-14 05:57:08','2020-04-03 16:21:20'),(217,'Mayra','Gottlieb','F','1993-12-21',NULL,'2013-10-09 21:14:00','2020-04-03 16:21:20'),(218,'Margarete','Dibbert','F','1997-02-28',NULL,'2016-01-22 04:58:33','2020-04-03 16:21:20'),(219,'Felipa','Corwin','F','1983-08-19','The jury all wrote down all three dates on their backs was the first day,\' said the Duchess. \'Everything\'s got a moral, if only you can find it.\' And she squeezed herself up closer to Alice\'s side.','2010-07-21 04:30:06','2020-04-03 16:15:35'),(220,'Pete','Simonis','F','1986-05-13',NULL,'2011-01-16 15:45:58','2020-04-03 16:21:20'),(221,'Jessika','Collier','F','1980-08-28','Alice, as she went down to the Gryphon. \'It all came different!\' the Mock Turtle went on. \'I do,\' Alice said very politely, \'if I had not gone much farther before she came upon a time there could be.','2012-11-07 20:18:17','2020-04-03 16:15:35'),(222,'Ezequiel','Purdy','F','1983-11-23',NULL,'2018-08-07 19:22:47','2020-04-03 16:21:20'),(223,'Tobin','Gulgowski','F','1997-03-22',NULL,'2017-12-07 22:16:41','2020-04-03 16:21:20'),(224,'Oral','Greenfelder','F','1994-03-07',NULL,'2017-04-08 12:26:42','2020-04-03 16:21:20'),(225,'Keegan','O\'Reilly','F','1998-12-15',NULL,'2016-04-24 08:29:08','2020-04-03 16:21:20'),(226,'Kayli','Aufderhar','F','1991-12-24','HE was.\' \'I never thought about it,\' said Five, \'and I\'ll tell you what year it is?\' \'Of course not,\' Alice replied in an offended tone, and she said this, she was now about a foot high: then she.','2013-11-08 01:35:59','2020-04-03 16:15:35'),(227,'Ivy','Lehner','M','1982-10-01',NULL,'2014-06-04 13:35:22','2020-04-03 16:21:20'),(228,'Don','Gleason','M','1997-07-01',NULL,'2013-11-17 21:00:41','2020-04-03 16:21:20'),(229,'Citlalli','Renner','M','1998-12-30',NULL,'2015-07-28 02:35:26','2020-04-03 16:21:20'),(230,'Charley','Bins','F','1982-03-25',NULL,'2013-03-11 04:38:52','2020-04-03 16:21:20'),(231,'Krystel','Bergnaum','M','1993-11-04',NULL,'2015-03-26 10:07:53','2020-04-03 16:21:20'),(232,'Simone','Daniel','F','1982-04-11',NULL,'2012-12-31 16:53:35','2020-04-03 16:21:20'),(233,'Jeffry','O\'Kon','F','1989-07-18',NULL,'2011-11-23 08:22:37','2020-04-03 16:21:20'),(234,'Clifford','Armstrong','F','1980-08-21','THAT. Then again--\"BEFORE SHE HAD THIS FIT--\" you never even spoke to Time!\' \'Perhaps not,\' Alice cautiously replied, not feeling at all a proper way of keeping up the other, looking uneasily at the.','2014-12-13 15:17:12','2020-04-03 16:15:35'),(235,'Terrill','Marquardt','F','1994-03-31',NULL,'2016-12-22 21:19:53','2020-04-03 16:21:20'),(236,'Antonietta','Vandervort','M','1989-01-26',NULL,'2015-10-31 16:09:25','2020-04-03 16:21:20'),(237,'Helene','West','M','1982-05-04',NULL,'2013-01-23 07:54:15','2020-04-03 16:21:20'),(238,'Layne','Parisian','M','1984-03-07',NULL,'2018-10-14 00:54:30','2020-04-03 16:21:20'),(239,'Dewitt','Barton','F','1993-08-10','The cook threw a frying-pan after her as she spoke. Alice did not notice this last remark that had made out that it might belong to one of the court. \'What do you know the way to explain it is.','2014-08-16 09:44:29','2020-04-03 16:15:35'),(240,'Robin','Hoppe','M','1995-03-28',NULL,'2018-12-24 22:38:47','2020-04-03 16:21:20'),(241,'Vallie','Bruen','F','1995-02-02','I suppose I ought to tell them something more. \'You promised to tell you--all I know THAT well enough; and what does it to half-past one as long as there was silence for some time without.','2015-07-21 06:36:46','2020-04-03 16:15:35'),(242,'Garnet','Schiller','F','1989-06-21',NULL,'2015-02-19 12:44:21','2020-04-03 16:21:20'),(243,'Lesly','Hermann','F','1981-10-22',NULL,'2015-09-23 23:34:10','2020-04-03 16:21:20'),(244,'Mara','Jones','F','1980-04-27',NULL,'2014-12-03 23:52:19','2020-04-03 16:21:20'),(245,'Bryon','Hammes','F','1995-11-21',NULL,'2015-11-02 04:28:37','2020-04-03 16:21:20'),(246,'Christian','Bashirian','M','1998-03-28','Exactly as we needn\'t try to find that she might find another key on it, or at any rate: go and live in that soup!\' Alice said with some severity; \'it\'s very interesting. I never knew so much at.','2011-05-27 01:07:54','2020-04-03 16:15:35'),(247,'Marcellus','Leffler','F','1983-04-07',NULL,'2016-05-01 08:07:22','2020-04-03 16:21:20'),(248,'Emmett','Kihn','F','1981-04-21',NULL,'2016-09-30 23:13:10','2020-04-03 16:21:20'),(249,'Iva','Mann','F','1996-06-06','I beg your acceptance of this was his first remark, \'It was the Cat again, sitting on the bank, with her head!\' the Queen in a loud, indignant voice, but she could not taste theirs, and the pair of.','2012-06-22 05:08:57','2020-04-03 16:15:35'),(250,'Edyth','Walsh','M','1997-12-29',NULL,'2014-04-22 06:38:55','2020-04-03 16:21:20'),(251,'Fanny','Zemlak','F','1980-06-05','Mouse, who seemed too much frightened that she was now, and she felt sure it would all come wrong, and she went on just as she spoke; \'either you or your head must be getting home; the night-air.','2010-07-04 19:24:27','2020-04-03 16:15:35'),(252,'Regan','Kertzmann','M','1987-10-31',NULL,'2016-11-09 00:34:47','2020-04-03 16:21:20'),(253,'Marion','Nader','M','1997-08-08','I must sugar my hair.\" As a duck with its eyelids, so he did,\' said the Mock Turtle drew a long hookah, and taking not the smallest notice of them can explain it,\' said Alice to herself, \'Which way?.','2012-06-20 04:07:23','2020-04-03 16:15:35'),(254,'Daryl','Schaden','F','1984-04-12',NULL,'2017-02-03 23:58:33','2020-04-03 16:21:20'),(255,'Hillary','Kling','F','1988-04-10',NULL,'2014-03-23 13:15:00','2020-04-03 16:21:20'),(256,'Cedrick','Kunze','M','1988-04-07',NULL,'2014-11-18 23:27:23','2020-04-03 16:21:20'),(257,'Evan','Jast','F','1996-03-23',NULL,'2015-11-09 05:44:28','2020-04-03 16:21:20'),(258,'Suzanne','Rohan','F','1996-01-25',NULL,'2013-01-31 18:23:36','2020-04-03 16:21:20'),(259,'Emmitt','Wuckert','F','1991-05-23',NULL,'2016-10-11 19:29:26','2020-04-03 16:21:20'),(260,'Raoul','Keeling','F','1988-06-21',NULL,'2014-07-19 19:18:57','2020-04-03 16:21:20'),(261,'Fabian','Bernier','M','1987-11-26',NULL,'2010-07-05 06:46:18','2020-04-03 16:21:20'),(262,'Elody','Oberbrunner','F','1993-10-24','I\'m NOT a serpent, I tell you!\' But she did so, and were quite dry again, the cook and the sound of a dance is it?\' he said. \'Fifteenth,\' said the Footman, and began an account of the court, by the.','2018-09-03 03:19:29','2020-04-03 16:15:35'),(263,'Gabriel','Fahey','M','1985-02-06','White Rabbit with pink eyes ran close by it, and they lived at the top with its head, it WOULD twist itself round and swam slowly back to the other paw, \'lives a Hatter: and in his sleep, \'that \"I.','2011-03-21 08:06:50','2020-04-03 16:15:35'),(264,'Marguerite','Rutherford','M','1983-10-08',NULL,'2014-07-10 09:00:47','2020-04-03 16:21:20'),(265,'Luigi','Denesik','M','1983-04-06',NULL,'2016-11-14 19:15:39','2020-04-03 16:21:20'),(266,'Jack','Daugherty','M','1984-09-17',NULL,'2010-12-30 15:42:56','2020-04-03 16:21:20'),(267,'Maymie','Mohr','M','1993-07-01',NULL,'2012-10-27 06:07:30','2020-04-03 16:21:20'),(268,'Dereck','Eichmann','M','1993-02-03',NULL,'2014-02-20 18:27:34','2020-04-03 16:21:20'),(269,'Jettie','Daugherty','F','1984-09-13',NULL,'2011-05-18 06:53:12','2020-04-03 16:21:20'),(270,'Easter','Larkin','M','1983-12-08',NULL,'2015-03-31 02:12:15','2020-04-03 16:21:20'),(271,'Lyla','Stehr','F','1985-04-15',NULL,'2019-02-10 21:50:36','2020-04-03 16:21:20'),(272,'Brennan','Prosacco','F','1994-05-07',NULL,'2013-04-24 16:50:43','2020-04-03 16:21:20'),(273,'Randall','Cruickshank','F','1995-08-13','Alice did not like to try the effect: the next witness.\' And he got up in spite of all this time, and was gone across to the Gryphon. \'We can do no more, whatever happens. What WILL become of you? I.','2013-08-02 15:44:50','2020-04-03 16:15:35'),(274,'Virginie','Breitenberg','M','1994-10-08','Alice panted as she went round the court with a kind of serpent, that\'s all the players, except the King, and the White Rabbit put on his slate with one finger, as he spoke, and then hurried on,.','2016-12-11 04:29:45','2020-04-03 16:15:35'),(275,'Madyson','Jenkins','F','1986-09-22',NULL,'2014-07-16 13:20:31','2020-04-03 16:21:20'),(276,'Orion','Stroman','F','1989-01-08',NULL,'2018-02-10 12:47:43','2020-04-03 16:21:20'),(277,'Garry','Lueilwitz','F','1984-08-29','Alice began to tremble. Alice looked at the end of the water, and seemed not to lie down upon her: she gave one sharp kick, and waited to see what was on the ground near the door and went stamping.','2018-12-15 03:27:33','2020-04-03 16:15:35'),(278,'Lavina','Mosciski','F','1995-12-11',NULL,'2011-07-25 08:58:16','2020-04-03 16:21:20'),(279,'Buck','Lakin','F','1985-07-01','Half-past one, time for dinner!\' (\'I only wish it was,\' he said. \'Fifteenth,\' said the Pigeon; \'but if you\'ve seen them so shiny?\' Alice looked down at her hands, and she tried another question..','2014-05-11 08:43:41','2020-04-03 16:15:35'),(280,'Jude','Gottlieb','F','1999-05-06',NULL,'2017-07-11 17:14:18','2020-04-03 16:21:20'),(281,'Merl','Goyette','M','1999-12-24',NULL,'2017-10-13 16:17:24','2020-04-03 16:21:20'),(282,'Maurine','Leannon','F','1981-08-12',NULL,'2015-09-27 10:42:36','2020-04-03 16:21:20'),(283,'Alexandrea','Dach','M','1987-10-19',NULL,'2018-09-19 14:52:09','2020-04-03 16:21:20'),(284,'Pamela','Spinka','M','1993-11-20',NULL,'2015-05-20 18:20:14','2020-04-03 16:21:20'),(285,'Darian','Volkman','M','1985-10-12',NULL,'2014-01-12 16:13:54','2020-04-03 16:21:20'),(286,'Foster','Cummings','M','1986-12-13','Alice soon began talking again. \'Dinah\'ll miss me very much what would be worth the trouble of getting her hands up to her lips. \'I know what you would seem to have got into the court, \'Bring me the.','2018-12-21 09:14:47','2020-04-03 16:15:35'),(287,'Dino','Ritchie','M','1997-02-15','Which shall sing?\' \'Oh, YOU sing,\' said the Dodo, pointing to the door, and tried to get through the wood. \'If it had entirely disappeared; so the King triumphantly, pointing to the door, and tried.','2012-10-04 05:30:45','2020-04-03 16:15:35'),(288,'Alisa','Marquardt','F','1984-07-13',NULL,'2012-12-26 01:33:37','2020-04-03 16:21:20'),(289,'Mack','Gottlieb','M','1990-12-23',NULL,'2016-08-04 10:45:01','2020-04-03 16:21:20'),(290,'Ursula','Schmitt','F','1981-01-13',NULL,'2012-06-09 13:08:15','2020-04-03 16:21:20'),(291,'Rahsaan','Runte','F','1991-12-07',NULL,'2013-03-09 02:01:01','2020-04-03 16:21:20'),(292,'Ludie','Schuppe','F','1996-04-19','How the Owl had the door of the March Hare,) \'--it was at in all their simple sorrows, and find a thing,\' said the King. The White Rabbit blew three blasts on the spot.\' This did not come the same.','2015-11-26 17:14:28','2020-04-03 16:15:35'),(293,'Ismael','O\'Connell','F','1985-06-10',NULL,'2013-12-07 04:11:08','2020-04-03 16:21:20'),(294,'Thelma','Smith','M','1997-12-30',NULL,'2011-07-24 18:56:45','2020-04-03 16:21:20'),(295,'Patricia','Green','M','1993-06-02',NULL,'2017-02-24 17:29:27','2020-04-03 16:21:20'),(296,'Genevieve','Fay','F','1992-10-28','I did: there\'s no use denying it. I suppose it were nine o\'clock in the sky. Twinkle, twinkle--\"\' Here the Queen till she was looking about for a minute or two the Caterpillar decidedly, and he says.','2019-02-26 12:59:46','2020-04-03 16:15:35'),(297,'Antonio','McKenzie','F','1983-08-05',NULL,'2015-08-04 14:55:51','2020-04-03 16:21:20'),(298,'Caitlyn','Schmeler','M','1999-03-06',NULL,'2016-04-11 13:02:51','2020-04-03 16:21:20'),(299,'Elisa','Huel','M','1984-11-17',NULL,'2011-01-14 19:34:10','2020-04-03 16:21:20'),(300,'Alicia','Reynolds','F','1986-07-21',NULL,'2016-07-29 22:45:14','2020-04-03 16:21:20');
/*!40000 ALTER TABLE `users` ENABLE KEYS */;
UNLOCK TABLES;

--
-- Final view structure for view `announcements`
--

/*!50001 DROP VIEW IF EXISTS `announcements`*/;
/*!50001 SET @saved_cs_client          = @@character_set_client */;
/*!50001 SET @saved_cs_results         = @@character_set_results */;
/*!50001 SET @saved_col_connection     = @@collation_connection */;
/*!50001 SET character_set_client      = utf8mb4 */;
/*!50001 SET character_set_results     = utf8mb4 */;
/*!50001 SET collation_connection      = utf8mb4_0900_ai_ci */;
/*!50001 CREATE ALGORITHM=UNDEFINED */
/*!50013 DEFINER=`root`@`localhost` SQL SECURITY DEFINER */
/*!50001 VIEW `announcements` AS select `m`.`release_russia` AS `release_russia`,`m`.`id` AS `id`,`m`.`rus_title` AS `rus_title`,`m`.`title` AS `title`,concat(`n`.`first_name`,' ',`n`.`last_name`) AS `Director`,`m`.`story` AS `story` from ((`movies` `m` join `movies_names` `mn` on((`m`.`id` = `mn`.`movie_id`))) join `names` `n` on((`mn`.`name_id` = `n`.`id`))) where (`mn`.`job_id` = 1) */;
/*!50001 SET character_set_client      = @saved_cs_client */;
/*!50001 SET character_set_results     = @saved_cs_results */;
/*!50001 SET collation_connection      = @saved_col_connection */;

--
-- Final view structure for view `movies_box_offices`
--

/*!50001 DROP VIEW IF EXISTS `movies_box_offices`*/;
/*!50001 SET @saved_cs_client          = @@character_set_client */;
/*!50001 SET @saved_cs_results         = @@character_set_results */;
/*!50001 SET @saved_col_connection     = @@collation_connection */;
/*!50001 SET character_set_client      = utf8mb4 */;
/*!50001 SET character_set_results     = utf8mb4 */;
/*!50001 SET collation_connection      = utf8mb4_0900_ai_ci */;
/*!50001 CREATE ALGORITHM=UNDEFINED */
/*!50013 DEFINER=`root`@`localhost` SQL SECURITY DEFINER */
/*!50001 VIEW `movies_box_offices` AS select distinct `m`.`id` AS `id`,`m`.`rus_title` AS `rus_title`,`m`.`title` AS `title`,`bo`.`date` AS `date`,`bo`.`proceeds` AS `proceeds` from (`box_office` `bo` join `movies` `m` on((`m`.`id` = `bo`.`movie_id`))) */;
/*!50001 SET character_set_client      = @saved_cs_client */;
/*!50001 SET character_set_results     = @saved_cs_results */;
/*!50001 SET collation_connection      = @saved_col_connection */;
/*!40103 SET TIME_ZONE=@OLD_TIME_ZONE */;

/*!40101 SET SQL_MODE=@OLD_SQL_MODE */;
/*!40014 SET FOREIGN_KEY_CHECKS=@OLD_FOREIGN_KEY_CHECKS */;
/*!40014 SET UNIQUE_CHECKS=@OLD_UNIQUE_CHECKS */;
/*!40101 SET CHARACTER_SET_CLIENT=@OLD_CHARACTER_SET_CLIENT */;
/*!40101 SET CHARACTER_SET_RESULTS=@OLD_CHARACTER_SET_RESULTS */;
/*!40101 SET COLLATION_CONNECTION=@OLD_COLLATION_CONNECTION */;
/*!40111 SET SQL_NOTES=@OLD_SQL_NOTES */;

-- Dump completed on 2020-04-08  0:32:11
